"source_url","disposition","target_url","reason"
"/client-action-plan","REDIRECT_301","/plan","canonical product path"
"/guides/radon-fan-noise-troubleshooting","REDIRECT_301","/guides/radon-fan-noise","same intent and safer replacement"
"/radon-levels/alabama","GONE_410","","state hub retired"
"/radon-levels/alabama/autauga-county","GONE_410","","no unique search evidence in controlled cohort"
"/radon-levels/alabama/baldwin-county","GONE_410","","no unique search evidence in controlled cohort"
"/radon-levels/alabama/barbour-county","GONE_410","","no unique search evidence in controlled cohort"
"/radon-levels/alabama/bibb-county","GONE_410","","no unique search evidence in controlled cohort"
"/radon-levels/alabama/blount-county","GONE_410","","no unique search evidence in controlled cohort"
"/radon-levels/alabama/bullock-county","GONE_410","","no unique search evidence in controlled cohort"
"/radon-levels/alabama/butler-county","GONE_410","","no unique search evidence in controlled cohort"
"/radon-levels/alabama/calhoun-county","GONE_410","","no unique search evidence in controlled cohort"
"/radon-levels/alabama/chambers-county","GONE_410","","no unique search evidence in controlled cohort"
"/radon-levels/alabama/cherokee-county","GONE_410","","no unique search evidence in controlled cohort"
"/radon-levels/alabama/chilton-county","GONE_410","","no unique search evidence in controlled cohort"
"/radon-levels/alabama/choctaw-county","GONE_410","","no unique search evidence in controlled cohort"
"/radon-levels/alabama/clarke-county","GONE_410","","no unique search evidence in controlled cohort"
"/radon-levels/alabama/clay-county","GONE_410","","no unique search evidence in controlled cohort"
"/radon-levels/alabama/cleburne-county","GONE_410","","no unique search evidence in controlled cohort"
"/radon-levels/alabama/coffee-county","GONE_410","","no unique search evidence in controlled cohort"
"/radon-levels/alabama/colbert-county","GONE_410","","no unique search evidence in controlled cohort"
"/radon-levels/alabama/conecuh-county","GONE_410","","no unique search evidence in controlled cohort"
"/radon-levels/alabama/coosa-county","GONE_410","","no unique search evidence in controlled cohort"
"/radon-levels/alabama/covington-county","GONE_410","","no unique search evidence in controlled cohort"
"/radon-levels/alabama/crenshaw-county","GONE_410","","no unique search evidence in controlled cohort"
"/radon-levels/alabama/cullman-county","GONE_410","","no unique search evidence in controlled cohort"
"/radon-levels/alabama/dale-county","GONE_410","","no unique search evidence in controlled cohort"
"/radon-levels/alabama/dallas-county","GONE_410","","no unique search evidence in controlled cohort"
"/radon-levels/alabama/dekalb-county","GONE_410","","no unique search evidence in controlled cohort"
"/radon-levels/alabama/elmore-county","GONE_410","","no unique search evidence in controlled cohort"
"/radon-levels/alabama/escambia-county","GONE_410","","no unique search evidence in controlled cohort"
"/radon-levels/alabama/etowah-county","GONE_410","","no unique search evidence in controlled cohort"
"/radon-levels/alabama/fayette-county","GONE_410","","no unique search evidence in controlled cohort"
"/radon-levels/alabama/franklin-county","GONE_410","","no unique search evidence in controlled cohort"
"/radon-levels/alabama/geneva-county","GONE_410","","no unique search evidence in controlled cohort"
"/radon-levels/alabama/greene-county","GONE_410","","no unique search evidence in controlled cohort"
"/radon-levels/alabama/hale-county","GONE_410","","no unique search evidence in controlled cohort"
"/radon-levels/alabama/henry-county","GONE_410","","no unique search evidence in controlled cohort"
"/radon-levels/alabama/houston-county","GONE_410","","no unique search evidence in controlled cohort"
"/radon-levels/alabama/jackson-county","GONE_410","","no unique search evidence in controlled cohort"
"/radon-levels/alabama/jefferson-county","GONE_410","","no unique search evidence in controlled cohort"
"/radon-levels/alabama/lamar-county","GONE_410","","no unique search evidence in controlled cohort"
"/radon-levels/alabama/lauderdale-county","GONE_410","","no unique search evidence in controlled cohort"
"/radon-levels/alabama/lawrence-county","GONE_410","","no unique search evidence in controlled cohort"
"/radon-levels/alabama/lee-county","GONE_410","","no unique search evidence in controlled cohort"
"/radon-levels/alabama/limestone-county","GONE_410","","no unique search evidence in controlled cohort"
"/radon-levels/alabama/lowndes-county","GONE_410","","no unique search evidence in controlled cohort"
"/radon-levels/alabama/macon-county","GONE_410","","no unique search evidence in controlled cohort"
"/radon-levels/alabama/madison-county","GONE_410","","no unique search evidence in controlled cohort"
"/radon-levels/alabama/marengo-county","GONE_410","","no unique search evidence in controlled cohort"
"/radon-levels/alabama/marion-county","GONE_410","","no unique search evidence in controlled cohort"
"/radon-levels/alabama/marshall-county","GONE_410","","no unique search evidence in controlled cohort"
"/radon-levels/alabama/mobile-county","GONE_410","","no unique search evidence in controlled cohort"
"/radon-levels/alabama/monroe-county","GONE_410","","no unique search evidence in controlled cohort"
"/radon-levels/alabama/montgomery-county","GONE_410","","no unique search evidence in controlled cohort"
"/radon-levels/alabama/morgan-county","GONE_410","","no unique search evidence in controlled cohort"
"/radon-levels/alabama/perry-county","GONE_410","","no unique search evidence in controlled cohort"
"/radon-levels/alabama/pickens-county","GONE_410","","no unique search evidence in controlled cohort"
"/radon-levels/alabama/pike-county","GONE_410","","no unique search evidence in controlled cohort"
"/radon-levels/alabama/randolph-county","GONE_410","","no unique search evidence in controlled cohort"
"/radon-levels/alabama/russell-county","GONE_410","","no unique search evidence in controlled cohort"
"/radon-levels/alabama/shelby-county","GONE_410","","no unique search evidence in controlled cohort"
"/radon-levels/alabama/st-clair-county","GONE_410","","no unique search evidence in controlled cohort"
"/radon-levels/alabama/sumter-county","GONE_410","","no unique search evidence in controlled cohort"
"/radon-levels/alabama/talladega-county","GONE_410","","no unique search evidence in controlled cohort"
"/radon-levels/alabama/tallapoosa-county","GONE_410","","no unique search evidence in controlled cohort"
"/radon-levels/alabama/tuscaloosa-county","GONE_410","","no unique search evidence in controlled cohort"
"/radon-levels/alabama/walker-county","GONE_410","","no unique search evidence in controlled cohort"
"/radon-levels/alabama/washington-county","GONE_410","","no unique search evidence in controlled cohort"
"/radon-levels/alabama/wilcox-county","GONE_410","","no unique search evidence in controlled cohort"
"/radon-levels/alabama/winston-county","GONE_410","","no unique search evidence in controlled cohort"
"/radon-levels/alaska","GONE_410","","state hub retired"
"/radon-levels/alaska/aleutians-east-borough","GONE_410","","no unique search evidence in controlled cohort"
"/radon-levels/alaska/aleutians-west-census-area","GONE_410","","no unique search evidence in controlled cohort"
"/radon-levels/alaska/anchorage-municipality","GONE_410","","no unique search evidence in controlled cohort"
"/radon-levels/alaska/bethel-census-area","GONE_410","","no unique search evidence in controlled cohort"
"/radon-levels/alaska/bristol-bay-borough","GONE_410","","no unique search evidence in controlled cohort"
"/radon-levels/alaska/denali-borough","GONE_410","","no unique search evidence in controlled cohort"
"/radon-levels/alaska/dillingham-census-area","GONE_410","","no unique search evidence in controlled cohort"
"/radon-levels/alaska/fairbanks-north-star-borough","GONE_410","","no unique search evidence in controlled cohort"
"/radon-levels/alaska/haines-borough","GONE_410","","no unique search evidence in controlled cohort"
"/radon-levels/alaska/hoonah-angoon-census-area","GONE_410","","no unique search evidence in controlled cohort"
"/radon-levels/alaska/juneau-city-and-borough","GONE_410","","no unique search evidence in controlled cohort"
"/radon-levels/alaska/kenai-peninsula-borough","GONE_410","","no unique search evidence in controlled cohort"
"/radon-levels/alaska/ketchikan-gateway-borough","GONE_410","","no unique search evidence in controlled cohort"
"/radon-levels/alaska/kodiak-island-borough","GONE_410","","no unique search evidence in controlled cohort"
"/radon-levels/alaska/lake-and-peninsula-borough","GONE_410","","no unique search evidence in controlled cohort"
"/radon-levels/alaska/matanuska-susitna-borough","GONE_410","","no unique search evidence in controlled cohort"
"/radon-levels/alaska/nome-census-area","GONE_410","","no unique search evidence in controlled cohort"
"/radon-levels/alaska/north-slope-borough","GONE_410","","no unique search evidence in controlled cohort"
"/radon-levels/alaska/northwest-arctic-borough","GONE_410","","no unique search evidence in controlled cohort"
"/radon-levels/alaska/petersburg-census-area","GONE_410","","no unique search evidence in controlled cohort"
"/radon-levels/alaska/prince-of-wales-hyder-census-area","GONE_410","","no unique search evidence in controlled cohort"
"/radon-levels/alaska/sitka-city-and-borough","GONE_410","","no unique search evidence in controlled cohort"
"/radon-levels/alaska/skagway-municipality","GONE_410","","no unique search evidence in controlled cohort"
"/radon-levels/alaska/southeast-fairbanks-census-area","GONE_410","","no unique search evidence in controlled cohort"
"/radon-levels/alaska/valdez-cordova-census-area","GONE_410","","no unique search evidence in controlled cohort"
"/radon-levels/alaska/wade-hampton-census-area","GONE_410","","no unique search evidence in controlled cohort"
"/radon-levels/alaska/wrangell-city-and-borough","GONE_410","","no unique search evidence in controlled cohort"
"/radon-levels/alaska/yakutat-city-and-borough","GONE_410","","no unique search evidence in controlled cohort"
"/radon-levels/alaska/yukon-koyukuk-census-area","GONE_410","","no unique search evidence in controlled cohort"
"/radon-levels/american-samoa","GONE_410","","state hub retired"
"/radon-levels/american-samoa/eastern-district","GONE_410","","no unique search evidence in controlled cohort"
"/radon-levels/american-samoa/manua-district","GONE_410","","no unique search evidence in controlled cohort"
"/radon-levels/american-samoa/rose-island","GONE_410","","no unique search evidence in controlled cohort"
"/radon-levels/american-samoa/swains-island","GONE_410","","no unique search evidence in controlled cohort"
"/radon-levels/american-samoa/western-district","GONE_410","","no unique search evidence in controlled cohort"
"/radon-levels/arizona","GONE_410","","state hub retired"
"/radon-levels/arizona/apache-county","GONE_410","","no unique search evidence in controlled cohort"
"/radon-levels/arizona/cochise-county","GONE_410","","no unique search evidence in controlled cohort"
"/radon-levels/arizona/coconino-county","GONE_410","","no unique search evidence in controlled cohort"
"/radon-levels/arizona/gila-county","GONE_410","","no unique search evidence in controlled cohort"
"/radon-levels/arizona/graham-county","GONE_410","","no unique search evidence in controlled cohort"
"/radon-levels/arizona/greenlee-county","GONE_410","","no unique search evidence in controlled cohort"
"/radon-levels/arizona/la-paz-county","GONE_410","","no unique search evidence in controlled cohort"
"/radon-levels/arizona/maricopa-county","GONE_410","","no unique search evidence in controlled cohort"
"/radon-levels/arizona/mohave-county","GONE_410","","no unique search evidence in controlled cohort"
"/radon-levels/arizona/navajo-county","GONE_410","","no unique search evidence in controlled cohort"
"/radon-levels/arizona/pima-county","GONE_410","","no unique search evidence in controlled cohort"
"/radon-levels/arizona/pinal-county","GONE_410","","no unique search evidence in controlled cohort"
"/radon-levels/arizona/santa-cruz-county","GONE_410","","no unique search evidence in controlled cohort"
"/radon-levels/arizona/yavapai-county","GONE_410","","no unique search evidence in controlled cohort"
"/radon-levels/arizona/yuma-county","GONE_410","","no unique search evidence in controlled cohort"
"/radon-levels/arkansas","GONE_410","","state hub retired"
"/radon-levels/arkansas/arkansas-county","GONE_410","","no unique search evidence in controlled cohort"
"/radon-levels/arkansas/ashley-county","GONE_410","","no unique search evidence in controlled cohort"
"/radon-levels/arkansas/baxter-county","GONE_410","","no unique search evidence in controlled cohort"
"/radon-levels/arkansas/benton-county","GONE_410","","no unique search evidence in controlled cohort"
"/radon-levels/arkansas/boone-county","GONE_410","","no unique search evidence in controlled cohort"
"/radon-levels/arkansas/bradley-county","GONE_410","","no unique search evidence in controlled cohort"
"/radon-levels/arkansas/calhoun-county","GONE_410","","no unique search evidence in controlled cohort"
"/radon-levels/arkansas/carroll-county","GONE_410","","no unique search evidence in controlled cohort"
"/radon-levels/arkansas/chicot-county","GONE_410","","no unique search evidence in controlled cohort"
"/radon-levels/arkansas/clark-county","GONE_410","","no unique search evidence in controlled cohort"
"/radon-levels/arkansas/clay-county","GONE_410","","no unique search evidence in controlled cohort"
"/radon-levels/arkansas/cleburne-county","GONE_410","","no unique search evidence in controlled cohort"
"/radon-levels/arkansas/cleveland-county","GONE_410","","no unique search evidence in controlled cohort"
"/radon-levels/arkansas/columbia-county","GONE_410","","no unique search evidence in controlled cohort"
"/radon-levels/arkansas/conway-county","GONE_410","","no unique search evidence in controlled cohort"
"/radon-levels/arkansas/craighead-county","GONE_410","","no unique search evidence in controlled cohort"
"/radon-levels/arkansas/crawford-county","GONE_410","","no unique search evidence in controlled cohort"
"/radon-levels/arkansas/crittenden-county","GONE_410","","no unique search evidence in controlled cohort"
"/radon-levels/arkansas/cross-county","GONE_410","","no unique search evidence in controlled cohort"
"/radon-levels/arkansas/dallas-county","GONE_410","","no unique search evidence in controlled cohort"
"/radon-levels/arkansas/desha-county","GONE_410","","no unique search evidence in controlled cohort"
"/radon-levels/arkansas/drew-county","GONE_410","","no unique search evidence in controlled cohort"
"/radon-levels/arkansas/faulkner-county","GONE_410","","no unique search evidence in controlled cohort"
"/radon-levels/arkansas/franklin-county","GONE_410","","no unique search evidence in controlled cohort"
"/radon-levels/arkansas/fulton-county","GONE_410","","no unique search evidence in controlled cohort"
"/radon-levels/arkansas/garland-county","GONE_410","","no unique search evidence in controlled cohort"
"/radon-levels/arkansas/grant-county","GONE_410","","no unique search evidence in controlled cohort"
"/radon-levels/arkansas/greene-county","GONE_410","","no unique search evidence in controlled cohort"
"/radon-levels/arkansas/hempstead-county","GONE_410","","no unique search evidence in controlled cohort"
"/radon-levels/arkansas/hot-spring-county","GONE_410","","no unique search evidence in controlled cohort"
"/radon-levels/arkansas/howard-county","GONE_410","","no unique search evidence in controlled cohort"
"/radon-levels/arkansas/independence-county","GONE_410","","no unique search evidence in controlled cohort"
"/radon-levels/arkansas/izard-county","GONE_410","","no unique search evidence in controlled cohort"
"/radon-levels/arkansas/jackson-county","GONE_410","","no unique search evidence in controlled cohort"
"/radon-levels/arkansas/jefferson-county","GONE_410","","no unique search evidence in controlled cohort"
"/radon-levels/arkansas/johnson-county","GONE_410","","no unique search evidence in controlled cohort"
"/radon-levels/arkansas/lafayette-county","GONE_410","","no unique search evidence in controlled cohort"
"/radon-levels/arkansas/lawrence-county","GONE_410","","no unique search evidence in controlled cohort"
"/radon-levels/arkansas/lee-county","GONE_410","","no unique search evidence in controlled cohort"
"/radon-levels/arkansas/lincoln-county","GONE_410","","no unique search evidence in controlled cohort"
"/radon-levels/arkansas/little-river-county","GONE_410","","no unique search evidence in controlled cohort"
"/radon-levels/arkansas/logan-county","GONE_410","","no unique search evidence in controlled cohort"
"/radon-levels/arkansas/lonoke-county","GONE_410","","no unique search evidence in controlled cohort"
"/radon-levels/arkansas/madison-county","GONE_410","","no unique search evidence in controlled cohort"
"/radon-levels/arkansas/marion-county","GONE_410","","no unique search evidence in controlled cohort"
"/radon-levels/arkansas/miller-county","GONE_410","","no unique search evidence in controlled cohort"
"/radon-levels/arkansas/mississippi-county","GONE_410","","no unique search evidence in controlled cohort"
"/radon-levels/arkansas/monroe-county","GONE_410","","no unique search evidence in controlled cohort"
"/radon-levels/arkansas/montgomery-county","GONE_410","","no unique search evidence in controlled cohort"
"/radon-levels/arkansas/nevada-county","GONE_410","","no unique search evidence in controlled cohort"
"/radon-levels/arkansas/newton-county","GONE_410","","no unique search evidence in controlled cohort"
"/radon-levels/arkansas/ouachita-county","GONE_410","","no unique search evidence in controlled cohort"
"/radon-levels/arkansas/perry-county","GONE_410","","no unique search evidence in controlled cohort"
"/radon-levels/arkansas/phillips-county","GONE_410","","no unique search evidence in controlled cohort"
"/radon-levels/arkansas/pike-county","GONE_410","","no unique search evidence in controlled cohort"
"/radon-levels/arkansas/poinsett-county","GONE_410","","no unique search evidence in controlled cohort"
"/radon-levels/arkansas/polk-county","GONE_410","","no unique search evidence in controlled cohort"
"/radon-levels/arkansas/pope-county","GONE_410","","no unique search evidence in controlled cohort"
"/radon-levels/arkansas/prairie-county","GONE_410","","no unique search evidence in controlled cohort"
"/radon-levels/arkansas/pulaski-county","GONE_410","","no unique search evidence in controlled cohort"
"/radon-levels/arkansas/randolph-county","GONE_410","","no unique search evidence in controlled cohort"
"/radon-levels/arkansas/saline-county","GONE_410","","no unique search evidence in controlled cohort"
"/radon-levels/arkansas/scott-county","GONE_410","","no unique search evidence in controlled cohort"
"/radon-levels/arkansas/searcy-county","GONE_410","","no unique search evidence in controlled cohort"
"/radon-levels/arkansas/sebastian-county","GONE_410","","no unique search evidence in controlled cohort"
"/radon-levels/arkansas/sevier-county","GONE_410","","no unique search evidence in controlled cohort"
"/radon-levels/arkansas/sharp-county","GONE_410","","no unique search evidence in controlled cohort"
"/radon-levels/arkansas/st-francis-county","GONE_410","","no unique search evidence in controlled cohort"
"/radon-levels/arkansas/stone-county","GONE_410","","no unique search evidence in controlled cohort"
"/radon-levels/arkansas/union-county","GONE_410","","no unique search evidence in controlled cohort"
"/radon-levels/arkansas/van-buren-county","GONE_410","","no unique search evidence in controlled cohort"
"/radon-levels/arkansas/washington-county","GONE_410","","no unique search evidence in controlled cohort"
"/radon-levels/arkansas/white-county","GONE_410","","no unique search evidence in controlled cohort"
"/radon-levels/arkansas/woodruff-county","GONE_410","","no unique search evidence in controlled cohort"
"/radon-levels/arkansas/yell-county","GONE_410","","no unique search evidence in controlled cohort"
"/radon-levels/california","GONE_410","","state hub retired"
"/radon-levels/california/alameda-county","GONE_410","","no unique search evidence in controlled cohort"
"/radon-levels/california/alpine-county","GONE_410","","no unique search evidence in controlled cohort"
"/radon-levels/california/amador-county","GONE_410","","no unique search evidence in controlled cohort"
"/radon-levels/california/butte-county","GONE_410","","no unique search evidence in controlled cohort"
"/radon-levels/california/calaveras-county","GONE_410","","no unique search evidence in controlled cohort"
"/radon-levels/california/colusa-county","GONE_410","","no unique search evidence in controlled cohort"
"/radon-levels/california/contra-costa-county","GONE_410","","no unique search evidence in controlled cohort"
"/radon-levels/california/del-norte-county","GONE_410","","no unique search evidence in controlled cohort"
"/radon-levels/california/el-dorado-county","GONE_410","","no unique search evidence in controlled cohort"
"/radon-levels/california/fresno-county","GONE_410","","no unique search evidence in controlled cohort"
"/radon-levels/california/glenn-county","GONE_410","","no unique search evidence in controlled cohort"
"/radon-levels/california/humboldt-county","GONE_410","","no unique search evidence in controlled cohort"
"/radon-levels/california/imperial-county","GONE_410","","no unique search evidence in controlled cohort"
"/radon-levels/california/inyo-county","GONE_410","","no unique search evidence in controlled cohort"
"/radon-levels/california/kern-county","GONE_410","","no unique search evidence in controlled cohort"
"/radon-levels/california/kings-county","GONE_410","","no unique search evidence in controlled cohort"
"/radon-levels/california/lake-county","GONE_410","","no unique search evidence in controlled cohort"
"/radon-levels/california/lassen-county","GONE_410","","no unique search evidence in controlled cohort"
"/radon-levels/california/los-angeles-county","KEEP_200","/radon-levels/california/los-angeles-county","controlled evidence cohort"
"/radon-levels/california/madera-county","GONE_410","","no unique search evidence in controlled cohort"
"/radon-levels/california/marin-county","GONE_410","","no unique search evidence in controlled cohort"
"/radon-levels/california/mariposa-county","GONE_410","","no unique search evidence in controlled cohort"
"/radon-levels/california/mendocino-county","GONE_410","","no unique search evidence in controlled cohort"
"/radon-levels/california/merced-county","GONE_410","","no unique search evidence in controlled cohort"
"/radon-levels/california/modoc-county","GONE_410","","no unique search evidence in controlled cohort"
"/radon-levels/california/mono-county","GONE_410","","no unique search evidence in controlled cohort"
"/radon-levels/california/monterey-county","GONE_410","","no unique search evidence in controlled cohort"
"/radon-levels/california/napa-county","GONE_410","","no unique search evidence in controlled cohort"
"/radon-levels/california/nevada-county","GONE_410","","no unique search evidence in controlled cohort"
"/radon-levels/california/orange-county","GONE_410","","no unique search evidence in controlled cohort"
"/radon-levels/california/placer-county","GONE_410","","no unique search evidence in controlled cohort"
"/radon-levels/california/plumas-county","GONE_410","","no unique search evidence in controlled cohort"
"/radon-levels/california/riverside-county","GONE_410","","no unique search evidence in controlled cohort"
"/radon-levels/california/sacramento-county","GONE_410","","no unique search evidence in controlled cohort"
"/radon-levels/california/san-benito-county","GONE_410","","no unique search evidence in controlled cohort"
"/radon-levels/california/san-bernardino-county","GONE_410","","no unique search evidence in controlled cohort"
"/radon-levels/california/san-diego-county","GONE_410","","no unique search evidence in controlled cohort"
"/radon-levels/california/san-francisco-county","GONE_410","","no unique search evidence in controlled cohort"
"/radon-levels/california/san-joaquin-county","GONE_410","","no unique search evidence in controlled cohort"
"/radon-levels/california/san-luis-obispo-county","GONE_410","","no unique search evidence in controlled cohort"
"/radon-levels/california/san-mateo-county","GONE_410","","no unique search evidence in controlled cohort"
"/radon-levels/california/santa-barbara-county","GONE_410","","no unique search evidence in controlled cohort"
"/radon-levels/california/santa-clara-county","GONE_410","","no unique search evidence in controlled cohort"
"/radon-levels/california/santa-cruz-county","GONE_410","","no unique search evidence in controlled cohort"
"/radon-levels/california/shasta-county","GONE_410","","no unique search evidence in controlled cohort"
"/radon-levels/california/sierra-county","GONE_410","","no unique search evidence in controlled cohort"
"/radon-levels/california/siskiyou-county","GONE_410","","no unique search evidence in controlled cohort"
"/radon-levels/california/solano-county","GONE_410","","no unique search evidence in controlled cohort"
"/radon-levels/california/sonoma-county","GONE_410","","no unique search evidence in controlled cohort"
"/radon-levels/california/stanislaus-county","GONE_410","","no unique search evidence in controlled cohort"
"/radon-levels/california/sutter-county","GONE_410","","no unique search evidence in controlled cohort"
"/radon-levels/california/tehama-county","GONE_410","","no unique search evidence in controlled cohort"
"/radon-levels/california/trinity-county","GONE_410","","no unique search evidence in controlled cohort"
"/radon-levels/california/tulare-county","GONE_410","","no unique search evidence in controlled cohort"
"/radon-levels/california/tuolumne-county","GONE_410","","no unique search evidence in controlled cohort"
"/radon-levels/california/ventura-county","GONE_410","","no unique search evidence in controlled cohort"
"/radon-levels/california/yolo-county","GONE_410","","no unique search evidence in controlled cohort"
"/radon-levels/california/yuba-county","GONE_410","","no unique search evidence in controlled cohort"
"/radon-levels/colorado","GONE_410","","state hub retired"
"/radon-levels/colorado/adams-county","GONE_410","","no unique search evidence in controlled cohort"
"/radon-levels/colorado/alamosa-county","GONE_410","","no unique search evidence in controlled cohort"
"/radon-levels/colorado/arapahoe-county","GONE_410","","no unique search evidence in controlled cohort"
"/radon-levels/colorado/archuleta-county","GONE_410","","no unique search evidence in controlled cohort"
"/radon-levels/colorado/baca-county","GONE_410","","no unique search evidence in controlled cohort"
"/radon-levels/colorado/bent-county","GONE_410","","no unique search evidence in controlled cohort"
"/radon-levels/colorado/boulder-county","GONE_410","","no unique search evidence in controlled cohort"
"/radon-levels/colorado/broomfield-county","KEEP_200","/radon-levels/colorado/broomfield-county","controlled evidence cohort"
"/radon-levels/colorado/chaffee-county","GONE_410","","no unique search evidence in controlled cohort"
"/radon-levels/colorado/cheyenne-county","GONE_410","","no unique search evidence in controlled cohort"
"/radon-levels/colorado/clear-creek-county","GONE_410","","no unique search evidence in controlled cohort"
"/radon-levels/colorado/conejos-county","GONE_410","","no unique search evidence in controlled cohort"
"/radon-levels/colorado/costilla-county","GONE_410","","no unique search evidence in controlled cohort"
"/radon-levels/colorado/crowley-county","GONE_410","","no unique search evidence in controlled cohort"
"/radon-levels/colorado/custer-county","GONE_410","","no unique search evidence in controlled cohort"
"/radon-levels/colorado/delta-county","GONE_410","","no unique search evidence in controlled cohort"
"/radon-levels/colorado/denver-county","GONE_410","","no unique search evidence in controlled cohort"
"/radon-levels/colorado/dolores-county","GONE_410","","no unique search evidence in controlled cohort"
"/radon-levels/colorado/douglas-county","GONE_410","","no unique search evidence in controlled cohort"
"/radon-levels/colorado/eagle-county","GONE_410","","no unique search evidence in controlled cohort"
"/radon-levels/colorado/el-paso-county","GONE_410","","no unique search evidence in controlled cohort"
"/radon-levels/colorado/elbert-county","GONE_410","","no unique search evidence in controlled cohort"
"/radon-levels/colorado/fremont-county","GONE_410","","no unique search evidence in controlled cohort"
"/radon-levels/colorado/garfield-county","GONE_410","","no unique search evidence in controlled cohort"
"/radon-levels/colorado/gilpin-county","GONE_410","","no unique search evidence in controlled cohort"
"/radon-levels/colorado/grand-county","GONE_410","","no unique search evidence in controlled cohort"
"/radon-levels/colorado/gunnison-county","GONE_410","","no unique search evidence in controlled cohort"
"/radon-levels/colorado/hinsdale-county","GONE_410","","no unique search evidence in controlled cohort"
"/radon-levels/colorado/huerfano-county","GONE_410","","no unique search evidence in controlled cohort"
"/radon-levels/colorado/jackson-county","GONE_410","","no unique search evidence in controlled cohort"
"/radon-levels/colorado/jefferson-county","GONE_410","","no unique search evidence in controlled cohort"
"/radon-levels/colorado/kiowa-county","GONE_410","","no unique search evidence in controlled cohort"
"/radon-levels/colorado/kit-carson-county","GONE_410","","no unique search evidence in controlled cohort"
"/radon-levels/colorado/la-plata-county","GONE_410","","no unique search evidence in controlled cohort"
"/radon-levels/colorado/lake-county","GONE_410","","no unique search evidence in controlled cohort"
"/radon-levels/colorado/larimer-county","GONE_410","","no unique search evidence in controlled cohort"
"/radon-levels/colorado/las-animas-county","GONE_410","","no unique search evidence in controlled cohort"
"/radon-levels/colorado/lincoln-county","GONE_410","","no unique search evidence in controlled cohort"
"/radon-levels/colorado/logan-county","GONE_410","","no unique search evidence in controlled cohort"
"/radon-levels/colorado/mesa-county","GONE_410","","no unique search evidence in controlled cohort"
"/radon-levels/colorado/mineral-county","GONE_410","","no unique search evidence in controlled cohort"
"/radon-levels/colorado/moffat-county","GONE_410","","no unique search evidence in controlled cohort"
"/radon-levels/colorado/montezuma-county","GONE_410","","no unique search evidence in controlled cohort"
"/radon-levels/colorado/montrose-county","GONE_410","","no unique search evidence in controlled cohort"
"/radon-levels/colorado/morgan-county","GONE_410","","no unique search evidence in controlled cohort"
"/radon-levels/colorado/otero-county","GONE_410","","no unique search evidence in controlled cohort"
"/radon-levels/colorado/ouray-county","GONE_410","","no unique search evidence in controlled cohort"
"/radon-levels/colorado/park-county","GONE_410","","no unique search evidence in controlled cohort"
"/radon-levels/colorado/phillips-county","GONE_410","","no unique search evidence in controlled cohort"
"/radon-levels/colorado/pitkin-county","GONE_410","","no unique search evidence in controlled cohort"
"/radon-levels/colorado/prowers-county","GONE_410","","no unique search evidence in controlled cohort"
"/radon-levels/colorado/pueblo-county","GONE_410","","no unique search evidence in controlled cohort"
"/radon-levels/colorado/rio-blanco-county","GONE_410","","no unique search evidence in controlled cohort"
"/radon-levels/colorado/rio-grande-county","GONE_410","","no unique search evidence in controlled cohort"
"/radon-levels/colorado/routt-county","GONE_410","","no unique search evidence in controlled cohort"
"/radon-levels/colorado/saguache-county","GONE_410","","no unique search evidence in controlled cohort"
"/radon-levels/colorado/san-juan-county","GONE_410","","no unique search evidence in controlled cohort"
"/radon-levels/colorado/san-miguel-county","GONE_410","","no unique search evidence in controlled cohort"
"/radon-levels/colorado/sedgwick-county","GONE_410","","no unique search evidence in controlled cohort"
"/radon-levels/colorado/summit-county","GONE_410","","no unique search evidence in controlled cohort"
"/radon-levels/colorado/teller-county","GONE_410","","no unique search evidence in controlled cohort"
"/radon-levels/colorado/washington-county","GONE_410","","no unique search evidence in controlled cohort"
"/radon-levels/colorado/weld-county","GONE_410","","no unique search evidence in controlled cohort"
"/radon-levels/colorado/yuma-county","GONE_410","","no unique search evidence in controlled cohort"
"/radon-levels/connecticut","GONE_410","","state hub retired"
"/radon-levels/connecticut/fairfield-county","GONE_410","","no unique search evidence in controlled cohort"
"/radon-levels/connecticut/hartford-county","GONE_410","","no unique search evidence in controlled cohort"
"/radon-levels/connecticut/litchfield-county","GONE_410","","no unique search evidence in controlled cohort"
"/radon-levels/connecticut/middlesex-county","GONE_410","","no unique search evidence in controlled cohort"
"/radon-levels/connecticut/new-haven-county","GONE_410","","no unique search evidence in controlled cohort"
"/radon-levels/connecticut/new-london-county","GONE_410","","no unique search evidence in controlled cohort"
"/radon-levels/connecticut/tolland-county","GONE_410","","no unique search evidence in controlled cohort"
"/radon-levels/connecticut/windham-county","GONE_410","","no unique search evidence in controlled cohort"
"/radon-levels/delaware","GONE_410","","state hub retired"
"/radon-levels/delaware/kent-county","GONE_410","","no unique search evidence in controlled cohort"
"/radon-levels/delaware/new-castle-county","GONE_410","","no unique search evidence in controlled cohort"
"/radon-levels/delaware/sussex-county","GONE_410","","no unique search evidence in controlled cohort"
"/radon-levels/district-of-columbia","GONE_410","","state hub retired"
"/radon-levels/district-of-columbia/district-of-columbia","GONE_410","","no unique search evidence in controlled cohort"
"/radon-levels/florida","GONE_410","","state hub retired"
"/radon-levels/florida/alachua-county","GONE_410","","no unique search evidence in controlled cohort"
"/radon-levels/florida/baker-county","GONE_410","","no unique search evidence in controlled cohort"
"/radon-levels/florida/bay-county","GONE_410","","no unique search evidence in controlled cohort"
"/radon-levels/florida/bradford-county","GONE_410","","no unique search evidence in controlled cohort"
"/radon-levels/florida/brevard-county","GONE_410","","no unique search evidence in controlled cohort"
"/radon-levels/florida/broward-county","GONE_410","","no unique search evidence in controlled cohort"
"/radon-levels/florida/calhoun-county","GONE_410","","no unique search evidence in controlled cohort"
"/radon-levels/florida/charlotte-county","GONE_410","","no unique search evidence in controlled cohort"
"/radon-levels/florida/citrus-county","GONE_410","","no unique search evidence in controlled cohort"
"/radon-levels/florida/clay-county","GONE_410","","no unique search evidence in controlled cohort"
"/radon-levels/florida/collier-county","GONE_410","","no unique search evidence in controlled cohort"
"/radon-levels/florida/columbia-county","GONE_410","","no unique search evidence in controlled cohort"
"/radon-levels/florida/desoto-county","GONE_410","","no unique search evidence in controlled cohort"
"/radon-levels/florida/dixie-county","GONE_410","","no unique search evidence in controlled cohort"
"/radon-levels/florida/duval-county","GONE_410","","no unique search evidence in controlled cohort"
"/radon-levels/florida/escambia-county","GONE_410","","no unique search evidence in controlled cohort"
"/radon-levels/florida/flagler-county","GONE_410","","no unique search evidence in controlled cohort"
"/radon-levels/florida/franklin-county","GONE_410","","no unique search evidence in controlled cohort"
"/radon-levels/florida/gadsden-county","GONE_410","","no unique search evidence in controlled cohort"
"/radon-levels/florida/gilchrist-county","GONE_410","","no unique search evidence in controlled cohort"
"/radon-levels/florida/glades-county","GONE_410","","no unique search evidence in controlled cohort"
"/radon-levels/florida/gulf-county","GONE_410","","no unique search evidence in controlled cohort"
"/radon-levels/florida/hamilton-county","GONE_410","","no unique search evidence in controlled cohort"
"/radon-levels/florida/hardee-county","GONE_410","","no unique search evidence in controlled cohort"
"/radon-levels/florida/hendry-county","GONE_410","","no unique search evidence in controlled cohort"
"/radon-levels/florida/hernando-county","GONE_410","","no unique search evidence in controlled cohort"
"/radon-levels/florida/highlands-county","GONE_410","","no unique search evidence in controlled cohort"
"/radon-levels/florida/hillsborough-county","GONE_410","","no unique search evidence in controlled cohort"
"/radon-levels/florida/holmes-county","GONE_410","","no unique search evidence in controlled cohort"
"/radon-levels/florida/indian-river-county","GONE_410","","no unique search evidence in controlled cohort"
"/radon-levels/florida/jackson-county","GONE_410","","no unique search evidence in controlled cohort"
"/radon-levels/florida/jefferson-county","GONE_410","","no unique search evidence in controlled cohort"
"/radon-levels/florida/lafayette-county","GONE_410","","no unique search evidence in controlled cohort"
"/radon-levels/florida/lake-county","GONE_410","","no unique search evidence in controlled cohort"
"/radon-levels/florida/lee-county","GONE_410","","no unique search evidence in controlled cohort"
"/radon-levels/florida/leon-county","GONE_410","","no unique search evidence in controlled cohort"
"/radon-levels/florida/levy-county","GONE_410","","no unique search evidence in controlled cohort"
"/radon-levels/florida/liberty-county","GONE_410","","no unique search evidence in controlled cohort"
"/radon-levels/florida/madison-county","GONE_410","","no unique search evidence in controlled cohort"
"/radon-levels/florida/manatee-county","GONE_410","","no unique search evidence in controlled cohort"
"/radon-levels/florida/marion-county","KEEP_200","/radon-levels/florida/marion-county","controlled evidence cohort"
"/radon-levels/florida/martin-county","GONE_410","","no unique search evidence in controlled cohort"
"/radon-levels/florida/miami-dade-county","GONE_410","","no unique search evidence in controlled cohort"
"/radon-levels/florida/monroe-county","GONE_410","","no unique search evidence in controlled cohort"
"/radon-levels/florida/nassau-county","GONE_410","","no unique search evidence in controlled cohort"
"/radon-levels/florida/okaloosa-county","GONE_410","","no unique search evidence in controlled cohort"
"/radon-levels/florida/okeechobee-county","GONE_410","","no unique search evidence in controlled cohort"
"/radon-levels/florida/orange-county","GONE_410","","no unique search evidence in controlled cohort"
"/radon-levels/florida/osceola-county","GONE_410","","no unique search evidence in controlled cohort"
"/radon-levels/florida/palm-beach-county","GONE_410","","no unique search evidence in controlled cohort"
"/radon-levels/florida/pasco-county","GONE_410","","no unique search evidence in controlled cohort"
"/radon-levels/florida/pinellas-county","GONE_410","","no unique search evidence in controlled cohort"
"/radon-levels/florida/polk-county","GONE_410","","no unique search evidence in controlled cohort"
"/radon-levels/florida/putnam-county","GONE_410","","no unique search evidence in controlled cohort"
"/radon-levels/florida/santa-rosa-county","GONE_410","","no unique search evidence in controlled cohort"
"/radon-levels/florida/sarasota-county","GONE_410","","no unique search evidence in controlled cohort"
"/radon-levels/florida/seminole-county","GONE_410","","no unique search evidence in controlled cohort"
"/radon-levels/florida/st-johns-county","GONE_410","","no unique search evidence in controlled cohort"
"/radon-levels/florida/st-lucie-county","GONE_410","","no unique search evidence in controlled cohort"
"/radon-levels/florida/sumter-county","GONE_410","","no unique search evidence in controlled cohort"
"/radon-levels/florida/suwannee-county","GONE_410","","no unique search evidence in controlled cohort"
"/radon-levels/florida/taylor-county","GONE_410","","no unique search evidence in controlled cohort"
"/radon-levels/florida/union-county","GONE_410","","no unique search evidence in controlled cohort"
"/radon-levels/florida/volusia-county","GONE_410","","no unique search evidence in controlled cohort"
"/radon-levels/florida/wakulla-county","GONE_410","","no unique search evidence in controlled cohort"
"/radon-levels/florida/walton-county","GONE_410","","no unique search evidence in controlled cohort"
"/radon-levels/florida/washington-county","GONE_410","","no unique search evidence in controlled cohort"
"/radon-levels/georgia","GONE_410","","state hub retired"
"/radon-levels/georgia/appling-county","GONE_410","","no unique search evidence in controlled cohort"
"/radon-levels/georgia/atkinson-county","GONE_410","","no unique search evidence in controlled cohort"
"/radon-levels/georgia/bacon-county","GONE_410","","no unique search evidence in controlled cohort"
"/radon-levels/georgia/baker-county","GONE_410","","no unique search evidence in controlled cohort"
"/radon-levels/georgia/baldwin-county","GONE_410","","no unique search evidence in controlled cohort"
"/radon-levels/georgia/banks-county","GONE_410","","no unique search evidence in controlled cohort"
"/radon-levels/georgia/barrow-county","GONE_410","","no unique search evidence in controlled cohort"
"/radon-levels/georgia/bartow-county","GONE_410","","no unique search evidence in controlled cohort"
"/radon-levels/georgia/ben-hill-county","GONE_410","","no unique search evidence in controlled cohort"
"/radon-levels/georgia/berrien-county","GONE_410","","no unique search evidence in controlled cohort"
"/radon-levels/georgia/bibb-county","GONE_410","","no unique search evidence in controlled cohort"
"/radon-levels/georgia/bleckley-county","GONE_410","","no unique search evidence in controlled cohort"
"/radon-levels/georgia/brantley-county","GONE_410","","no unique search evidence in controlled cohort"
"/radon-levels/georgia/brooks-county","GONE_410","","no unique search evidence in controlled cohort"
"/radon-levels/georgia/bryan-county","GONE_410","","no unique search evidence in controlled cohort"
"/radon-levels/georgia/bulloch-county","GONE_410","","no unique search evidence in controlled cohort"
"/radon-levels/georgia/burke-county","GONE_410","","no unique search evidence in controlled cohort"
"/radon-levels/georgia/butts-county","GONE_410","","no unique search evidence in controlled cohort"
"/radon-levels/georgia/calhoun-county","GONE_410","","no unique search evidence in controlled cohort"
"/radon-levels/georgia/camden-county","GONE_410","","no unique search evidence in controlled cohort"
"/radon-levels/georgia/candler-county","GONE_410","","no unique search evidence in controlled cohort"
"/radon-levels/georgia/carroll-county","GONE_410","","no unique search evidence in controlled cohort"
"/radon-levels/georgia/catoosa-county","GONE_410","","no unique search evidence in controlled cohort"
"/radon-levels/georgia/charlton-county","GONE_410","","no unique search evidence in controlled cohort"
"/radon-levels/georgia/chatham-county","GONE_410","","no unique search evidence in controlled cohort"
"/radon-levels/georgia/chattahoochee-county","GONE_410","","no unique search evidence in controlled cohort"
"/radon-levels/georgia/chattooga-county","GONE_410","","no unique search evidence in controlled cohort"
"/radon-levels/georgia/cherokee-county","GONE_410","","no unique search evidence in controlled cohort"
"/radon-levels/georgia/clarke-county","GONE_410","","no unique search evidence in controlled cohort"
"/radon-levels/georgia/clay-county","GONE_410","","no unique search evidence in controlled cohort"
"/radon-levels/georgia/clayton-county","GONE_410","","no unique search evidence in controlled cohort"
"/radon-levels/georgia/clinch-county","GONE_410","","no unique search evidence in controlled cohort"
"/radon-levels/georgia/cobb-county","GONE_410","","no unique search evidence in controlled cohort"
"/radon-levels/georgia/coffee-county","GONE_410","","no unique search evidence in controlled cohort"
"/radon-levels/georgia/colquitt-county","GONE_410","","no unique search evidence in controlled cohort"
"/radon-levels/georgia/columbia-county","GONE_410","","no unique search evidence in controlled cohort"
"/radon-levels/georgia/cook-county","GONE_410","","no unique search evidence in controlled cohort"
"/radon-levels/georgia/coweta-county","GONE_410","","no unique search evidence in controlled cohort"
"/radon-levels/georgia/crawford-county","GONE_410","","no unique search evidence in controlled cohort"
"/radon-levels/georgia/crisp-county","GONE_410","","no unique search evidence in controlled cohort"
"/radon-levels/georgia/dade-county","GONE_410","","no unique search evidence in controlled cohort"
"/radon-levels/georgia/dawson-county","GONE_410","","no unique search evidence in controlled cohort"
"/radon-levels/georgia/decatur-county","GONE_410","","no unique search evidence in controlled cohort"
"/radon-levels/georgia/dekalb-county","GONE_410","","no unique search evidence in controlled cohort"
"/radon-levels/georgia/dodge-county","GONE_410","","no unique search evidence in controlled cohort"
"/radon-levels/georgia/dooly-county","GONE_410","","no unique search evidence in controlled cohort"
"/radon-levels/georgia/dougherty-county","GONE_410","","no unique search evidence in controlled cohort"
"/radon-levels/georgia/douglas-county","GONE_410","","no unique search evidence in controlled cohort"
"/radon-levels/georgia/early-county","GONE_410","","no unique search evidence in controlled cohort"
"/radon-levels/georgia/echols-county","GONE_410","","no unique search evidence in controlled cohort"
"/radon-levels/georgia/effingham-county","GONE_410","","no unique search evidence in controlled cohort"
"/radon-levels/georgia/elbert-county","GONE_410","","no unique search evidence in controlled cohort"
"/radon-levels/georgia/emanuel-county","GONE_410","","no unique search evidence in controlled cohort"
"/radon-levels/georgia/evans-county","GONE_410","","no unique search evidence in controlled cohort"
"/radon-levels/georgia/fannin-county","GONE_410","","no unique search evidence in controlled cohort"
"/radon-levels/georgia/fayette-county","GONE_410","","no unique search evidence in controlled cohort"
"/radon-levels/georgia/floyd-county","GONE_410","","no unique search evidence in controlled cohort"
"/radon-levels/georgia/forsyth-county","GONE_410","","no unique search evidence in controlled cohort"
"/radon-levels/georgia/franklin-county","GONE_410","","no unique search evidence in controlled cohort"
"/radon-levels/georgia/fulton-county","GONE_410","","no unique search evidence in controlled cohort"
"/radon-levels/georgia/gilmer-county","GONE_410","","no unique search evidence in controlled cohort"
"/radon-levels/georgia/glascock-county","GONE_410","","no unique search evidence in controlled cohort"
"/radon-levels/georgia/glynn-county","GONE_410","","no unique search evidence in controlled cohort"
"/radon-levels/georgia/gordon-county","GONE_410","","no unique search evidence in controlled cohort"
"/radon-levels/georgia/grady-county","GONE_410","","no unique search evidence in controlled cohort"
"/radon-levels/georgia/greene-county","GONE_410","","no unique search evidence in controlled cohort"
"/radon-levels/georgia/gwinnett-county","GONE_410","","no unique search evidence in controlled cohort"
"/radon-levels/georgia/habersham-county","GONE_410","","no unique search evidence in controlled cohort"
"/radon-levels/georgia/hall-county","GONE_410","","no unique search evidence in controlled cohort"
"/radon-levels/georgia/hancock-county","GONE_410","","no unique search evidence in controlled cohort"
"/radon-levels/georgia/haralson-county","GONE_410","","no unique search evidence in controlled cohort"
"/radon-levels/georgia/harris-county","GONE_410","","no unique search evidence in controlled cohort"
"/radon-levels/georgia/hart-county","GONE_410","","no unique search evidence in controlled cohort"
"/radon-levels/georgia/heard-county","GONE_410","","no unique search evidence in controlled cohort"
"/radon-levels/georgia/henry-county","GONE_410","","no unique search evidence in controlled cohort"
"/radon-levels/georgia/houston-county","GONE_410","","no unique search evidence in controlled cohort"
"/radon-levels/georgia/irwin-county","GONE_410","","no unique search evidence in controlled cohort"
"/radon-levels/georgia/jackson-county","GONE_410","","no unique search evidence in controlled cohort"
"/radon-levels/georgia/jasper-county","GONE_410","","no unique search evidence in controlled cohort"
"/radon-levels/georgia/jeff-davis-county","GONE_410","","no unique search evidence in controlled cohort"
"/radon-levels/georgia/jefferson-county","GONE_410","","no unique search evidence in controlled cohort"
"/radon-levels/georgia/jenkins-county","GONE_410","","no unique search evidence in controlled cohort"
"/radon-levels/georgia/johnson-county","GONE_410","","no unique search evidence in controlled cohort"
"/radon-levels/georgia/jones-county","GONE_410","","no unique search evidence in controlled cohort"
"/radon-levels/georgia/lamar-county","GONE_410","","no unique search evidence in controlled cohort"
"/radon-levels/georgia/lanier-county","GONE_410","","no unique search evidence in controlled cohort"
"/radon-levels/georgia/laurens-county","GONE_410","","no unique search evidence in controlled cohort"
"/radon-levels/georgia/lee-county","GONE_410","","no unique search evidence in controlled cohort"
"/radon-levels/georgia/liberty-county","GONE_410","","no unique search evidence in controlled cohort"
"/radon-levels/georgia/lincoln-county","GONE_410","","no unique search evidence in controlled cohort"
"/radon-levels/georgia/long-county","GONE_410","","no unique search evidence in controlled cohort"
"/radon-levels/georgia/lowndes-county","GONE_410","","no unique search evidence in controlled cohort"
"/radon-levels/georgia/lumpkin-county","GONE_410","","no unique search evidence in controlled cohort"
"/radon-levels/georgia/macon-county","GONE_410","","no unique search evidence in controlled cohort"
"/radon-levels/georgia/madison-county","GONE_410","","no unique search evidence in controlled cohort"
"/radon-levels/georgia/marion-county","GONE_410","","no unique search evidence in controlled cohort"
"/radon-levels/georgia/mcduffie-county","GONE_410","","no unique search evidence in controlled cohort"
"/radon-levels/georgia/mcintosh-county","GONE_410","","no unique search evidence in controlled cohort"
"/radon-levels/georgia/meriwether-county","GONE_410","","no unique search evidence in controlled cohort"
"/radon-levels/georgia/miller-county","GONE_410","","no unique search evidence in controlled cohort"
"/radon-levels/georgia/mitchell-county","GONE_410","","no unique search evidence in controlled cohort"
"/radon-levels/georgia/monroe-county","GONE_410","","no unique search evidence in controlled cohort"
"/radon-levels/georgia/montgomery-county","GONE_410","","no unique search evidence in controlled cohort"
"/radon-levels/georgia/morgan-county","GONE_410","","no unique search evidence in controlled cohort"
"/radon-levels/georgia/murray-county","GONE_410","","no unique search evidence in controlled cohort"
"/radon-levels/georgia/muscogee-county","GONE_410","","no unique search evidence in controlled cohort"
"/radon-levels/georgia/newton-county","GONE_410","","no unique search evidence in controlled cohort"
"/radon-levels/georgia/oconee-county","GONE_410","","no unique search evidence in controlled cohort"
"/radon-levels/georgia/oglethorpe-county","GONE_410","","no unique search evidence in controlled cohort"
"/radon-levels/georgia/paulding-county","GONE_410","","no unique search evidence in controlled cohort"
"/radon-levels/georgia/peach-county","GONE_410","","no unique search evidence in controlled cohort"
"/radon-levels/georgia/pickens-county","GONE_410","","no unique search evidence in controlled cohort"
"/radon-levels/georgia/pierce-county","GONE_410","","no unique search evidence in controlled cohort"
"/radon-levels/georgia/pike-county","GONE_410","","no unique search evidence in controlled cohort"
"/radon-levels/georgia/polk-county","GONE_410","","no unique search evidence in controlled cohort"
"/radon-levels/georgia/pulaski-county","GONE_410","","no unique search evidence in controlled cohort"
"/radon-levels/georgia/putnam-county","GONE_410","","no unique search evidence in controlled cohort"
"/radon-levels/georgia/quitman-county","GONE_410","","no unique search evidence in controlled cohort"
"/radon-levels/georgia/rabun-county","GONE_410","","no unique search evidence in controlled cohort"
"/radon-levels/georgia/randolph-county","GONE_410","","no unique search evidence in controlled cohort"
"/radon-levels/georgia/richmond-county","GONE_410","","no unique search evidence in controlled cohort"
"/radon-levels/georgia/rockdale-county","GONE_410","","no unique search evidence in controlled cohort"
"/radon-levels/georgia/schley-county","GONE_410","","no unique search evidence in controlled cohort"
"/radon-levels/georgia/screven-county","GONE_410","","no unique search evidence in controlled cohort"
"/radon-levels/georgia/seminole-county","GONE_410","","no unique search evidence in controlled cohort"
"/radon-levels/georgia/spalding-county","GONE_410","","no unique search evidence in controlled cohort"
"/radon-levels/georgia/stephens-county","GONE_410","","no unique search evidence in controlled cohort"
"/radon-levels/georgia/stewart-county","GONE_410","","no unique search evidence in controlled cohort"
"/radon-levels/georgia/sumter-county","GONE_410","","no unique search evidence in controlled cohort"
"/radon-levels/georgia/talbot-county","GONE_410","","no unique search evidence in controlled cohort"
"/radon-levels/georgia/taliaferro-county","GONE_410","","no unique search evidence in controlled cohort"
"/radon-levels/georgia/tattnall-county","GONE_410","","no unique search evidence in controlled cohort"
"/radon-levels/georgia/taylor-county","GONE_410","","no unique search evidence in controlled cohort"
"/radon-levels/georgia/telfair-county","GONE_410","","no unique search evidence in controlled cohort"
"/radon-levels/georgia/terrell-county","GONE_410","","no unique search evidence in controlled cohort"
"/radon-levels/georgia/thomas-county","GONE_410","","no unique search evidence in controlled cohort"
"/radon-levels/georgia/tift-county","GONE_410","","no unique search evidence in controlled cohort"
"/radon-levels/georgia/toombs-county","GONE_410","","no unique search evidence in controlled cohort"
"/radon-levels/georgia/towns-county","GONE_410","","no unique search evidence in controlled cohort"
"/radon-levels/georgia/treutlen-county","GONE_410","","no unique search evidence in controlled cohort"
"/radon-levels/georgia/troup-county","GONE_410","","no unique search evidence in controlled cohort"
"/radon-levels/georgia/turner-county","GONE_410","","no unique search evidence in controlled cohort"
"/radon-levels/georgia/twiggs-county","GONE_410","","no unique search evidence in controlled cohort"
"/radon-levels/georgia/union-county","GONE_410","","no unique search evidence in controlled cohort"
"/radon-levels/georgia/upson-county","GONE_410","","no unique search evidence in controlled cohort"
"/radon-levels/georgia/walker-county","GONE_410","","no unique search evidence in controlled cohort"
"/radon-levels/georgia/walton-county","GONE_410","","no unique search evidence in controlled cohort"
"/radon-levels/georgia/ware-county","GONE_410","","no unique search evidence in controlled cohort"
"/radon-levels/georgia/warren-county","GONE_410","","no unique search evidence in controlled cohort"
"/radon-levels/georgia/washington-county","GONE_410","","no unique search evidence in controlled cohort"
"/radon-levels/georgia/wayne-county","GONE_410","","no unique search evidence in controlled cohort"
"/radon-levels/georgia/webster-county","GONE_410","","no unique search evidence in controlled cohort"
"/radon-levels/georgia/wheeler-county","GONE_410","","no unique search evidence in controlled cohort"
"/radon-levels/georgia/white-county","GONE_410","","no unique search evidence in controlled cohort"
"/radon-levels/georgia/whitfield-county","GONE_410","","no unique search evidence in controlled cohort"
"/radon-levels/georgia/wilcox-county","GONE_410","","no unique search evidence in controlled cohort"
"/radon-levels/georgia/wilkes-county","GONE_410","","no unique search evidence in controlled cohort"
"/radon-levels/georgia/wilkinson-county","GONE_410","","no unique search evidence in controlled cohort"
"/radon-levels/georgia/worth-county","GONE_410","","no unique search evidence in controlled cohort"
"/radon-levels/guam","GONE_410","","state hub retired"
"/radon-levels/guam/guam","GONE_410","","no unique search evidence in controlled cohort"
"/radon-levels/hawaii","GONE_410","","state hub retired"
"/radon-levels/hawaii/hawaii-county","GONE_410","","no unique search evidence in controlled cohort"
"/radon-levels/hawaii/honolulu-county","GONE_410","","no unique search evidence in controlled cohort"
"/radon-levels/hawaii/kalawao-county","GONE_410","","no unique search evidence in controlled cohort"
"/radon-levels/hawaii/kauai-county","GONE_410","","no unique search evidence in controlled cohort"
"/radon-levels/hawaii/maui-county","GONE_410","","no unique search evidence in controlled cohort"
"/radon-levels/idaho","GONE_410","","state hub retired"
"/radon-levels/idaho/ada-county","GONE_410","","no unique search evidence in controlled cohort"
"/radon-levels/idaho/adams-county","GONE_410","","no unique search evidence in controlled cohort"
"/radon-levels/idaho/bannock-county","GONE_410","","no unique search evidence in controlled cohort"
"/radon-levels/idaho/bear-lake-county","GONE_410","","no unique search evidence in controlled cohort"
"/radon-levels/idaho/benewah-county","GONE_410","","no unique search evidence in controlled cohort"
"/radon-levels/idaho/bingham-county","GONE_410","","no unique search evidence in controlled cohort"
"/radon-levels/idaho/blaine-county","GONE_410","","no unique search evidence in controlled cohort"
"/radon-levels/idaho/boise-county","GONE_410","","no unique search evidence in controlled cohort"
"/radon-levels/idaho/bonner-county","GONE_410","","no unique search evidence in controlled cohort"
"/radon-levels/idaho/bonneville-county","GONE_410","","no unique search evidence in controlled cohort"
"/radon-levels/idaho/boundary-county","GONE_410","","no unique search evidence in controlled cohort"
"/radon-levels/idaho/butte-county","GONE_410","","no unique search evidence in controlled cohort"
"/radon-levels/idaho/camas-county","GONE_410","","no unique search evidence in controlled cohort"
"/radon-levels/idaho/canyon-county","GONE_410","","no unique search evidence in controlled cohort"
"/radon-levels/idaho/caribou-county","GONE_410","","no unique search evidence in controlled cohort"
"/radon-levels/idaho/cassia-county","GONE_410","","no unique search evidence in controlled cohort"
"/radon-levels/idaho/clark-county","GONE_410","","no unique search evidence in controlled cohort"
"/radon-levels/idaho/clearwater-county","GONE_410","","no unique search evidence in controlled cohort"
"/radon-levels/idaho/custer-county","GONE_410","","no unique search evidence in controlled cohort"
"/radon-levels/idaho/elmore-county","GONE_410","","no unique search evidence in controlled cohort"
"/radon-levels/idaho/franklin-county","GONE_410","","no unique search evidence in controlled cohort"
"/radon-levels/idaho/fremont-county","KEEP_200","/radon-levels/idaho/fremont-county","controlled evidence cohort"
"/radon-levels/idaho/gem-county","GONE_410","","no unique search evidence in controlled cohort"
"/radon-levels/idaho/gooding-county","GONE_410","","no unique search evidence in controlled cohort"
"/radon-levels/idaho/idaho-county","GONE_410","","no unique search evidence in controlled cohort"
"/radon-levels/idaho/jefferson-county","GONE_410","","no unique search evidence in controlled cohort"
"/radon-levels/idaho/jerome-county","GONE_410","","no unique search evidence in controlled cohort"
"/radon-levels/idaho/kootenai-county","GONE_410","","no unique search evidence in controlled cohort"
"/radon-levels/idaho/latah-county","GONE_410","","no unique search evidence in controlled cohort"
"/radon-levels/idaho/lemhi-county","GONE_410","","no unique search evidence in controlled cohort"
"/radon-levels/idaho/lewis-county","GONE_410","","no unique search evidence in controlled cohort"
"/radon-levels/idaho/lincoln-county","GONE_410","","no unique search evidence in controlled cohort"
"/radon-levels/idaho/madison-county","GONE_410","","no unique search evidence in controlled cohort"
"/radon-levels/idaho/minidoka-county","GONE_410","","no unique search evidence in controlled cohort"
"/radon-levels/idaho/nez-perce-county","GONE_410","","no unique search evidence in controlled cohort"
"/radon-levels/idaho/oneida-county","GONE_410","","no unique search evidence in controlled cohort"
"/radon-levels/idaho/owyhee-county","GONE_410","","no unique search evidence in controlled cohort"
"/radon-levels/idaho/payette-county","GONE_410","","no unique search evidence in controlled cohort"
"/radon-levels/idaho/power-county","GONE_410","","no unique search evidence in controlled cohort"
"/radon-levels/idaho/shoshone-county","GONE_410","","no unique search evidence in controlled cohort"
"/radon-levels/idaho/teton-county","GONE_410","","no unique search evidence in controlled cohort"
"/radon-levels/idaho/twin-falls-county","GONE_410","","no unique search evidence in controlled cohort"
"/radon-levels/idaho/valley-county","GONE_410","","no unique search evidence in controlled cohort"
"/radon-levels/idaho/washington-county","GONE_410","","no unique search evidence in controlled cohort"
"/radon-levels/illinois","GONE_410","","state hub retired"
"/radon-levels/illinois/adams-county","GONE_410","","no unique search evidence in controlled cohort"
"/radon-levels/illinois/alexander-county","GONE_410","","no unique search evidence in controlled cohort"
"/radon-levels/illinois/bond-county","GONE_410","","no unique search evidence in controlled cohort"
"/radon-levels/illinois/boone-county","GONE_410","","no unique search evidence in controlled cohort"
"/radon-levels/illinois/brown-county","GONE_410","","no unique search evidence in controlled cohort"
"/radon-levels/illinois/bureau-county","GONE_410","","no unique search evidence in controlled cohort"
"/radon-levels/illinois/calhoun-county","GONE_410","","no unique search evidence in controlled cohort"
"/radon-levels/illinois/carroll-county","GONE_410","","no unique search evidence in controlled cohort"
"/radon-levels/illinois/cass-county","GONE_410","","no unique search evidence in controlled cohort"
"/radon-levels/illinois/champaign-county","GONE_410","","no unique search evidence in controlled cohort"
"/radon-levels/illinois/christian-county","GONE_410","","no unique search evidence in controlled cohort"
"/radon-levels/illinois/clark-county","GONE_410","","no unique search evidence in controlled cohort"
"/radon-levels/illinois/clay-county","GONE_410","","no unique search evidence in controlled cohort"
"/radon-levels/illinois/clinton-county","GONE_410","","no unique search evidence in controlled cohort"
"/radon-levels/illinois/coles-county","GONE_410","","no unique search evidence in controlled cohort"
"/radon-levels/illinois/cook-county","GONE_410","","no unique search evidence in controlled cohort"
"/radon-levels/illinois/crawford-county","GONE_410","","no unique search evidence in controlled cohort"
"/radon-levels/illinois/cumberland-county","GONE_410","","no unique search evidence in controlled cohort"
"/radon-levels/illinois/de-witt-county","GONE_410","","no unique search evidence in controlled cohort"
"/radon-levels/illinois/dekalb-county","GONE_410","","no unique search evidence in controlled cohort"
"/radon-levels/illinois/douglas-county","GONE_410","","no unique search evidence in controlled cohort"
"/radon-levels/illinois/dupage-county","GONE_410","","no unique search evidence in controlled cohort"
"/radon-levels/illinois/edgar-county","GONE_410","","no unique search evidence in controlled cohort"
"/radon-levels/illinois/edwards-county","GONE_410","","no unique search evidence in controlled cohort"
"/radon-levels/illinois/effingham-county","GONE_410","","no unique search evidence in controlled cohort"
"/radon-levels/illinois/fayette-county","GONE_410","","no unique search evidence in controlled cohort"
"/radon-levels/illinois/ford-county","GONE_410","","no unique search evidence in controlled cohort"
"/radon-levels/illinois/franklin-county","GONE_410","","no unique search evidence in controlled cohort"
"/radon-levels/illinois/fulton-county","GONE_410","","no unique search evidence in controlled cohort"
"/radon-levels/illinois/gallatin-county","GONE_410","","no unique search evidence in controlled cohort"
"/radon-levels/illinois/greene-county","GONE_410","","no unique search evidence in controlled cohort"
"/radon-levels/illinois/grundy-county","GONE_410","","no unique search evidence in controlled cohort"
"/radon-levels/illinois/hamilton-county","GONE_410","","no unique search evidence in controlled cohort"
"/radon-levels/illinois/hancock-county","GONE_410","","no unique search evidence in controlled cohort"
"/radon-levels/illinois/hardin-county","GONE_410","","no unique search evidence in controlled cohort"
"/radon-levels/illinois/henderson-county","GONE_410","","no unique search evidence in controlled cohort"
"/radon-levels/illinois/henry-county","GONE_410","","no unique search evidence in controlled cohort"
"/radon-levels/illinois/iroquois-county","GONE_410","","no unique search evidence in controlled cohort"
"/radon-levels/illinois/jackson-county","GONE_410","","no unique search evidence in controlled cohort"
"/radon-levels/illinois/jasper-county","GONE_410","","no unique search evidence in controlled cohort"
"/radon-levels/illinois/jefferson-county","GONE_410","","no unique search evidence in controlled cohort"
"/radon-levels/illinois/jersey-county","GONE_410","","no unique search evidence in controlled cohort"
"/radon-levels/illinois/jo-daviess-county","GONE_410","","no unique search evidence in controlled cohort"
"/radon-levels/illinois/johnson-county","GONE_410","","no unique search evidence in controlled cohort"
"/radon-levels/illinois/kane-county","GONE_410","","no unique search evidence in controlled cohort"
"/radon-levels/illinois/kankakee-county","GONE_410","","no unique search evidence in controlled cohort"
"/radon-levels/illinois/kendall-county","GONE_410","","no unique search evidence in controlled cohort"
"/radon-levels/illinois/knox-county","GONE_410","","no unique search evidence in controlled cohort"
"/radon-levels/illinois/lake-county","GONE_410","","no unique search evidence in controlled cohort"
"/radon-levels/illinois/lasalle-county","GONE_410","","no unique search evidence in controlled cohort"
"/radon-levels/illinois/lawrence-county","GONE_410","","no unique search evidence in controlled cohort"
"/radon-levels/illinois/lee-county","GONE_410","","no unique search evidence in controlled cohort"
"/radon-levels/illinois/livingston-county","GONE_410","","no unique search evidence in controlled cohort"
"/radon-levels/illinois/logan-county","GONE_410","","no unique search evidence in controlled cohort"
"/radon-levels/illinois/macon-county","GONE_410","","no unique search evidence in controlled cohort"
"/radon-levels/illinois/macoupin-county","GONE_410","","no unique search evidence in controlled cohort"
"/radon-levels/illinois/madison-county","GONE_410","","no unique search evidence in controlled cohort"
"/radon-levels/illinois/marion-county","GONE_410","","no unique search evidence in controlled cohort"
"/radon-levels/illinois/marshall-county","GONE_410","","no unique search evidence in controlled cohort"
"/radon-levels/illinois/mason-county","GONE_410","","no unique search evidence in controlled cohort"
"/radon-levels/illinois/massac-county","GONE_410","","no unique search evidence in controlled cohort"
"/radon-levels/illinois/mcdonough-county","GONE_410","","no unique search evidence in controlled cohort"
"/radon-levels/illinois/mchenry-county","GONE_410","","no unique search evidence in controlled cohort"
"/radon-levels/illinois/mclean-county","GONE_410","","no unique search evidence in controlled cohort"
"/radon-levels/illinois/menard-county","GONE_410","","no unique search evidence in controlled cohort"
"/radon-levels/illinois/mercer-county","GONE_410","","no unique search evidence in controlled cohort"
"/radon-levels/illinois/monroe-county","GONE_410","","no unique search evidence in controlled cohort"
"/radon-levels/illinois/montgomery-county","GONE_410","","no unique search evidence in controlled cohort"
"/radon-levels/illinois/morgan-county","GONE_410","","no unique search evidence in controlled cohort"
"/radon-levels/illinois/moultrie-county","GONE_410","","no unique search evidence in controlled cohort"
"/radon-levels/illinois/ogle-county","GONE_410","","no unique search evidence in controlled cohort"
"/radon-levels/illinois/peoria-county","GONE_410","","no unique search evidence in controlled cohort"
"/radon-levels/illinois/perry-county","GONE_410","","no unique search evidence in controlled cohort"
"/radon-levels/illinois/piatt-county","GONE_410","","no unique search evidence in controlled cohort"
"/radon-levels/illinois/pike-county","GONE_410","","no unique search evidence in controlled cohort"
"/radon-levels/illinois/pope-county","GONE_410","","no unique search evidence in controlled cohort"
"/radon-levels/illinois/pulaski-county","GONE_410","","no unique search evidence in controlled cohort"
"/radon-levels/illinois/putnam-county","GONE_410","","no unique search evidence in controlled cohort"
"/radon-levels/illinois/randolph-county","GONE_410","","no unique search evidence in controlled cohort"
"/radon-levels/illinois/richland-county","GONE_410","","no unique search evidence in controlled cohort"
"/radon-levels/illinois/rock-island-county","GONE_410","","no unique search evidence in controlled cohort"
"/radon-levels/illinois/saline-county","GONE_410","","no unique search evidence in controlled cohort"
"/radon-levels/illinois/sangamon-county","GONE_410","","no unique search evidence in controlled cohort"
"/radon-levels/illinois/schuyler-county","GONE_410","","no unique search evidence in controlled cohort"
"/radon-levels/illinois/scott-county","GONE_410","","no unique search evidence in controlled cohort"
"/radon-levels/illinois/shelby-county","GONE_410","","no unique search evidence in controlled cohort"
"/radon-levels/illinois/st-clair-county","GONE_410","","no unique search evidence in controlled cohort"
"/radon-levels/illinois/stark-county","GONE_410","","no unique search evidence in controlled cohort"
"/radon-levels/illinois/stephenson-county","GONE_410","","no unique search evidence in controlled cohort"
"/radon-levels/illinois/tazewell-county","GONE_410","","no unique search evidence in controlled cohort"
"/radon-levels/illinois/union-county","GONE_410","","no unique search evidence in controlled cohort"
"/radon-levels/illinois/vermilion-county","GONE_410","","no unique search evidence in controlled cohort"
"/radon-levels/illinois/wabash-county","GONE_410","","no unique search evidence in controlled cohort"
"/radon-levels/illinois/warren-county","GONE_410","","no unique search evidence in controlled cohort"
"/radon-levels/illinois/washington-county","GONE_410","","no unique search evidence in controlled cohort"
"/radon-levels/illinois/wayne-county","GONE_410","","no unique search evidence in controlled cohort"
"/radon-levels/illinois/white-county","GONE_410","","no unique search evidence in controlled cohort"
"/radon-levels/illinois/whiteside-county","GONE_410","","no unique search evidence in controlled cohort"
"/radon-levels/illinois/will-county","GONE_410","","no unique search evidence in controlled cohort"
"/radon-levels/illinois/williamson-county","GONE_410","","no unique search evidence in controlled cohort"
"/radon-levels/illinois/winnebago-county","GONE_410","","no unique search evidence in controlled cohort"
"/radon-levels/illinois/woodford-county","GONE_410","","no unique search evidence in controlled cohort"
"/radon-levels/indiana","GONE_410","","state hub retired"
"/radon-levels/indiana/adams-county","GONE_410","","no unique search evidence in controlled cohort"
"/radon-levels/indiana/allen-county","GONE_410","","no unique search evidence in controlled cohort"
"/radon-levels/indiana/bartholomew-county","GONE_410","","no unique search evidence in controlled cohort"
"/radon-levels/indiana/benton-county","GONE_410","","no unique search evidence in controlled cohort"
"/radon-levels/indiana/blackford-county","GONE_410","","no unique search evidence in controlled cohort"
"/radon-levels/indiana/boone-county","GONE_410","","no unique search evidence in controlled cohort"
"/radon-levels/indiana/brown-county","GONE_410","","no unique search evidence in controlled cohort"
"/radon-levels/indiana/carroll-county","GONE_410","","no unique search evidence in controlled cohort"
"/radon-levels/indiana/cass-county","GONE_410","","no unique search evidence in controlled cohort"
"/radon-levels/indiana/clark-county","GONE_410","","no unique search evidence in controlled cohort"
"/radon-levels/indiana/clay-county","GONE_410","","no unique search evidence in controlled cohort"
"/radon-levels/indiana/clinton-county","GONE_410","","no unique search evidence in controlled cohort"
"/radon-levels/indiana/crawford-county","GONE_410","","no unique search evidence in controlled cohort"
"/radon-levels/indiana/daviess-county","GONE_410","","no unique search evidence in controlled cohort"
"/radon-levels/indiana/dearborn-county","GONE_410","","no unique search evidence in controlled cohort"
"/radon-levels/indiana/decatur-county","GONE_410","","no unique search evidence in controlled cohort"
"/radon-levels/indiana/dekalb-county","GONE_410","","no unique search evidence in controlled cohort"
"/radon-levels/indiana/delaware-county","GONE_410","","no unique search evidence in controlled cohort"
"/radon-levels/indiana/dubois-county","GONE_410","","no unique search evidence in controlled cohort"
"/radon-levels/indiana/elkhart-county","GONE_410","","no unique search evidence in controlled cohort"
"/radon-levels/indiana/fayette-county","GONE_410","","no unique search evidence in controlled cohort"
"/radon-levels/indiana/floyd-county","GONE_410","","no unique search evidence in controlled cohort"
"/radon-levels/indiana/fountain-county","GONE_410","","no unique search evidence in controlled cohort"
"/radon-levels/indiana/franklin-county","GONE_410","","no unique search evidence in controlled cohort"
"/radon-levels/indiana/fulton-county","GONE_410","","no unique search evidence in controlled cohort"
"/radon-levels/indiana/gibson-county","GONE_410","","no unique search evidence in controlled cohort"
"/radon-levels/indiana/grant-county","GONE_410","","no unique search evidence in controlled cohort"
"/radon-levels/indiana/greene-county","GONE_410","","no unique search evidence in controlled cohort"
"/radon-levels/indiana/hamilton-county","GONE_410","","no unique search evidence in controlled cohort"
"/radon-levels/indiana/hancock-county","GONE_410","","no unique search evidence in controlled cohort"
"/radon-levels/indiana/harrison-county","GONE_410","","no unique search evidence in controlled cohort"
"/radon-levels/indiana/hendricks-county","GONE_410","","no unique search evidence in controlled cohort"
"/radon-levels/indiana/henry-county","GONE_410","","no unique search evidence in controlled cohort"
"/radon-levels/indiana/howard-county","GONE_410","","no unique search evidence in controlled cohort"
"/radon-levels/indiana/huntington-county","GONE_410","","no unique search evidence in controlled cohort"
"/radon-levels/indiana/jackson-county","GONE_410","","no unique search evidence in controlled cohort"
"/radon-levels/indiana/jasper-county","GONE_410","","no unique search evidence in controlled cohort"
"/radon-levels/indiana/jay-county","GONE_410","","no unique search evidence in controlled cohort"
"/radon-levels/indiana/jefferson-county","GONE_410","","no unique search evidence in controlled cohort"
"/radon-levels/indiana/jennings-county","GONE_410","","no unique search evidence in controlled cohort"
"/radon-levels/indiana/johnson-county","GONE_410","","no unique search evidence in controlled cohort"
"/radon-levels/indiana/knox-county","GONE_410","","no unique search evidence in controlled cohort"
"/radon-levels/indiana/kosciusko-county","GONE_410","","no unique search evidence in controlled cohort"
"/radon-levels/indiana/lagrange-county","GONE_410","","no unique search evidence in controlled cohort"
"/radon-levels/indiana/lake-county","GONE_410","","no unique search evidence in controlled cohort"
"/radon-levels/indiana/laporte-county","GONE_410","","no unique search evidence in controlled cohort"
"/radon-levels/indiana/lawrence-county","GONE_410","","no unique search evidence in controlled cohort"
"/radon-levels/indiana/madison-county","GONE_410","","no unique search evidence in controlled cohort"
"/radon-levels/indiana/marion-county","GONE_410","","no unique search evidence in controlled cohort"
"/radon-levels/indiana/marshall-county","GONE_410","","no unique search evidence in controlled cohort"
"/radon-levels/indiana/martin-county","GONE_410","","no unique search evidence in controlled cohort"
"/radon-levels/indiana/miami-county","GONE_410","","no unique search evidence in controlled cohort"
"/radon-levels/indiana/monroe-county","GONE_410","","no unique search evidence in controlled cohort"
"/radon-levels/indiana/montgomery-county","GONE_410","","no unique search evidence in controlled cohort"
"/radon-levels/indiana/morgan-county","GONE_410","","no unique search evidence in controlled cohort"
"/radon-levels/indiana/newton-county","GONE_410","","no unique search evidence in controlled cohort"
"/radon-levels/indiana/noble-county","GONE_410","","no unique search evidence in controlled cohort"
"/radon-levels/indiana/ohio-county","GONE_410","","no unique search evidence in controlled cohort"
"/radon-levels/indiana/orange-county","GONE_410","","no unique search evidence in controlled cohort"
"/radon-levels/indiana/owen-county","GONE_410","","no unique search evidence in controlled cohort"
"/radon-levels/indiana/parke-county","GONE_410","","no unique search evidence in controlled cohort"
"/radon-levels/indiana/perry-county","GONE_410","","no unique search evidence in controlled cohort"
"/radon-levels/indiana/pike-county","GONE_410","","no unique search evidence in controlled cohort"
"/radon-levels/indiana/porter-county","GONE_410","","no unique search evidence in controlled cohort"
"/radon-levels/indiana/posey-county","GONE_410","","no unique search evidence in controlled cohort"
"/radon-levels/indiana/pulaski-county","GONE_410","","no unique search evidence in controlled cohort"
"/radon-levels/indiana/putnam-county","GONE_410","","no unique search evidence in controlled cohort"
"/radon-levels/indiana/randolph-county","GONE_410","","no unique search evidence in controlled cohort"
"/radon-levels/indiana/ripley-county","GONE_410","","no unique search evidence in controlled cohort"
"/radon-levels/indiana/rush-county","GONE_410","","no unique search evidence in controlled cohort"
"/radon-levels/indiana/scott-county","GONE_410","","no unique search evidence in controlled cohort"
"/radon-levels/indiana/shelby-county","GONE_410","","no unique search evidence in controlled cohort"
"/radon-levels/indiana/spencer-county","GONE_410","","no unique search evidence in controlled cohort"
"/radon-levels/indiana/st-joseph-county","GONE_410","","no unique search evidence in controlled cohort"
"/radon-levels/indiana/starke-county","GONE_410","","no unique search evidence in controlled cohort"
"/radon-levels/indiana/steuben-county","GONE_410","","no unique search evidence in controlled cohort"
"/radon-levels/indiana/sullivan-county","GONE_410","","no unique search evidence in controlled cohort"
"/radon-levels/indiana/switzerland-county","GONE_410","","no unique search evidence in controlled cohort"
"/radon-levels/indiana/tippecanoe-county","GONE_410","","no unique search evidence in controlled cohort"
"/radon-levels/indiana/tipton-county","GONE_410","","no unique search evidence in controlled cohort"
"/radon-levels/indiana/union-county","GONE_410","","no unique search evidence in controlled cohort"
"/radon-levels/indiana/vanderburgh-county","GONE_410","","no unique search evidence in controlled cohort"
"/radon-levels/indiana/vermillion-county","GONE_410","","no unique search evidence in controlled cohort"
"/radon-levels/indiana/vigo-county","GONE_410","","no unique search evidence in controlled cohort"
"/radon-levels/indiana/wabash-county","GONE_410","","no unique search evidence in controlled cohort"
"/radon-levels/indiana/warren-county","GONE_410","","no unique search evidence in controlled cohort"
"/radon-levels/indiana/warrick-county","GONE_410","","no unique search evidence in controlled cohort"
"/radon-levels/indiana/washington-county","GONE_410","","no unique search evidence in controlled cohort"
"/radon-levels/indiana/wayne-county","GONE_410","","no unique search evidence in controlled cohort"
"/radon-levels/indiana/wells-county","GONE_410","","no unique search evidence in controlled cohort"
"/radon-levels/indiana/white-county","GONE_410","","no unique search evidence in controlled cohort"
"/radon-levels/indiana/whitley-county","GONE_410","","no unique search evidence in controlled cohort"
"/radon-levels/iowa","GONE_410","","state hub retired"
"/radon-levels/iowa/adair-county","GONE_410","","no unique search evidence in controlled cohort"
"/radon-levels/iowa/adams-county","GONE_410","","no unique search evidence in controlled cohort"
"/radon-levels/iowa/allamakee-county","GONE_410","","no unique search evidence in controlled cohort"
"/radon-levels/iowa/appanoose-county","GONE_410","","no unique search evidence in controlled cohort"
"/radon-levels/iowa/audubon-county","GONE_410","","no unique search evidence in controlled cohort"
"/radon-levels/iowa/benton-county","GONE_410","","no unique search evidence in controlled cohort"
"/radon-levels/iowa/black-hawk-county","GONE_410","","no unique search evidence in controlled cohort"
"/radon-levels/iowa/boone-county","GONE_410","","no unique search evidence in controlled cohort"
"/radon-levels/iowa/bremer-county","GONE_410","","no unique search evidence in controlled cohort"
"/radon-levels/iowa/buchanan-county","GONE_410","","no unique search evidence in controlled cohort"
"/radon-levels/iowa/buena-vista-county","GONE_410","","no unique search evidence in controlled cohort"
"/radon-levels/iowa/butler-county","GONE_410","","no unique search evidence in controlled cohort"
"/radon-levels/iowa/calhoun-county","GONE_410","","no unique search evidence in controlled cohort"
"/radon-levels/iowa/carroll-county","GONE_410","","no unique search evidence in controlled cohort"
"/radon-levels/iowa/cass-county","GONE_410","","no unique search evidence in controlled cohort"
"/radon-levels/iowa/cedar-county","GONE_410","","no unique search evidence in controlled cohort"
"/radon-levels/iowa/cerro-gordo-county","GONE_410","","no unique search evidence in controlled cohort"
"/radon-levels/iowa/cherokee-county","GONE_410","","no unique search evidence in controlled cohort"
"/radon-levels/iowa/chickasaw-county","GONE_410","","no unique search evidence in controlled cohort"
"/radon-levels/iowa/clarke-county","GONE_410","","no unique search evidence in controlled cohort"
"/radon-levels/iowa/clay-county","GONE_410","","no unique search evidence in controlled cohort"
"/radon-levels/iowa/clayton-county","GONE_410","","no unique search evidence in controlled cohort"
"/radon-levels/iowa/clinton-county","GONE_410","","no unique search evidence in controlled cohort"
"/radon-levels/iowa/crawford-county","GONE_410","","no unique search evidence in controlled cohort"
"/radon-levels/iowa/dallas-county","GONE_410","","no unique search evidence in controlled cohort"
"/radon-levels/iowa/davis-county","GONE_410","","no unique search evidence in controlled cohort"
"/radon-levels/iowa/decatur-county","GONE_410","","no unique search evidence in controlled cohort"
"/radon-levels/iowa/delaware-county","GONE_410","","no unique search evidence in controlled cohort"
"/radon-levels/iowa/des-moines-county","GONE_410","","no unique search evidence in controlled cohort"
"/radon-levels/iowa/dickinson-county","GONE_410","","no unique search evidence in controlled cohort"
"/radon-levels/iowa/dubuque-county","GONE_410","","no unique search evidence in controlled cohort"
"/radon-levels/iowa/emmet-county","GONE_410","","no unique search evidence in controlled cohort"
"/radon-levels/iowa/fayette-county","GONE_410","","no unique search evidence in controlled cohort"
"/radon-levels/iowa/floyd-county","GONE_410","","no unique search evidence in controlled cohort"
"/radon-levels/iowa/franklin-county","GONE_410","","no unique search evidence in controlled cohort"
"/radon-levels/iowa/fremont-county","GONE_410","","no unique search evidence in controlled cohort"
"/radon-levels/iowa/greene-county","GONE_410","","no unique search evidence in controlled cohort"
"/radon-levels/iowa/grundy-county","GONE_410","","no unique search evidence in controlled cohort"
"/radon-levels/iowa/guthrie-county","GONE_410","","no unique search evidence in controlled cohort"
"/radon-levels/iowa/hamilton-county","GONE_410","","no unique search evidence in controlled cohort"
"/radon-levels/iowa/hancock-county","GONE_410","","no unique search evidence in controlled cohort"
"/radon-levels/iowa/hardin-county","GONE_410","","no unique search evidence in controlled cohort"
"/radon-levels/iowa/harrison-county","GONE_410","","no unique search evidence in controlled cohort"
"/radon-levels/iowa/henry-county","GONE_410","","no unique search evidence in controlled cohort"
"/radon-levels/iowa/howard-county","GONE_410","","no unique search evidence in controlled cohort"
"/radon-levels/iowa/humboldt-county","GONE_410","","no unique search evidence in controlled cohort"
"/radon-levels/iowa/ida-county","GONE_410","","no unique search evidence in controlled cohort"
"/radon-levels/iowa/iowa-county","GONE_410","","no unique search evidence in controlled cohort"
"/radon-levels/iowa/jackson-county","GONE_410","","no unique search evidence in controlled cohort"
"/radon-levels/iowa/jasper-county","GONE_410","","no unique search evidence in controlled cohort"
"/radon-levels/iowa/jefferson-county","GONE_410","","no unique search evidence in controlled cohort"
"/radon-levels/iowa/johnson-county","GONE_410","","no unique search evidence in controlled cohort"
"/radon-levels/iowa/jones-county","GONE_410","","no unique search evidence in controlled cohort"
"/radon-levels/iowa/keokuk-county","GONE_410","","no unique search evidence in controlled cohort"
"/radon-levels/iowa/kossuth-county","GONE_410","","no unique search evidence in controlled cohort"
"/radon-levels/iowa/lee-county","GONE_410","","no unique search evidence in controlled cohort"
"/radon-levels/iowa/linn-county","GONE_410","","no unique search evidence in controlled cohort"
"/radon-levels/iowa/louisa-county","GONE_410","","no unique search evidence in controlled cohort"
"/radon-levels/iowa/lucas-county","GONE_410","","no unique search evidence in controlled cohort"
"/radon-levels/iowa/lyon-county","GONE_410","","no unique search evidence in controlled cohort"
"/radon-levels/iowa/madison-county","GONE_410","","no unique search evidence in controlled cohort"
"/radon-levels/iowa/mahaska-county","GONE_410","","no unique search evidence in controlled cohort"
"/radon-levels/iowa/marion-county","GONE_410","","no unique search evidence in controlled cohort"
"/radon-levels/iowa/marshall-county","GONE_410","","no unique search evidence in controlled cohort"
"/radon-levels/iowa/mills-county","GONE_410","","no unique search evidence in controlled cohort"
"/radon-levels/iowa/mitchell-county","GONE_410","","no unique search evidence in controlled cohort"
"/radon-levels/iowa/monona-county","GONE_410","","no unique search evidence in controlled cohort"
"/radon-levels/iowa/monroe-county","GONE_410","","no unique search evidence in controlled cohort"
"/radon-levels/iowa/montgomery-county","GONE_410","","no unique search evidence in controlled cohort"
"/radon-levels/iowa/muscatine-county","GONE_410","","no unique search evidence in controlled cohort"
"/radon-levels/iowa/obrien-county","GONE_410","","no unique search evidence in controlled cohort"
"/radon-levels/iowa/osceola-county","GONE_410","","no unique search evidence in controlled cohort"
"/radon-levels/iowa/page-county","GONE_410","","no unique search evidence in controlled cohort"
"/radon-levels/iowa/palo-alto-county","GONE_410","","no unique search evidence in controlled cohort"
"/radon-levels/iowa/plymouth-county","GONE_410","","no unique search evidence in controlled cohort"
"/radon-levels/iowa/pocahontas-county","GONE_410","","no unique search evidence in controlled cohort"
"/radon-levels/iowa/polk-county","GONE_410","","no unique search evidence in controlled cohort"
"/radon-levels/iowa/pottawattamie-county","GONE_410","","no unique search evidence in controlled cohort"
"/radon-levels/iowa/poweshiek-county","GONE_410","","no unique search evidence in controlled cohort"
"/radon-levels/iowa/ringgold-county","GONE_410","","no unique search evidence in controlled cohort"
"/radon-levels/iowa/sac-county","GONE_410","","no unique search evidence in controlled cohort"
"/radon-levels/iowa/scott-county","GONE_410","","no unique search evidence in controlled cohort"
"/radon-levels/iowa/shelby-county","GONE_410","","no unique search evidence in controlled cohort"
"/radon-levels/iowa/sioux-county","GONE_410","","no unique search evidence in controlled cohort"
"/radon-levels/iowa/story-county","GONE_410","","no unique search evidence in controlled cohort"
"/radon-levels/iowa/tama-county","GONE_410","","no unique search evidence in controlled cohort"
"/radon-levels/iowa/taylor-county","GONE_410","","no unique search evidence in controlled cohort"
"/radon-levels/iowa/union-county","GONE_410","","no unique search evidence in controlled cohort"
"/radon-levels/iowa/van-buren-county","GONE_410","","no unique search evidence in controlled cohort"
"/radon-levels/iowa/wapello-county","GONE_410","","no unique search evidence in controlled cohort"
"/radon-levels/iowa/warren-county","GONE_410","","no unique search evidence in controlled cohort"
"/radon-levels/iowa/washington-county","GONE_410","","no unique search evidence in controlled cohort"
"/radon-levels/iowa/wayne-county","GONE_410","","no unique search evidence in controlled cohort"
"/radon-levels/iowa/webster-county","GONE_410","","no unique search evidence in controlled cohort"
"/radon-levels/iowa/winnebago-county","GONE_410","","no unique search evidence in controlled cohort"
"/radon-levels/iowa/winneshiek-county","GONE_410","","no unique search evidence in controlled cohort"
"/radon-levels/iowa/woodbury-county","GONE_410","","no unique search evidence in controlled cohort"
"/radon-levels/iowa/worth-county","GONE_410","","no unique search evidence in controlled cohort"
"/radon-levels/iowa/wright-county","GONE_410","","no unique search evidence in controlled cohort"
"/radon-levels/kansas","GONE_410","","state hub retired"
"/radon-levels/kansas/allen-county","GONE_410","","no unique search evidence in controlled cohort"
"/radon-levels/kansas/anderson-county","GONE_410","","no unique search evidence in controlled cohort"
"/radon-levels/kansas/atchison-county","GONE_410","","no unique search evidence in controlled cohort"
"/radon-levels/kansas/barber-county","GONE_410","","no unique search evidence in controlled cohort"
"/radon-levels/kansas/barton-county","GONE_410","","no unique search evidence in controlled cohort"
"/radon-levels/kansas/bourbon-county","GONE_410","","no unique search evidence in controlled cohort"
"/radon-levels/kansas/brown-county","GONE_410","","no unique search evidence in controlled cohort"
"/radon-levels/kansas/butler-county","GONE_410","","no unique search evidence in controlled cohort"
"/radon-levels/kansas/chase-county","GONE_410","","no unique search evidence in controlled cohort"
"/radon-levels/kansas/chautauqua-county","GONE_410","","no unique search evidence in controlled cohort"
"/radon-levels/kansas/cherokee-county","GONE_410","","no unique search evidence in controlled cohort"
"/radon-levels/kansas/cheyenne-county","GONE_410","","no unique search evidence in controlled cohort"
"/radon-levels/kansas/clark-county","GONE_410","","no unique search evidence in controlled cohort"
"/radon-levels/kansas/clay-county","GONE_410","","no unique search evidence in controlled cohort"
"/radon-levels/kansas/cloud-county","GONE_410","","no unique search evidence in controlled cohort"
"/radon-levels/kansas/coffey-county","GONE_410","","no unique search evidence in controlled cohort"
"/radon-levels/kansas/comanche-county","GONE_410","","no unique search evidence in controlled cohort"
"/radon-levels/kansas/cowley-county","GONE_410","","no unique search evidence in controlled cohort"
"/radon-levels/kansas/crawford-county","GONE_410","","no unique search evidence in controlled cohort"
"/radon-levels/kansas/decatur-county","GONE_410","","no unique search evidence in controlled cohort"
"/radon-levels/kansas/dickinson-county","GONE_410","","no unique search evidence in controlled cohort"
"/radon-levels/kansas/doniphan-county","GONE_410","","no unique search evidence in controlled cohort"
"/radon-levels/kansas/douglas-county","GONE_410","","no unique search evidence in controlled cohort"
"/radon-levels/kansas/edwards-county","GONE_410","","no unique search evidence in controlled cohort"
"/radon-levels/kansas/elk-county","GONE_410","","no unique search evidence in controlled cohort"
"/radon-levels/kansas/ellis-county","GONE_410","","no unique search evidence in controlled cohort"
"/radon-levels/kansas/ellsworth-county","GONE_410","","no unique search evidence in controlled cohort"
"/radon-levels/kansas/finney-county","GONE_410","","no unique search evidence in controlled cohort"
"/radon-levels/kansas/ford-county","GONE_410","","no unique search evidence in controlled cohort"
"/radon-levels/kansas/franklin-county","GONE_410","","no unique search evidence in controlled cohort"
"/radon-levels/kansas/geary-county","GONE_410","","no unique search evidence in controlled cohort"
"/radon-levels/kansas/gove-county","GONE_410","","no unique search evidence in controlled cohort"
"/radon-levels/kansas/graham-county","GONE_410","","no unique search evidence in controlled cohort"
"/radon-levels/kansas/grant-county","GONE_410","","no unique search evidence in controlled cohort"
"/radon-levels/kansas/gray-county","GONE_410","","no unique search evidence in controlled cohort"
"/radon-levels/kansas/greeley-county","GONE_410","","no unique search evidence in controlled cohort"
"/radon-levels/kansas/greenwood-county","GONE_410","","no unique search evidence in controlled cohort"
"/radon-levels/kansas/hamilton-county","GONE_410","","no unique search evidence in controlled cohort"
"/radon-levels/kansas/harper-county","GONE_410","","no unique search evidence in controlled cohort"
"/radon-levels/kansas/harvey-county","GONE_410","","no unique search evidence in controlled cohort"
"/radon-levels/kansas/haskell-county","GONE_410","","no unique search evidence in controlled cohort"
"/radon-levels/kansas/hodgeman-county","GONE_410","","no unique search evidence in controlled cohort"
"/radon-levels/kansas/jackson-county","GONE_410","","no unique search evidence in controlled cohort"
"/radon-levels/kansas/jefferson-county","GONE_410","","no unique search evidence in controlled cohort"
"/radon-levels/kansas/jewell-county","GONE_410","","no unique search evidence in controlled cohort"
"/radon-levels/kansas/johnson-county","GONE_410","","no unique search evidence in controlled cohort"
"/radon-levels/kansas/kearny-county","GONE_410","","no unique search evidence in controlled cohort"
"/radon-levels/kansas/kingman-county","GONE_410","","no unique search evidence in controlled cohort"
"/radon-levels/kansas/kiowa-county","GONE_410","","no unique search evidence in controlled cohort"
"/radon-levels/kansas/labette-county","GONE_410","","no unique search evidence in controlled cohort"
"/radon-levels/kansas/lane-county","GONE_410","","no unique search evidence in controlled cohort"
"/radon-levels/kansas/leavenworth-county","GONE_410","","no unique search evidence in controlled cohort"
"/radon-levels/kansas/lincoln-county","GONE_410","","no unique search evidence in controlled cohort"
"/radon-levels/kansas/linn-county","GONE_410","","no unique search evidence in controlled cohort"
"/radon-levels/kansas/logan-county","GONE_410","","no unique search evidence in controlled cohort"
"/radon-levels/kansas/lyon-county","GONE_410","","no unique search evidence in controlled cohort"
"/radon-levels/kansas/marion-county","GONE_410","","no unique search evidence in controlled cohort"
"/radon-levels/kansas/marshall-county","GONE_410","","no unique search evidence in controlled cohort"
"/radon-levels/kansas/mcpherson-county","GONE_410","","no unique search evidence in controlled cohort"
"/radon-levels/kansas/meade-county","GONE_410","","no unique search evidence in controlled cohort"
"/radon-levels/kansas/miami-county","GONE_410","","no unique search evidence in controlled cohort"
"/radon-levels/kansas/mitchell-county","GONE_410","","no unique search evidence in controlled cohort"
"/radon-levels/kansas/montgomery-county","GONE_410","","no unique search evidence in controlled cohort"
"/radon-levels/kansas/morris-county","GONE_410","","no unique search evidence in controlled cohort"
"/radon-levels/kansas/morton-county","GONE_410","","no unique search evidence in controlled cohort"
"/radon-levels/kansas/nemaha-county","GONE_410","","no unique search evidence in controlled cohort"
"/radon-levels/kansas/neosho-county","GONE_410","","no unique search evidence in controlled cohort"
"/radon-levels/kansas/ness-county","GONE_410","","no unique search evidence in controlled cohort"
"/radon-levels/kansas/norton-county","GONE_410","","no unique search evidence in controlled cohort"
"/radon-levels/kansas/osage-county","GONE_410","","no unique search evidence in controlled cohort"
"/radon-levels/kansas/osborne-county","GONE_410","","no unique search evidence in controlled cohort"
"/radon-levels/kansas/ottawa-county","GONE_410","","no unique search evidence in controlled cohort"
"/radon-levels/kansas/pawnee-county","GONE_410","","no unique search evidence in controlled cohort"
"/radon-levels/kansas/phillips-county","GONE_410","","no unique search evidence in controlled cohort"
"/radon-levels/kansas/pottawatomie-county","GONE_410","","no unique search evidence in controlled cohort"
"/radon-levels/kansas/pratt-county","GONE_410","","no unique search evidence in controlled cohort"
"/radon-levels/kansas/rawlins-county","GONE_410","","no unique search evidence in controlled cohort"
"/radon-levels/kansas/reno-county","GONE_410","","no unique search evidence in controlled cohort"
"/radon-levels/kansas/republic-county","GONE_410","","no unique search evidence in controlled cohort"
"/radon-levels/kansas/rice-county","GONE_410","","no unique search evidence in controlled cohort"
"/radon-levels/kansas/riley-county","GONE_410","","no unique search evidence in controlled cohort"
"/radon-levels/kansas/rooks-county","GONE_410","","no unique search evidence in controlled cohort"
"/radon-levels/kansas/rush-county","GONE_410","","no unique search evidence in controlled cohort"
"/radon-levels/kansas/russell-county","GONE_410","","no unique search evidence in controlled cohort"
"/radon-levels/kansas/saline-county","GONE_410","","no unique search evidence in controlled cohort"
"/radon-levels/kansas/scott-county","GONE_410","","no unique search evidence in controlled cohort"
"/radon-levels/kansas/sedgwick-county","GONE_410","","no unique search evidence in controlled cohort"
"/radon-levels/kansas/seward-county","GONE_410","","no unique search evidence in controlled cohort"
"/radon-levels/kansas/shawnee-county","GONE_410","","no unique search evidence in controlled cohort"
"/radon-levels/kansas/sheridan-county","GONE_410","","no unique search evidence in controlled cohort"
"/radon-levels/kansas/sherman-county","GONE_410","","no unique search evidence in controlled cohort"
"/radon-levels/kansas/smith-county","GONE_410","","no unique search evidence in controlled cohort"
"/radon-levels/kansas/stafford-county","GONE_410","","no unique search evidence in controlled cohort"
"/radon-levels/kansas/stanton-county","GONE_410","","no unique search evidence in controlled cohort"
"/radon-levels/kansas/stevens-county","GONE_410","","no unique search evidence in controlled cohort"
"/radon-levels/kansas/sumner-county","GONE_410","","no unique search evidence in controlled cohort"
"/radon-levels/kansas/thomas-county","GONE_410","","no unique search evidence in controlled cohort"
"/radon-levels/kansas/trego-county","GONE_410","","no unique search evidence in controlled cohort"
"/radon-levels/kansas/wabaunsee-county","GONE_410","","no unique search evidence in controlled cohort"
"/radon-levels/kansas/wallace-county","GONE_410","","no unique search evidence in controlled cohort"
"/radon-levels/kansas/washington-county","GONE_410","","no unique search evidence in controlled cohort"
"/radon-levels/kansas/wichita-county","GONE_410","","no unique search evidence in controlled cohort"
"/radon-levels/kansas/wilson-county","GONE_410","","no unique search evidence in controlled cohort"
"/radon-levels/kansas/woodson-county","GONE_410","","no unique search evidence in controlled cohort"
"/radon-levels/kansas/wyandotte-county","GONE_410","","no unique search evidence in controlled cohort"
"/radon-levels/kentucky","GONE_410","","state hub retired"
"/radon-levels/kentucky/adair-county","GONE_410","","no unique search evidence in controlled cohort"
"/radon-levels/kentucky/allen-county","GONE_410","","no unique search evidence in controlled cohort"
"/radon-levels/kentucky/anderson-county","GONE_410","","no unique search evidence in controlled cohort"
"/radon-levels/kentucky/ballard-county","GONE_410","","no unique search evidence in controlled cohort"
"/radon-levels/kentucky/barren-county","GONE_410","","no unique search evidence in controlled cohort"
"/radon-levels/kentucky/bath-county","GONE_410","","no unique search evidence in controlled cohort"
"/radon-levels/kentucky/bell-county","GONE_410","","no unique search evidence in controlled cohort"
"/radon-levels/kentucky/boone-county","GONE_410","","no unique search evidence in controlled cohort"
"/radon-levels/kentucky/bourbon-county","GONE_410","","no unique search evidence in controlled cohort"
"/radon-levels/kentucky/boyd-county","GONE_410","","no unique search evidence in controlled cohort"
"/radon-levels/kentucky/boyle-county","GONE_410","","no unique search evidence in controlled cohort"
"/radon-levels/kentucky/bracken-county","GONE_410","","no unique search evidence in controlled cohort"
"/radon-levels/kentucky/breathitt-county","GONE_410","","no unique search evidence in controlled cohort"
"/radon-levels/kentucky/breckinridge-county","GONE_410","","no unique search evidence in controlled cohort"
"/radon-levels/kentucky/bullitt-county","GONE_410","","no unique search evidence in controlled cohort"
"/radon-levels/kentucky/butler-county","GONE_410","","no unique search evidence in controlled cohort"
"/radon-levels/kentucky/caldwell-county","GONE_410","","no unique search evidence in controlled cohort"
"/radon-levels/kentucky/calloway-county","GONE_410","","no unique search evidence in controlled cohort"
"/radon-levels/kentucky/campbell-county","GONE_410","","no unique search evidence in controlled cohort"
"/radon-levels/kentucky/carlisle-county","GONE_410","","no unique search evidence in controlled cohort"
"/radon-levels/kentucky/carroll-county","GONE_410","","no unique search evidence in controlled cohort"
"/radon-levels/kentucky/carter-county","GONE_410","","no unique search evidence in controlled cohort"
"/radon-levels/kentucky/casey-county","GONE_410","","no unique search evidence in controlled cohort"
"/radon-levels/kentucky/christian-county","GONE_410","","no unique search evidence in controlled cohort"
"/radon-levels/kentucky/clark-county","GONE_410","","no unique search evidence in controlled cohort"
"/radon-levels/kentucky/clay-county","GONE_410","","no unique search evidence in controlled cohort"
"/radon-levels/kentucky/clinton-county","GONE_410","","no unique search evidence in controlled cohort"
"/radon-levels/kentucky/crittenden-county","GONE_410","","no unique search evidence in controlled cohort"
"/radon-levels/kentucky/cumberland-county","GONE_410","","no unique search evidence in controlled cohort"
"/radon-levels/kentucky/daviess-county","GONE_410","","no unique search evidence in controlled cohort"
"/radon-levels/kentucky/edmonson-county","GONE_410","","no unique search evidence in controlled cohort"
"/radon-levels/kentucky/elliott-county","GONE_410","","no unique search evidence in controlled cohort"
"/radon-levels/kentucky/estill-county","GONE_410","","no unique search evidence in controlled cohort"
"/radon-levels/kentucky/fayette-county","GONE_410","","no unique search evidence in controlled cohort"
"/radon-levels/kentucky/fleming-county","GONE_410","","no unique search evidence in controlled cohort"
"/radon-levels/kentucky/floyd-county","GONE_410","","no unique search evidence in controlled cohort"
"/radon-levels/kentucky/franklin-county","GONE_410","","no unique search evidence in controlled cohort"
"/radon-levels/kentucky/fulton-county","GONE_410","","no unique search evidence in controlled cohort"
"/radon-levels/kentucky/gallatin-county","GONE_410","","no unique search evidence in controlled cohort"
"/radon-levels/kentucky/garrard-county","GONE_410","","no unique search evidence in controlled cohort"
"/radon-levels/kentucky/grant-county","GONE_410","","no unique search evidence in controlled cohort"
"/radon-levels/kentucky/graves-county","GONE_410","","no unique search evidence in controlled cohort"
"/radon-levels/kentucky/grayson-county","GONE_410","","no unique search evidence in controlled cohort"
"/radon-levels/kentucky/green-county","GONE_410","","no unique search evidence in controlled cohort"
"/radon-levels/kentucky/greenup-county","GONE_410","","no unique search evidence in controlled cohort"
"/radon-levels/kentucky/hancock-county","GONE_410","","no unique search evidence in controlled cohort"
"/radon-levels/kentucky/hardin-county","GONE_410","","no unique search evidence in controlled cohort"
"/radon-levels/kentucky/harlan-county","GONE_410","","no unique search evidence in controlled cohort"
"/radon-levels/kentucky/harrison-county","GONE_410","","no unique search evidence in controlled cohort"
"/radon-levels/kentucky/hart-county","GONE_410","","no unique search evidence in controlled cohort"
"/radon-levels/kentucky/henderson-county","GONE_410","","no unique search evidence in controlled cohort"
"/radon-levels/kentucky/henry-county","GONE_410","","no unique search evidence in controlled cohort"
"/radon-levels/kentucky/hickman-county","GONE_410","","no unique search evidence in controlled cohort"
"/radon-levels/kentucky/hopkins-county","GONE_410","","no unique search evidence in controlled cohort"
"/radon-levels/kentucky/jackson-county","GONE_410","","no unique search evidence in controlled cohort"
"/radon-levels/kentucky/jefferson-county","GONE_410","","no unique search evidence in controlled cohort"
"/radon-levels/kentucky/jessamine-county","GONE_410","","no unique search evidence in controlled cohort"
"/radon-levels/kentucky/johnson-county","GONE_410","","no unique search evidence in controlled cohort"
"/radon-levels/kentucky/kenton-county","GONE_410","","no unique search evidence in controlled cohort"
"/radon-levels/kentucky/knott-county","GONE_410","","no unique search evidence in controlled cohort"
"/radon-levels/kentucky/knox-county","GONE_410","","no unique search evidence in controlled cohort"
"/radon-levels/kentucky/larue-county","GONE_410","","no unique search evidence in controlled cohort"
"/radon-levels/kentucky/laurel-county","GONE_410","","no unique search evidence in controlled cohort"
"/radon-levels/kentucky/lawrence-county","GONE_410","","no unique search evidence in controlled cohort"
"/radon-levels/kentucky/lee-county","GONE_410","","no unique search evidence in controlled cohort"
"/radon-levels/kentucky/leslie-county","GONE_410","","no unique search evidence in controlled cohort"
"/radon-levels/kentucky/letcher-county","GONE_410","","no unique search evidence in controlled cohort"
"/radon-levels/kentucky/lewis-county","GONE_410","","no unique search evidence in controlled cohort"
"/radon-levels/kentucky/lincoln-county","GONE_410","","no unique search evidence in controlled cohort"
"/radon-levels/kentucky/livingston-county","GONE_410","","no unique search evidence in controlled cohort"
"/radon-levels/kentucky/logan-county","GONE_410","","no unique search evidence in controlled cohort"
"/radon-levels/kentucky/lyon-county","GONE_410","","no unique search evidence in controlled cohort"
"/radon-levels/kentucky/madison-county","GONE_410","","no unique search evidence in controlled cohort"
"/radon-levels/kentucky/magoffin-county","GONE_410","","no unique search evidence in controlled cohort"
"/radon-levels/kentucky/marion-county","GONE_410","","no unique search evidence in controlled cohort"
"/radon-levels/kentucky/marshall-county","GONE_410","","no unique search evidence in controlled cohort"
"/radon-levels/kentucky/martin-county","GONE_410","","no unique search evidence in controlled cohort"
"/radon-levels/kentucky/mason-county","GONE_410","","no unique search evidence in controlled cohort"
"/radon-levels/kentucky/mccracken-county","GONE_410","","no unique search evidence in controlled cohort"
"/radon-levels/kentucky/mccreary-county","GONE_410","","no unique search evidence in controlled cohort"
"/radon-levels/kentucky/mclean-county","GONE_410","","no unique search evidence in controlled cohort"
"/radon-levels/kentucky/meade-county","GONE_410","","no unique search evidence in controlled cohort"
"/radon-levels/kentucky/menifee-county","GONE_410","","no unique search evidence in controlled cohort"
"/radon-levels/kentucky/mercer-county","GONE_410","","no unique search evidence in controlled cohort"
"/radon-levels/kentucky/metcalfe-county","GONE_410","","no unique search evidence in controlled cohort"
"/radon-levels/kentucky/monroe-county","GONE_410","","no unique search evidence in controlled cohort"
"/radon-levels/kentucky/montgomery-county","GONE_410","","no unique search evidence in controlled cohort"
"/radon-levels/kentucky/morgan-county","GONE_410","","no unique search evidence in controlled cohort"
"/radon-levels/kentucky/muhlenberg-county","GONE_410","","no unique search evidence in controlled cohort"
"/radon-levels/kentucky/nelson-county","GONE_410","","no unique search evidence in controlled cohort"
"/radon-levels/kentucky/nicholas-county","GONE_410","","no unique search evidence in controlled cohort"
"/radon-levels/kentucky/ohio-county","GONE_410","","no unique search evidence in controlled cohort"
"/radon-levels/kentucky/oldham-county","GONE_410","","no unique search evidence in controlled cohort"
"/radon-levels/kentucky/owen-county","GONE_410","","no unique search evidence in controlled cohort"
"/radon-levels/kentucky/owsley-county","GONE_410","","no unique search evidence in controlled cohort"
"/radon-levels/kentucky/pendleton-county","GONE_410","","no unique search evidence in controlled cohort"
"/radon-levels/kentucky/perry-county","GONE_410","","no unique search evidence in controlled cohort"
"/radon-levels/kentucky/pike-county","GONE_410","","no unique search evidence in controlled cohort"
"/radon-levels/kentucky/powell-county","GONE_410","","no unique search evidence in controlled cohort"
"/radon-levels/kentucky/pulaski-county","GONE_410","","no unique search evidence in controlled cohort"
"/radon-levels/kentucky/robertson-county","GONE_410","","no unique search evidence in controlled cohort"
"/radon-levels/kentucky/rockcastle-county","GONE_410","","no unique search evidence in controlled cohort"
"/radon-levels/kentucky/rowan-county","GONE_410","","no unique search evidence in controlled cohort"
"/radon-levels/kentucky/russell-county","GONE_410","","no unique search evidence in controlled cohort"
"/radon-levels/kentucky/scott-county","GONE_410","","no unique search evidence in controlled cohort"
"/radon-levels/kentucky/shelby-county","GONE_410","","no unique search evidence in controlled cohort"
"/radon-levels/kentucky/simpson-county","GONE_410","","no unique search evidence in controlled cohort"
"/radon-levels/kentucky/spencer-county","GONE_410","","no unique search evidence in controlled cohort"
"/radon-levels/kentucky/taylor-county","GONE_410","","no unique search evidence in controlled cohort"
"/radon-levels/kentucky/todd-county","GONE_410","","no unique search evidence in controlled cohort"
"/radon-levels/kentucky/trigg-county","GONE_410","","no unique search evidence in controlled cohort"
"/radon-levels/kentucky/trimble-county","GONE_410","","no unique search evidence in controlled cohort"
"/radon-levels/kentucky/union-county","GONE_410","","no unique search evidence in controlled cohort"
"/radon-levels/kentucky/warren-county","GONE_410","","no unique search evidence in controlled cohort"
"/radon-levels/kentucky/washington-county","GONE_410","","no unique search evidence in controlled cohort"
"/radon-levels/kentucky/wayne-county","GONE_410","","no unique search evidence in controlled cohort"
"/radon-levels/kentucky/webster-county","GONE_410","","no unique search evidence in controlled cohort"
"/radon-levels/kentucky/whitley-county","GONE_410","","no unique search evidence in controlled cohort"
"/radon-levels/kentucky/wolfe-county","GONE_410","","no unique search evidence in controlled cohort"
"/radon-levels/kentucky/woodford-county","GONE_410","","no unique search evidence in controlled cohort"
"/radon-levels/louisiana","GONE_410","","state hub retired"
"/radon-levels/louisiana/acadia-parish","GONE_410","","no unique search evidence in controlled cohort"
"/radon-levels/louisiana/allen-parish","GONE_410","","no unique search evidence in controlled cohort"
"/radon-levels/louisiana/ascension-parish","GONE_410","","no unique search evidence in controlled cohort"
"/radon-levels/louisiana/assumption-parish","GONE_410","","no unique search evidence in controlled cohort"
"/radon-levels/louisiana/avoyelles-parish","GONE_410","","no unique search evidence in controlled cohort"
"/radon-levels/louisiana/beauregard-parish","GONE_410","","no unique search evidence in controlled cohort"
"/radon-levels/louisiana/bienville-parish","GONE_410","","no unique search evidence in controlled cohort"
"/radon-levels/louisiana/bossier-parish","GONE_410","","no unique search evidence in controlled cohort"
"/radon-levels/louisiana/caddo-parish","GONE_410","","no unique search evidence in controlled cohort"
"/radon-levels/louisiana/calcasieu-parish","GONE_410","","no unique search evidence in controlled cohort"
"/radon-levels/louisiana/caldwell-parish","GONE_410","","no unique search evidence in controlled cohort"
"/radon-levels/louisiana/cameron-parish","GONE_410","","no unique search evidence in controlled cohort"
"/radon-levels/louisiana/catahoula-parish","GONE_410","","no unique search evidence in controlled cohort"
"/radon-levels/louisiana/claiborne-parish","GONE_410","","no unique search evidence in controlled cohort"
"/radon-levels/louisiana/concordia-parish","GONE_410","","no unique search evidence in controlled cohort"
"/radon-levels/louisiana/de-soto-parish","GONE_410","","no unique search evidence in controlled cohort"
"/radon-levels/louisiana/east-baton-rouge-parish","GONE_410","","no unique search evidence in controlled cohort"
"/radon-levels/louisiana/east-carroll-parish","GONE_410","","no unique search evidence in controlled cohort"
"/radon-levels/louisiana/east-feliciana-parish","GONE_410","","no unique search evidence in controlled cohort"
"/radon-levels/louisiana/evangeline-parish","GONE_410","","no unique search evidence in controlled cohort"
"/radon-levels/louisiana/franklin-parish","GONE_410","","no unique search evidence in controlled cohort"
"/radon-levels/louisiana/grant-parish","GONE_410","","no unique search evidence in controlled cohort"
"/radon-levels/louisiana/iberia-parish","GONE_410","","no unique search evidence in controlled cohort"
"/radon-levels/louisiana/iberville-parish","GONE_410","","no unique search evidence in controlled cohort"
"/radon-levels/louisiana/jackson-parish","GONE_410","","no unique search evidence in controlled cohort"
"/radon-levels/louisiana/jefferson-davis-parish","GONE_410","","no unique search evidence in controlled cohort"
"/radon-levels/louisiana/jefferson-parish","GONE_410","","no unique search evidence in controlled cohort"
"/radon-levels/louisiana/la-salle-parish","GONE_410","","no unique search evidence in controlled cohort"
"/radon-levels/louisiana/lafayette-parish","GONE_410","","no unique search evidence in controlled cohort"
"/radon-levels/louisiana/lafourche-parish","GONE_410","","no unique search evidence in controlled cohort"
"/radon-levels/louisiana/lincoln-parish","GONE_410","","no unique search evidence in controlled cohort"
"/radon-levels/louisiana/livingston-parish","GONE_410","","no unique search evidence in controlled cohort"
"/radon-levels/louisiana/madison-parish","GONE_410","","no unique search evidence in controlled cohort"
"/radon-levels/louisiana/morehouse-parish","GONE_410","","no unique search evidence in controlled cohort"
"/radon-levels/louisiana/natchitoches-parish","GONE_410","","no unique search evidence in controlled cohort"
"/radon-levels/louisiana/orleans-parish","GONE_410","","no unique search evidence in controlled cohort"
"/radon-levels/louisiana/ouachita-parish","GONE_410","","no unique search evidence in controlled cohort"
"/radon-levels/louisiana/plaquemines-parish","GONE_410","","no unique search evidence in controlled cohort"
"/radon-levels/louisiana/pointe-coupee-parish","GONE_410","","no unique search evidence in controlled cohort"
"/radon-levels/louisiana/rapides-parish","GONE_410","","no unique search evidence in controlled cohort"
"/radon-levels/louisiana/red-river-parish","GONE_410","","no unique search evidence in controlled cohort"
"/radon-levels/louisiana/richland-parish","GONE_410","","no unique search evidence in controlled cohort"
"/radon-levels/louisiana/sabine-parish","GONE_410","","no unique search evidence in controlled cohort"
"/radon-levels/louisiana/st-bernard-parish","GONE_410","","no unique search evidence in controlled cohort"
"/radon-levels/louisiana/st-charles-parish","GONE_410","","no unique search evidence in controlled cohort"
"/radon-levels/louisiana/st-helena-parish","GONE_410","","no unique search evidence in controlled cohort"
"/radon-levels/louisiana/st-james-parish","GONE_410","","no unique search evidence in controlled cohort"
"/radon-levels/louisiana/st-john-the-baptist-parish","GONE_410","","no unique search evidence in controlled cohort"
"/radon-levels/louisiana/st-landry-parish","GONE_410","","no unique search evidence in controlled cohort"
"/radon-levels/louisiana/st-martin-parish","GONE_410","","no unique search evidence in controlled cohort"
"/radon-levels/louisiana/st-mary-parish","GONE_410","","no unique search evidence in controlled cohort"
"/radon-levels/louisiana/st-tammany-parish","GONE_410","","no unique search evidence in controlled cohort"
"/radon-levels/louisiana/tangipahoa-parish","GONE_410","","no unique search evidence in controlled cohort"
"/radon-levels/louisiana/tensas-parish","GONE_410","","no unique search evidence in controlled cohort"
"/radon-levels/louisiana/terrebonne-parish","GONE_410","","no unique search evidence in controlled cohort"
"/radon-levels/louisiana/union-parish","GONE_410","","no unique search evidence in controlled cohort"
"/radon-levels/louisiana/vermilion-parish","GONE_410","","no unique search evidence in controlled cohort"
"/radon-levels/louisiana/vernon-parish","GONE_410","","no unique search evidence in controlled cohort"
"/radon-levels/louisiana/washington-parish","GONE_410","","no unique search evidence in controlled cohort"
"/radon-levels/louisiana/webster-parish","GONE_410","","no unique search evidence in controlled cohort"
"/radon-levels/louisiana/west-baton-rouge-parish","GONE_410","","no unique search evidence in controlled cohort"
"/radon-levels/louisiana/west-carroll-parish","GONE_410","","no unique search evidence in controlled cohort"
"/radon-levels/louisiana/west-feliciana-parish","GONE_410","","no unique search evidence in controlled cohort"
"/radon-levels/louisiana/winn-parish","GONE_410","","no unique search evidence in controlled cohort"
"/radon-levels/maine","GONE_410","","state hub retired"
"/radon-levels/maine/androscoggin-county","GONE_410","","no unique search evidence in controlled cohort"
"/radon-levels/maine/aroostook-county","GONE_410","","no unique search evidence in controlled cohort"
"/radon-levels/maine/cumberland-county","GONE_410","","no unique search evidence in controlled cohort"
"/radon-levels/maine/franklin-county","GONE_410","","no unique search evidence in controlled cohort"
"/radon-levels/maine/hancock-county","GONE_410","","no unique search evidence in controlled cohort"
"/radon-levels/maine/kennebec-county","GONE_410","","no unique search evidence in controlled cohort"
"/radon-levels/maine/knox-county","GONE_410","","no unique search evidence in controlled cohort"
"/radon-levels/maine/lincoln-county","GONE_410","","no unique search evidence in controlled cohort"
"/radon-levels/maine/oxford-county","GONE_410","","no unique search evidence in controlled cohort"
"/radon-levels/maine/penobscot-county","GONE_410","","no unique search evidence in controlled cohort"
"/radon-levels/maine/piscataquis-county","GONE_410","","no unique search evidence in controlled cohort"
"/radon-levels/maine/sagadahoc-county","GONE_410","","no unique search evidence in controlled cohort"
"/radon-levels/maine/somerset-county","GONE_410","","no unique search evidence in controlled cohort"
"/radon-levels/maine/waldo-county","GONE_410","","no unique search evidence in controlled cohort"
"/radon-levels/maine/washington-county","GONE_410","","no unique search evidence in controlled cohort"
"/radon-levels/maine/york-county","GONE_410","","no unique search evidence in controlled cohort"
"/radon-levels/maryland","GONE_410","","state hub retired"
"/radon-levels/maryland/allegany-county","GONE_410","","no unique search evidence in controlled cohort"
"/radon-levels/maryland/anne-arundel-county","GONE_410","","no unique search evidence in controlled cohort"
"/radon-levels/maryland/baltimore-city","GONE_410","","no unique search evidence in controlled cohort"
"/radon-levels/maryland/baltimore-county","GONE_410","","no unique search evidence in controlled cohort"
"/radon-levels/maryland/calvert-county","GONE_410","","no unique search evidence in controlled cohort"
"/radon-levels/maryland/caroline-county","GONE_410","","no unique search evidence in controlled cohort"
"/radon-levels/maryland/carroll-county","GONE_410","","no unique search evidence in controlled cohort"
"/radon-levels/maryland/cecil-county","GONE_410","","no unique search evidence in controlled cohort"
"/radon-levels/maryland/charles-county","GONE_410","","no unique search evidence in controlled cohort"
"/radon-levels/maryland/dorchester-county","GONE_410","","no unique search evidence in controlled cohort"
"/radon-levels/maryland/frederick-county","GONE_410","","no unique search evidence in controlled cohort"
"/radon-levels/maryland/garrett-county","GONE_410","","no unique search evidence in controlled cohort"
"/radon-levels/maryland/harford-county","GONE_410","","no unique search evidence in controlled cohort"
"/radon-levels/maryland/howard-county","GONE_410","","no unique search evidence in controlled cohort"
"/radon-levels/maryland/kent-county","GONE_410","","no unique search evidence in controlled cohort"
"/radon-levels/maryland/montgomery-county","GONE_410","","no unique search evidence in controlled cohort"
"/radon-levels/maryland/prince-georges-county","GONE_410","","no unique search evidence in controlled cohort"
"/radon-levels/maryland/queen-annes-county","GONE_410","","no unique search evidence in controlled cohort"
"/radon-levels/maryland/somerset-county","GONE_410","","no unique search evidence in controlled cohort"
"/radon-levels/maryland/st-marys-county","GONE_410","","no unique search evidence in controlled cohort"
"/radon-levels/maryland/talbot-county","GONE_410","","no unique search evidence in controlled cohort"
"/radon-levels/maryland/washington-county","GONE_410","","no unique search evidence in controlled cohort"
"/radon-levels/maryland/wicomico-county","GONE_410","","no unique search evidence in controlled cohort"
"/radon-levels/maryland/worcester-county","GONE_410","","no unique search evidence in controlled cohort"
"/radon-levels/massachusetts","GONE_410","","state hub retired"
"/radon-levels/massachusetts/barnstable-county","GONE_410","","no unique search evidence in controlled cohort"
"/radon-levels/massachusetts/berkshire-county","GONE_410","","no unique search evidence in controlled cohort"
"/radon-levels/massachusetts/bristol-county","GONE_410","","no unique search evidence in controlled cohort"
"/radon-levels/massachusetts/dukes-county","GONE_410","","no unique search evidence in controlled cohort"
"/radon-levels/massachusetts/essex-county","GONE_410","","no unique search evidence in controlled cohort"
"/radon-levels/massachusetts/franklin-county","GONE_410","","no unique search evidence in controlled cohort"
"/radon-levels/massachusetts/hampden-county","GONE_410","","no unique search evidence in controlled cohort"
"/radon-levels/massachusetts/hampshire-county","GONE_410","","no unique search evidence in controlled cohort"
"/radon-levels/massachusetts/middlesex-county","GONE_410","","no unique search evidence in controlled cohort"
"/radon-levels/massachusetts/nantucket-county","GONE_410","","no unique search evidence in controlled cohort"
"/radon-levels/massachusetts/norfolk-county","GONE_410","","no unique search evidence in controlled cohort"
"/radon-levels/massachusetts/plymouth-county","GONE_410","","no unique search evidence in controlled cohort"
"/radon-levels/massachusetts/suffolk-county","GONE_410","","no unique search evidence in controlled cohort"
"/radon-levels/massachusetts/worcester-county","GONE_410","","no unique search evidence in controlled cohort"
"/radon-levels/michigan","GONE_410","","state hub retired"
"/radon-levels/michigan/alcona-county","GONE_410","","no unique search evidence in controlled cohort"
"/radon-levels/michigan/alger-county","GONE_410","","no unique search evidence in controlled cohort"
"/radon-levels/michigan/allegan-county","GONE_410","","no unique search evidence in controlled cohort"
"/radon-levels/michigan/alpena-county","GONE_410","","no unique search evidence in controlled cohort"
"/radon-levels/michigan/antrim-county","GONE_410","","no unique search evidence in controlled cohort"
"/radon-levels/michigan/arenac-county","GONE_410","","no unique search evidence in controlled cohort"
"/radon-levels/michigan/baraga-county","GONE_410","","no unique search evidence in controlled cohort"
"/radon-levels/michigan/barry-county","GONE_410","","no unique search evidence in controlled cohort"
"/radon-levels/michigan/bay-county","GONE_410","","no unique search evidence in controlled cohort"
"/radon-levels/michigan/benzie-county","GONE_410","","no unique search evidence in controlled cohort"
"/radon-levels/michigan/berrien-county","GONE_410","","no unique search evidence in controlled cohort"
"/radon-levels/michigan/branch-county","GONE_410","","no unique search evidence in controlled cohort"
"/radon-levels/michigan/calhoun-county","GONE_410","","no unique search evidence in controlled cohort"
"/radon-levels/michigan/cass-county","GONE_410","","no unique search evidence in controlled cohort"
"/radon-levels/michigan/charlevoix-county","GONE_410","","no unique search evidence in controlled cohort"
"/radon-levels/michigan/cheboygan-county","GONE_410","","no unique search evidence in controlled cohort"
"/radon-levels/michigan/chippewa-county","GONE_410","","no unique search evidence in controlled cohort"
"/radon-levels/michigan/clare-county","GONE_410","","no unique search evidence in controlled cohort"
"/radon-levels/michigan/clinton-county","GONE_410","","no unique search evidence in controlled cohort"
"/radon-levels/michigan/crawford-county","GONE_410","","no unique search evidence in controlled cohort"
"/radon-levels/michigan/delta-county","GONE_410","","no unique search evidence in controlled cohort"
"/radon-levels/michigan/dickinson-county","GONE_410","","no unique search evidence in controlled cohort"
"/radon-levels/michigan/eaton-county","GONE_410","","no unique search evidence in controlled cohort"
"/radon-levels/michigan/emmet-county","GONE_410","","no unique search evidence in controlled cohort"
"/radon-levels/michigan/genesee-county","GONE_410","","no unique search evidence in controlled cohort"
"/radon-levels/michigan/gladwin-county","GONE_410","","no unique search evidence in controlled cohort"
"/radon-levels/michigan/gogebic-county","GONE_410","","no unique search evidence in controlled cohort"
"/radon-levels/michigan/grand-traverse-county","GONE_410","","no unique search evidence in controlled cohort"
"/radon-levels/michigan/gratiot-county","GONE_410","","no unique search evidence in controlled cohort"
"/radon-levels/michigan/hillsdale-county","GONE_410","","no unique search evidence in controlled cohort"
"/radon-levels/michigan/houghton-county","GONE_410","","no unique search evidence in controlled cohort"
"/radon-levels/michigan/huron-county","GONE_410","","no unique search evidence in controlled cohort"
"/radon-levels/michigan/ingham-county","GONE_410","","no unique search evidence in controlled cohort"
"/radon-levels/michigan/ionia-county","GONE_410","","no unique search evidence in controlled cohort"
"/radon-levels/michigan/iosco-county","GONE_410","","no unique search evidence in controlled cohort"
"/radon-levels/michigan/iron-county","GONE_410","","no unique search evidence in controlled cohort"
"/radon-levels/michigan/isabella-county","GONE_410","","no unique search evidence in controlled cohort"
"/radon-levels/michigan/jackson-county","GONE_410","","no unique search evidence in controlled cohort"
"/radon-levels/michigan/kalamazoo-county","GONE_410","","no unique search evidence in controlled cohort"
"/radon-levels/michigan/kalkaska-county","GONE_410","","no unique search evidence in controlled cohort"
"/radon-levels/michigan/kent-county","GONE_410","","no unique search evidence in controlled cohort"
"/radon-levels/michigan/keweenaw-county","GONE_410","","no unique search evidence in controlled cohort"
"/radon-levels/michigan/lake-county","GONE_410","","no unique search evidence in controlled cohort"
"/radon-levels/michigan/lapeer-county","GONE_410","","no unique search evidence in controlled cohort"
"/radon-levels/michigan/leelanau-county","GONE_410","","no unique search evidence in controlled cohort"
"/radon-levels/michigan/lenawee-county","GONE_410","","no unique search evidence in controlled cohort"
"/radon-levels/michigan/livingston-county","GONE_410","","no unique search evidence in controlled cohort"
"/radon-levels/michigan/luce-county","GONE_410","","no unique search evidence in controlled cohort"
"/radon-levels/michigan/mackinac-county","GONE_410","","no unique search evidence in controlled cohort"
"/radon-levels/michigan/macomb-county","GONE_410","","no unique search evidence in controlled cohort"
"/radon-levels/michigan/manistee-county","GONE_410","","no unique search evidence in controlled cohort"
"/radon-levels/michigan/marquette-county","GONE_410","","no unique search evidence in controlled cohort"
"/radon-levels/michigan/mason-county","GONE_410","","no unique search evidence in controlled cohort"
"/radon-levels/michigan/mecosta-county","GONE_410","","no unique search evidence in controlled cohort"
"/radon-levels/michigan/menominee-county","GONE_410","","no unique search evidence in controlled cohort"
"/radon-levels/michigan/midland-county","GONE_410","","no unique search evidence in controlled cohort"
"/radon-levels/michigan/missaukee-county","GONE_410","","no unique search evidence in controlled cohort"
"/radon-levels/michigan/monroe-county","GONE_410","","no unique search evidence in controlled cohort"
"/radon-levels/michigan/montcalm-county","GONE_410","","no unique search evidence in controlled cohort"
"/radon-levels/michigan/montmorency-county","GONE_410","","no unique search evidence in controlled cohort"
"/radon-levels/michigan/muskegon-county","GONE_410","","no unique search evidence in controlled cohort"
"/radon-levels/michigan/newaygo-county","GONE_410","","no unique search evidence in controlled cohort"
"/radon-levels/michigan/oakland-county","GONE_410","","no unique search evidence in controlled cohort"
"/radon-levels/michigan/oceana-county","GONE_410","","no unique search evidence in controlled cohort"
"/radon-levels/michigan/ogemaw-county","GONE_410","","no unique search evidence in controlled cohort"
"/radon-levels/michigan/ontonagon-county","GONE_410","","no unique search evidence in controlled cohort"
"/radon-levels/michigan/osceola-county","GONE_410","","no unique search evidence in controlled cohort"
"/radon-levels/michigan/oscoda-county","GONE_410","","no unique search evidence in controlled cohort"
"/radon-levels/michigan/otsego-county","GONE_410","","no unique search evidence in controlled cohort"
"/radon-levels/michigan/ottawa-county","GONE_410","","no unique search evidence in controlled cohort"
"/radon-levels/michigan/presque-isle-county","GONE_410","","no unique search evidence in controlled cohort"
"/radon-levels/michigan/roscommon-county","GONE_410","","no unique search evidence in controlled cohort"
"/radon-levels/michigan/saginaw-county","GONE_410","","no unique search evidence in controlled cohort"
"/radon-levels/michigan/sanilac-county","GONE_410","","no unique search evidence in controlled cohort"
"/radon-levels/michigan/schoolcraft-county","GONE_410","","no unique search evidence in controlled cohort"
"/radon-levels/michigan/shiawassee-county","GONE_410","","no unique search evidence in controlled cohort"
"/radon-levels/michigan/st-clair-county","GONE_410","","no unique search evidence in controlled cohort"
"/radon-levels/michigan/st-joseph-county","GONE_410","","no unique search evidence in controlled cohort"
"/radon-levels/michigan/tuscola-county","GONE_410","","no unique search evidence in controlled cohort"
"/radon-levels/michigan/van-buren-county","GONE_410","","no unique search evidence in controlled cohort"
"/radon-levels/michigan/washtenaw-county","GONE_410","","no unique search evidence in controlled cohort"
"/radon-levels/michigan/wayne-county","GONE_410","","no unique search evidence in controlled cohort"
"/radon-levels/michigan/wexford-county","GONE_410","","no unique search evidence in controlled cohort"
"/radon-levels/minnesota","GONE_410","","state hub retired"
"/radon-levels/minnesota/aitkin-county","GONE_410","","no unique search evidence in controlled cohort"
"/radon-levels/minnesota/anoka-county","GONE_410","","no unique search evidence in controlled cohort"
"/radon-levels/minnesota/becker-county","GONE_410","","no unique search evidence in controlled cohort"
"/radon-levels/minnesota/beltrami-county","GONE_410","","no unique search evidence in controlled cohort"
"/radon-levels/minnesota/benton-county","GONE_410","","no unique search evidence in controlled cohort"
"/radon-levels/minnesota/big-stone-county","GONE_410","","no unique search evidence in controlled cohort"
"/radon-levels/minnesota/blue-earth-county","GONE_410","","no unique search evidence in controlled cohort"
"/radon-levels/minnesota/brown-county","GONE_410","","no unique search evidence in controlled cohort"
"/radon-levels/minnesota/carlton-county","GONE_410","","no unique search evidence in controlled cohort"
"/radon-levels/minnesota/carver-county","GONE_410","","no unique search evidence in controlled cohort"
"/radon-levels/minnesota/cass-county","GONE_410","","no unique search evidence in controlled cohort"
"/radon-levels/minnesota/chippewa-county","GONE_410","","no unique search evidence in controlled cohort"
"/radon-levels/minnesota/chisago-county","GONE_410","","no unique search evidence in controlled cohort"
"/radon-levels/minnesota/clay-county","GONE_410","","no unique search evidence in controlled cohort"
"/radon-levels/minnesota/clearwater-county","GONE_410","","no unique search evidence in controlled cohort"
"/radon-levels/minnesota/cook-county","GONE_410","","no unique search evidence in controlled cohort"
"/radon-levels/minnesota/cottonwood-county","GONE_410","","no unique search evidence in controlled cohort"
"/radon-levels/minnesota/crow-wing-county","GONE_410","","no unique search evidence in controlled cohort"
"/radon-levels/minnesota/dakota-county","GONE_410","","no unique search evidence in controlled cohort"
"/radon-levels/minnesota/dodge-county","GONE_410","","no unique search evidence in controlled cohort"
"/radon-levels/minnesota/douglas-county","GONE_410","","no unique search evidence in controlled cohort"
"/radon-levels/minnesota/faribault-county","GONE_410","","no unique search evidence in controlled cohort"
"/radon-levels/minnesota/fillmore-county","GONE_410","","no unique search evidence in controlled cohort"
"/radon-levels/minnesota/freeborn-county","GONE_410","","no unique search evidence in controlled cohort"
"/radon-levels/minnesota/goodhue-county","GONE_410","","no unique search evidence in controlled cohort"
"/radon-levels/minnesota/grant-county","GONE_410","","no unique search evidence in controlled cohort"
"/radon-levels/minnesota/hennepin-county","GONE_410","","no unique search evidence in controlled cohort"
"/radon-levels/minnesota/houston-county","GONE_410","","no unique search evidence in controlled cohort"
"/radon-levels/minnesota/hubbard-county","GONE_410","","no unique search evidence in controlled cohort"
"/radon-levels/minnesota/isanti-county","GONE_410","","no unique search evidence in controlled cohort"
"/radon-levels/minnesota/itasca-county","GONE_410","","no unique search evidence in controlled cohort"
"/radon-levels/minnesota/jackson-county","GONE_410","","no unique search evidence in controlled cohort"
"/radon-levels/minnesota/kanabec-county","GONE_410","","no unique search evidence in controlled cohort"
"/radon-levels/minnesota/kandiyohi-county","GONE_410","","no unique search evidence in controlled cohort"
"/radon-levels/minnesota/kittson-county","GONE_410","","no unique search evidence in controlled cohort"
"/radon-levels/minnesota/koochiching-county","GONE_410","","no unique search evidence in controlled cohort"
"/radon-levels/minnesota/lac-qui-parle-county","GONE_410","","no unique search evidence in controlled cohort"
"/radon-levels/minnesota/lake-county","GONE_410","","no unique search evidence in controlled cohort"
"/radon-levels/minnesota/lake-of-the-woods-county","GONE_410","","no unique search evidence in controlled cohort"
"/radon-levels/minnesota/le-sueur-county","GONE_410","","no unique search evidence in controlled cohort"
"/radon-levels/minnesota/lincoln-county","GONE_410","","no unique search evidence in controlled cohort"
"/radon-levels/minnesota/lyon-county","GONE_410","","no unique search evidence in controlled cohort"
"/radon-levels/minnesota/mahnomen-county","GONE_410","","no unique search evidence in controlled cohort"
"/radon-levels/minnesota/marshall-county","GONE_410","","no unique search evidence in controlled cohort"
"/radon-levels/minnesota/martin-county","GONE_410","","no unique search evidence in controlled cohort"
"/radon-levels/minnesota/mcleod-county","GONE_410","","no unique search evidence in controlled cohort"
"/radon-levels/minnesota/meeker-county","GONE_410","","no unique search evidence in controlled cohort"
"/radon-levels/minnesota/mille-lacs-county","GONE_410","","no unique search evidence in controlled cohort"
"/radon-levels/minnesota/morrison-county","GONE_410","","no unique search evidence in controlled cohort"
"/radon-levels/minnesota/mower-county","GONE_410","","no unique search evidence in controlled cohort"
"/radon-levels/minnesota/murray-county","GONE_410","","no unique search evidence in controlled cohort"
"/radon-levels/minnesota/nicollet-county","GONE_410","","no unique search evidence in controlled cohort"
"/radon-levels/minnesota/nobles-county","GONE_410","","no unique search evidence in controlled cohort"
"/radon-levels/minnesota/norman-county","GONE_410","","no unique search evidence in controlled cohort"
"/radon-levels/minnesota/olmsted-county","GONE_410","","no unique search evidence in controlled cohort"
"/radon-levels/minnesota/otter-tail-county","GONE_410","","no unique search evidence in controlled cohort"
"/radon-levels/minnesota/pennington-county","GONE_410","","no unique search evidence in controlled cohort"
"/radon-levels/minnesota/pine-county","GONE_410","","no unique search evidence in controlled cohort"
"/radon-levels/minnesota/pipestone-county","GONE_410","","no unique search evidence in controlled cohort"
"/radon-levels/minnesota/polk-county","GONE_410","","no unique search evidence in controlled cohort"
"/radon-levels/minnesota/pope-county","GONE_410","","no unique search evidence in controlled cohort"
"/radon-levels/minnesota/ramsey-county","GONE_410","","no unique search evidence in controlled cohort"
"/radon-levels/minnesota/red-lake-county","GONE_410","","no unique search evidence in controlled cohort"
"/radon-levels/minnesota/redwood-county","GONE_410","","no unique search evidence in controlled cohort"
"/radon-levels/minnesota/renville-county","GONE_410","","no unique search evidence in controlled cohort"
"/radon-levels/minnesota/rice-county","GONE_410","","no unique search evidence in controlled cohort"
"/radon-levels/minnesota/rock-county","GONE_410","","no unique search evidence in controlled cohort"
"/radon-levels/minnesota/roseau-county","GONE_410","","no unique search evidence in controlled cohort"
"/radon-levels/minnesota/scott-county","GONE_410","","no unique search evidence in controlled cohort"
"/radon-levels/minnesota/sherburne-county","GONE_410","","no unique search evidence in controlled cohort"
"/radon-levels/minnesota/sibley-county","GONE_410","","no unique search evidence in controlled cohort"
"/radon-levels/minnesota/st-louis-county","GONE_410","","no unique search evidence in controlled cohort"
"/radon-levels/minnesota/stearns-county","GONE_410","","no unique search evidence in controlled cohort"
"/radon-levels/minnesota/steele-county","GONE_410","","no unique search evidence in controlled cohort"
"/radon-levels/minnesota/stevens-county","GONE_410","","no unique search evidence in controlled cohort"
"/radon-levels/minnesota/swift-county","GONE_410","","no unique search evidence in controlled cohort"
"/radon-levels/minnesota/todd-county","GONE_410","","no unique search evidence in controlled cohort"
"/radon-levels/minnesota/traverse-county","GONE_410","","no unique search evidence in controlled cohort"
"/radon-levels/minnesota/wabasha-county","GONE_410","","no unique search evidence in controlled cohort"
"/radon-levels/minnesota/wadena-county","GONE_410","","no unique search evidence in controlled cohort"
"/radon-levels/minnesota/waseca-county","GONE_410","","no unique search evidence in controlled cohort"
"/radon-levels/minnesota/washington-county","GONE_410","","no unique search evidence in controlled cohort"
"/radon-levels/minnesota/watonwan-county","GONE_410","","no unique search evidence in controlled cohort"
"/radon-levels/minnesota/wilkin-county","GONE_410","","no unique search evidence in controlled cohort"
"/radon-levels/minnesota/winona-county","GONE_410","","no unique search evidence in controlled cohort"
"/radon-levels/minnesota/wright-county","GONE_410","","no unique search evidence in controlled cohort"
"/radon-levels/minnesota/yellow-medicine-county","GONE_410","","no unique search evidence in controlled cohort"
"/radon-levels/mississippi","GONE_410","","state hub retired"
"/radon-levels/mississippi/adams-county","GONE_410","","no unique search evidence in controlled cohort"
"/radon-levels/mississippi/alcorn-county","GONE_410","","no unique search evidence in controlled cohort"
"/radon-levels/mississippi/amite-county","GONE_410","","no unique search evidence in controlled cohort"
"/radon-levels/mississippi/attala-county","GONE_410","","no unique search evidence in controlled cohort"
"/radon-levels/mississippi/benton-county","GONE_410","","no unique search evidence in controlled cohort"
"/radon-levels/mississippi/bolivar-county","GONE_410","","no unique search evidence in controlled cohort"
"/radon-levels/mississippi/calhoun-county","GONE_410","","no unique search evidence in controlled cohort"
"/radon-levels/mississippi/carroll-county","GONE_410","","no unique search evidence in controlled cohort"
"/radon-levels/mississippi/chickasaw-county","GONE_410","","no unique search evidence in controlled cohort"
"/radon-levels/mississippi/choctaw-county","GONE_410","","no unique search evidence in controlled cohort"
"/radon-levels/mississippi/claiborne-county","GONE_410","","no unique search evidence in controlled cohort"
"/radon-levels/mississippi/clarke-county","GONE_410","","no unique search evidence in controlled cohort"
"/radon-levels/mississippi/clay-county","GONE_410","","no unique search evidence in controlled cohort"
"/radon-levels/mississippi/coahoma-county","GONE_410","","no unique search evidence in controlled cohort"
"/radon-levels/mississippi/copiah-county","GONE_410","","no unique search evidence in controlled cohort"
"/radon-levels/mississippi/covington-county","GONE_410","","no unique search evidence in controlled cohort"
"/radon-levels/mississippi/desoto-county","GONE_410","","no unique search evidence in controlled cohort"
"/radon-levels/mississippi/forrest-county","GONE_410","","no unique search evidence in controlled cohort"
"/radon-levels/mississippi/franklin-county","GONE_410","","no unique search evidence in controlled cohort"
"/radon-levels/mississippi/george-county","GONE_410","","no unique search evidence in controlled cohort"
"/radon-levels/mississippi/greene-county","GONE_410","","no unique search evidence in controlled cohort"
"/radon-levels/mississippi/grenada-county","GONE_410","","no unique search evidence in controlled cohort"
"/radon-levels/mississippi/hancock-county","GONE_410","","no unique search evidence in controlled cohort"
"/radon-levels/mississippi/harrison-county","GONE_410","","no unique search evidence in controlled cohort"
"/radon-levels/mississippi/hinds-county","GONE_410","","no unique search evidence in controlled cohort"
"/radon-levels/mississippi/holmes-county","GONE_410","","no unique search evidence in controlled cohort"
"/radon-levels/mississippi/humphreys-county","GONE_410","","no unique search evidence in controlled cohort"
"/radon-levels/mississippi/issaquena-county","GONE_410","","no unique search evidence in controlled cohort"
"/radon-levels/mississippi/itawamba-county","GONE_410","","no unique search evidence in controlled cohort"
"/radon-levels/mississippi/jackson-county","GONE_410","","no unique search evidence in controlled cohort"
"/radon-levels/mississippi/jasper-county","GONE_410","","no unique search evidence in controlled cohort"
"/radon-levels/mississippi/jefferson-county","GONE_410","","no unique search evidence in controlled cohort"
"/radon-levels/mississippi/jefferson-davis-county","GONE_410","","no unique search evidence in controlled cohort"
"/radon-levels/mississippi/jones-county","GONE_410","","no unique search evidence in controlled cohort"
"/radon-levels/mississippi/kemper-county","GONE_410","","no unique search evidence in controlled cohort"
"/radon-levels/mississippi/lafayette-county","GONE_410","","no unique search evidence in controlled cohort"
"/radon-levels/mississippi/lamar-county","GONE_410","","no unique search evidence in controlled cohort"
"/radon-levels/mississippi/lauderdale-county","GONE_410","","no unique search evidence in controlled cohort"
"/radon-levels/mississippi/lawrence-county","GONE_410","","no unique search evidence in controlled cohort"
"/radon-levels/mississippi/leake-county","GONE_410","","no unique search evidence in controlled cohort"
"/radon-levels/mississippi/lee-county","GONE_410","","no unique search evidence in controlled cohort"
"/radon-levels/mississippi/leflore-county","GONE_410","","no unique search evidence in controlled cohort"
"/radon-levels/mississippi/lincoln-county","GONE_410","","no unique search evidence in controlled cohort"
"/radon-levels/mississippi/lowndes-county","GONE_410","","no unique search evidence in controlled cohort"
"/radon-levels/mississippi/madison-county","GONE_410","","no unique search evidence in controlled cohort"
"/radon-levels/mississippi/marion-county","GONE_410","","no unique search evidence in controlled cohort"
"/radon-levels/mississippi/marshall-county","GONE_410","","no unique search evidence in controlled cohort"
"/radon-levels/mississippi/monroe-county","GONE_410","","no unique search evidence in controlled cohort"
"/radon-levels/mississippi/montgomery-county","GONE_410","","no unique search evidence in controlled cohort"
"/radon-levels/mississippi/neshoba-county","GONE_410","","no unique search evidence in controlled cohort"
"/radon-levels/mississippi/newton-county","GONE_410","","no unique search evidence in controlled cohort"
"/radon-levels/mississippi/noxubee-county","GONE_410","","no unique search evidence in controlled cohort"
"/radon-levels/mississippi/oktibbeha-county","GONE_410","","no unique search evidence in controlled cohort"
"/radon-levels/mississippi/panola-county","GONE_410","","no unique search evidence in controlled cohort"
"/radon-levels/mississippi/pearl-river-county","GONE_410","","no unique search evidence in controlled cohort"
"/radon-levels/mississippi/perry-county","GONE_410","","no unique search evidence in controlled cohort"
"/radon-levels/mississippi/pike-county","GONE_410","","no unique search evidence in controlled cohort"
"/radon-levels/mississippi/pontotoc-county","GONE_410","","no unique search evidence in controlled cohort"
"/radon-levels/mississippi/prentiss-county","GONE_410","","no unique search evidence in controlled cohort"
"/radon-levels/mississippi/quitman-county","GONE_410","","no unique search evidence in controlled cohort"
"/radon-levels/mississippi/rankin-county","GONE_410","","no unique search evidence in controlled cohort"
"/radon-levels/mississippi/scott-county","GONE_410","","no unique search evidence in controlled cohort"
"/radon-levels/mississippi/sharkey-county","GONE_410","","no unique search evidence in controlled cohort"
"/radon-levels/mississippi/simpson-county","GONE_410","","no unique search evidence in controlled cohort"
"/radon-levels/mississippi/smith-county","GONE_410","","no unique search evidence in controlled cohort"
"/radon-levels/mississippi/stone-county","GONE_410","","no unique search evidence in controlled cohort"
"/radon-levels/mississippi/sunflower-county","GONE_410","","no unique search evidence in controlled cohort"
"/radon-levels/mississippi/tallahatchie-county","GONE_410","","no unique search evidence in controlled cohort"
"/radon-levels/mississippi/tate-county","GONE_410","","no unique search evidence in controlled cohort"
"/radon-levels/mississippi/tippah-county","GONE_410","","no unique search evidence in controlled cohort"
"/radon-levels/mississippi/tishomingo-county","GONE_410","","no unique search evidence in controlled cohort"
"/radon-levels/mississippi/tunica-county","GONE_410","","no unique search evidence in controlled cohort"
"/radon-levels/mississippi/union-county","GONE_410","","no unique search evidence in controlled cohort"
"/radon-levels/mississippi/walthall-county","GONE_410","","no unique search evidence in controlled cohort"
"/radon-levels/mississippi/warren-county","GONE_410","","no unique search evidence in controlled cohort"
"/radon-levels/mississippi/washington-county","GONE_410","","no unique search evidence in controlled cohort"
"/radon-levels/mississippi/wayne-county","GONE_410","","no unique search evidence in controlled cohort"
"/radon-levels/mississippi/webster-county","GONE_410","","no unique search evidence in controlled cohort"
"/radon-levels/mississippi/wilkinson-county","GONE_410","","no unique search evidence in controlled cohort"
"/radon-levels/mississippi/winston-county","GONE_410","","no unique search evidence in controlled cohort"
"/radon-levels/mississippi/yalobusha-county","GONE_410","","no unique search evidence in controlled cohort"
"/radon-levels/mississippi/yazoo-county","GONE_410","","no unique search evidence in controlled cohort"
"/radon-levels/missouri","GONE_410","","state hub retired"
"/radon-levels/missouri/adair-county","GONE_410","","no unique search evidence in controlled cohort"
"/radon-levels/missouri/andrew-county","GONE_410","","no unique search evidence in controlled cohort"
"/radon-levels/missouri/atchison-county","GONE_410","","no unique search evidence in controlled cohort"
"/radon-levels/missouri/audrain-county","GONE_410","","no unique search evidence in controlled cohort"
"/radon-levels/missouri/barry-county","GONE_410","","no unique search evidence in controlled cohort"
"/radon-levels/missouri/barton-county","GONE_410","","no unique search evidence in controlled cohort"
"/radon-levels/missouri/bates-county","GONE_410","","no unique search evidence in controlled cohort"
"/radon-levels/missouri/benton-county","GONE_410","","no unique search evidence in controlled cohort"
"/radon-levels/missouri/bollinger-county","GONE_410","","no unique search evidence in controlled cohort"
"/radon-levels/missouri/boone-county","GONE_410","","no unique search evidence in controlled cohort"
"/radon-levels/missouri/buchanan-county","GONE_410","","no unique search evidence in controlled cohort"
"/radon-levels/missouri/butler-county","GONE_410","","no unique search evidence in controlled cohort"
"/radon-levels/missouri/caldwell-county","GONE_410","","no unique search evidence in controlled cohort"
"/radon-levels/missouri/callaway-county","GONE_410","","no unique search evidence in controlled cohort"
"/radon-levels/missouri/camden-county","GONE_410","","no unique search evidence in controlled cohort"
"/radon-levels/missouri/cape-girardeau-county","GONE_410","","no unique search evidence in controlled cohort"
"/radon-levels/missouri/carroll-county","GONE_410","","no unique search evidence in controlled cohort"
"/radon-levels/missouri/carter-county","GONE_410","","no unique search evidence in controlled cohort"
"/radon-levels/missouri/cass-county","GONE_410","","no unique search evidence in controlled cohort"
"/radon-levels/missouri/cedar-county","GONE_410","","no unique search evidence in controlled cohort"
"/radon-levels/missouri/chariton-county","GONE_410","","no unique search evidence in controlled cohort"
"/radon-levels/missouri/christian-county","GONE_410","","no unique search evidence in controlled cohort"
"/radon-levels/missouri/clark-county","GONE_410","","no unique search evidence in controlled cohort"
"/radon-levels/missouri/clay-county","GONE_410","","no unique search evidence in controlled cohort"
"/radon-levels/missouri/clinton-county","GONE_410","","no unique search evidence in controlled cohort"
"/radon-levels/missouri/cole-county","GONE_410","","no unique search evidence in controlled cohort"
"/radon-levels/missouri/cooper-county","GONE_410","","no unique search evidence in controlled cohort"
"/radon-levels/missouri/crawford-county","GONE_410","","no unique search evidence in controlled cohort"
"/radon-levels/missouri/dade-county","GONE_410","","no unique search evidence in controlled cohort"
"/radon-levels/missouri/dallas-county","GONE_410","","no unique search evidence in controlled cohort"
"/radon-levels/missouri/daviess-county","GONE_410","","no unique search evidence in controlled cohort"
"/radon-levels/missouri/dekalb-county","GONE_410","","no unique search evidence in controlled cohort"
"/radon-levels/missouri/dent-county","GONE_410","","no unique search evidence in controlled cohort"
"/radon-levels/missouri/douglas-county","GONE_410","","no unique search evidence in controlled cohort"
"/radon-levels/missouri/dunklin-county","GONE_410","","no unique search evidence in controlled cohort"
"/radon-levels/missouri/franklin-county","GONE_410","","no unique search evidence in controlled cohort"
"/radon-levels/missouri/gasconade-county","GONE_410","","no unique search evidence in controlled cohort"
"/radon-levels/missouri/gentry-county","GONE_410","","no unique search evidence in controlled cohort"
"/radon-levels/missouri/greene-county","GONE_410","","no unique search evidence in controlled cohort"
"/radon-levels/missouri/grundy-county","GONE_410","","no unique search evidence in controlled cohort"
"/radon-levels/missouri/harrison-county","GONE_410","","no unique search evidence in controlled cohort"
"/radon-levels/missouri/henry-county","GONE_410","","no unique search evidence in controlled cohort"
"/radon-levels/missouri/hickory-county","GONE_410","","no unique search evidence in controlled cohort"
"/radon-levels/missouri/holt-county","GONE_410","","no unique search evidence in controlled cohort"
"/radon-levels/missouri/howard-county","GONE_410","","no unique search evidence in controlled cohort"
"/radon-levels/missouri/howell-county","GONE_410","","no unique search evidence in controlled cohort"
"/radon-levels/missouri/iron-county","GONE_410","","no unique search evidence in controlled cohort"
"/radon-levels/missouri/jackson-county","GONE_410","","no unique search evidence in controlled cohort"
"/radon-levels/missouri/jasper-county","GONE_410","","no unique search evidence in controlled cohort"
"/radon-levels/missouri/jefferson-county","GONE_410","","no unique search evidence in controlled cohort"
"/radon-levels/missouri/johnson-county","GONE_410","","no unique search evidence in controlled cohort"
"/radon-levels/missouri/knox-county","GONE_410","","no unique search evidence in controlled cohort"
"/radon-levels/missouri/laclede-county","GONE_410","","no unique search evidence in controlled cohort"
"/radon-levels/missouri/lafayette-county","GONE_410","","no unique search evidence in controlled cohort"
"/radon-levels/missouri/lawrence-county","GONE_410","","no unique search evidence in controlled cohort"
"/radon-levels/missouri/lewis-county","GONE_410","","no unique search evidence in controlled cohort"
"/radon-levels/missouri/lincoln-county","GONE_410","","no unique search evidence in controlled cohort"
"/radon-levels/missouri/linn-county","GONE_410","","no unique search evidence in controlled cohort"
"/radon-levels/missouri/livingston-county","GONE_410","","no unique search evidence in controlled cohort"
"/radon-levels/missouri/macon-county","GONE_410","","no unique search evidence in controlled cohort"
"/radon-levels/missouri/madison-county","GONE_410","","no unique search evidence in controlled cohort"
"/radon-levels/missouri/maries-county","GONE_410","","no unique search evidence in controlled cohort"
"/radon-levels/missouri/marion-county","GONE_410","","no unique search evidence in controlled cohort"
"/radon-levels/missouri/mcdonald-county","GONE_410","","no unique search evidence in controlled cohort"
"/radon-levels/missouri/mercer-county","GONE_410","","no unique search evidence in controlled cohort"
"/radon-levels/missouri/miller-county","GONE_410","","no unique search evidence in controlled cohort"
"/radon-levels/missouri/mississippi-county","GONE_410","","no unique search evidence in controlled cohort"
"/radon-levels/missouri/moniteau-county","GONE_410","","no unique search evidence in controlled cohort"
"/radon-levels/missouri/monroe-county","GONE_410","","no unique search evidence in controlled cohort"
"/radon-levels/missouri/montgomery-county","GONE_410","","no unique search evidence in controlled cohort"
"/radon-levels/missouri/morgan-county","GONE_410","","no unique search evidence in controlled cohort"
"/radon-levels/missouri/new-madrid-county","GONE_410","","no unique search evidence in controlled cohort"
"/radon-levels/missouri/newton-county","GONE_410","","no unique search evidence in controlled cohort"
"/radon-levels/missouri/nodaway-county","GONE_410","","no unique search evidence in controlled cohort"
"/radon-levels/missouri/oregon-county","GONE_410","","no unique search evidence in controlled cohort"
"/radon-levels/missouri/osage-county","GONE_410","","no unique search evidence in controlled cohort"
"/radon-levels/missouri/ozark-county","GONE_410","","no unique search evidence in controlled cohort"
"/radon-levels/missouri/pemiscot-county","GONE_410","","no unique search evidence in controlled cohort"
"/radon-levels/missouri/perry-county","GONE_410","","no unique search evidence in controlled cohort"
"/radon-levels/missouri/pettis-county","GONE_410","","no unique search evidence in controlled cohort"
"/radon-levels/missouri/phelps-county","GONE_410","","no unique search evidence in controlled cohort"
"/radon-levels/missouri/pike-county","GONE_410","","no unique search evidence in controlled cohort"
"/radon-levels/missouri/platte-county","GONE_410","","no unique search evidence in controlled cohort"
"/radon-levels/missouri/polk-county","GONE_410","","no unique search evidence in controlled cohort"
"/radon-levels/missouri/pulaski-county","GONE_410","","no unique search evidence in controlled cohort"
"/radon-levels/missouri/putnam-county","GONE_410","","no unique search evidence in controlled cohort"
"/radon-levels/missouri/ralls-county","GONE_410","","no unique search evidence in controlled cohort"
"/radon-levels/missouri/randolph-county","GONE_410","","no unique search evidence in controlled cohort"
"/radon-levels/missouri/ray-county","GONE_410","","no unique search evidence in controlled cohort"
"/radon-levels/missouri/reynolds-county","GONE_410","","no unique search evidence in controlled cohort"
"/radon-levels/missouri/ripley-county","GONE_410","","no unique search evidence in controlled cohort"
"/radon-levels/missouri/saline-county","GONE_410","","no unique search evidence in controlled cohort"
"/radon-levels/missouri/schuyler-county","GONE_410","","no unique search evidence in controlled cohort"
"/radon-levels/missouri/scotland-county","GONE_410","","no unique search evidence in controlled cohort"
"/radon-levels/missouri/scott-county","GONE_410","","no unique search evidence in controlled cohort"
"/radon-levels/missouri/shannon-county","GONE_410","","no unique search evidence in controlled cohort"
"/radon-levels/missouri/shelby-county","GONE_410","","no unique search evidence in controlled cohort"
"/radon-levels/missouri/st-charles-county","GONE_410","","no unique search evidence in controlled cohort"
"/radon-levels/missouri/st-clair-county","GONE_410","","no unique search evidence in controlled cohort"
"/radon-levels/missouri/st-francois-county","GONE_410","","no unique search evidence in controlled cohort"
"/radon-levels/missouri/st-louis-city","GONE_410","","no unique search evidence in controlled cohort"
"/radon-levels/missouri/st-louis-county","GONE_410","","no unique search evidence in controlled cohort"
"/radon-levels/missouri/ste-genevieve-county","GONE_410","","no unique search evidence in controlled cohort"
"/radon-levels/missouri/stoddard-county","GONE_410","","no unique search evidence in controlled cohort"
"/radon-levels/missouri/stone-county","GONE_410","","no unique search evidence in controlled cohort"
"/radon-levels/missouri/sullivan-county","GONE_410","","no unique search evidence in controlled cohort"
"/radon-levels/missouri/taney-county","GONE_410","","no unique search evidence in controlled cohort"
"/radon-levels/missouri/texas-county","GONE_410","","no unique search evidence in controlled cohort"
"/radon-levels/missouri/vernon-county","GONE_410","","no unique search evidence in controlled cohort"
"/radon-levels/missouri/warren-county","GONE_410","","no unique search evidence in controlled cohort"
"/radon-levels/missouri/washington-county","GONE_410","","no unique search evidence in controlled cohort"
"/radon-levels/missouri/wayne-county","GONE_410","","no unique search evidence in controlled cohort"
"/radon-levels/missouri/webster-county","GONE_410","","no unique search evidence in controlled cohort"
"/radon-levels/missouri/worth-county","GONE_410","","no unique search evidence in controlled cohort"
"/radon-levels/missouri/wright-county","GONE_410","","no unique search evidence in controlled cohort"
"/radon-levels/montana","GONE_410","","state hub retired"
"/radon-levels/montana/beaverhead-county","GONE_410","","no unique search evidence in controlled cohort"
"/radon-levels/montana/big-horn-county","GONE_410","","no unique search evidence in controlled cohort"
"/radon-levels/montana/blaine-county","GONE_410","","no unique search evidence in controlled cohort"
"/radon-levels/montana/broadwater-county","GONE_410","","no unique search evidence in controlled cohort"
"/radon-levels/montana/carbon-county","GONE_410","","no unique search evidence in controlled cohort"
"/radon-levels/montana/carter-county","GONE_410","","no unique search evidence in controlled cohort"
"/radon-levels/montana/cascade-county","GONE_410","","no unique search evidence in controlled cohort"
"/radon-levels/montana/chouteau-county","GONE_410","","no unique search evidence in controlled cohort"
"/radon-levels/montana/custer-county","GONE_410","","no unique search evidence in controlled cohort"
"/radon-levels/montana/daniels-county","GONE_410","","no unique search evidence in controlled cohort"
"/radon-levels/montana/dawson-county","GONE_410","","no unique search evidence in controlled cohort"
"/radon-levels/montana/deer-lodge-county","GONE_410","","no unique search evidence in controlled cohort"
"/radon-levels/montana/fallon-county","GONE_410","","no unique search evidence in controlled cohort"
"/radon-levels/montana/fergus-county","GONE_410","","no unique search evidence in controlled cohort"
"/radon-levels/montana/flathead-county","GONE_410","","no unique search evidence in controlled cohort"
"/radon-levels/montana/gallatin-county","GONE_410","","no unique search evidence in controlled cohort"
"/radon-levels/montana/garfield-county","GONE_410","","no unique search evidence in controlled cohort"
"/radon-levels/montana/glacier-county","GONE_410","","no unique search evidence in controlled cohort"
"/radon-levels/montana/golden-valley-county","GONE_410","","no unique search evidence in controlled cohort"
"/radon-levels/montana/granite-county","GONE_410","","no unique search evidence in controlled cohort"
"/radon-levels/montana/hill-county","GONE_410","","no unique search evidence in controlled cohort"
"/radon-levels/montana/jefferson-county","GONE_410","","no unique search evidence in controlled cohort"
"/radon-levels/montana/judith-basin-county","GONE_410","","no unique search evidence in controlled cohort"
"/radon-levels/montana/lake-county","GONE_410","","no unique search evidence in controlled cohort"
"/radon-levels/montana/lewis-and-clark-county","GONE_410","","no unique search evidence in controlled cohort"
"/radon-levels/montana/liberty-county","GONE_410","","no unique search evidence in controlled cohort"
"/radon-levels/montana/lincoln-county","GONE_410","","no unique search evidence in controlled cohort"
"/radon-levels/montana/madison-county","GONE_410","","no unique search evidence in controlled cohort"
"/radon-levels/montana/mccone-county","GONE_410","","no unique search evidence in controlled cohort"
"/radon-levels/montana/meagher-county","GONE_410","","no unique search evidence in controlled cohort"
"/radon-levels/montana/mineral-county","GONE_410","","no unique search evidence in controlled cohort"
"/radon-levels/montana/missoula-county","GONE_410","","no unique search evidence in controlled cohort"
"/radon-levels/montana/musselshell-county","GONE_410","","no unique search evidence in controlled cohort"
"/radon-levels/montana/park-county","GONE_410","","no unique search evidence in controlled cohort"
"/radon-levels/montana/petroleum-county","GONE_410","","no unique search evidence in controlled cohort"
"/radon-levels/montana/phillips-county","GONE_410","","no unique search evidence in controlled cohort"
"/radon-levels/montana/pondera-county","GONE_410","","no unique search evidence in controlled cohort"
"/radon-levels/montana/powder-river-county","GONE_410","","no unique search evidence in controlled cohort"
"/radon-levels/montana/powell-county","GONE_410","","no unique search evidence in controlled cohort"
"/radon-levels/montana/prairie-county","GONE_410","","no unique search evidence in controlled cohort"
"/radon-levels/montana/ravalli-county","GONE_410","","no unique search evidence in controlled cohort"
"/radon-levels/montana/richland-county","GONE_410","","no unique search evidence in controlled cohort"
"/radon-levels/montana/roosevelt-county","GONE_410","","no unique search evidence in controlled cohort"
"/radon-levels/montana/rosebud-county","GONE_410","","no unique search evidence in controlled cohort"
"/radon-levels/montana/sanders-county","GONE_410","","no unique search evidence in controlled cohort"
"/radon-levels/montana/sheridan-county","GONE_410","","no unique search evidence in controlled cohort"
"/radon-levels/montana/silver-bow-county","GONE_410","","no unique search evidence in controlled cohort"
"/radon-levels/montana/stillwater-county","GONE_410","","no unique search evidence in controlled cohort"
"/radon-levels/montana/sweet-grass-county","GONE_410","","no unique search evidence in controlled cohort"
"/radon-levels/montana/teton-county","GONE_410","","no unique search evidence in controlled cohort"
"/radon-levels/montana/toole-county","GONE_410","","no unique search evidence in controlled cohort"
"/radon-levels/montana/treasure-county","GONE_410","","no unique search evidence in controlled cohort"
"/radon-levels/montana/valley-county","GONE_410","","no unique search evidence in controlled cohort"
"/radon-levels/montana/wheatland-county","GONE_410","","no unique search evidence in controlled cohort"
"/radon-levels/montana/wibaux-county","GONE_410","","no unique search evidence in controlled cohort"
"/radon-levels/montana/yellowstone-county","GONE_410","","no unique search evidence in controlled cohort"
"/radon-levels/nebraska","GONE_410","","state hub retired"
"/radon-levels/nebraska/adams-county","GONE_410","","no unique search evidence in controlled cohort"
"/radon-levels/nebraska/antelope-county","GONE_410","","no unique search evidence in controlled cohort"
"/radon-levels/nebraska/arthur-county","GONE_410","","no unique search evidence in controlled cohort"
"/radon-levels/nebraska/banner-county","GONE_410","","no unique search evidence in controlled cohort"
"/radon-levels/nebraska/blaine-county","GONE_410","","no unique search evidence in controlled cohort"
"/radon-levels/nebraska/boone-county","GONE_410","","no unique search evidence in controlled cohort"
"/radon-levels/nebraska/box-butte-county","GONE_410","","no unique search evidence in controlled cohort"
"/radon-levels/nebraska/boyd-county","GONE_410","","no unique search evidence in controlled cohort"
"/radon-levels/nebraska/brown-county","GONE_410","","no unique search evidence in controlled cohort"
"/radon-levels/nebraska/buffalo-county","GONE_410","","no unique search evidence in controlled cohort"
"/radon-levels/nebraska/burt-county","GONE_410","","no unique search evidence in controlled cohort"
"/radon-levels/nebraska/butler-county","GONE_410","","no unique search evidence in controlled cohort"
"/radon-levels/nebraska/cass-county","GONE_410","","no unique search evidence in controlled cohort"
"/radon-levels/nebraska/cedar-county","GONE_410","","no unique search evidence in controlled cohort"
"/radon-levels/nebraska/chase-county","GONE_410","","no unique search evidence in controlled cohort"
"/radon-levels/nebraska/cherry-county","GONE_410","","no unique search evidence in controlled cohort"
"/radon-levels/nebraska/cheyenne-county","GONE_410","","no unique search evidence in controlled cohort"
"/radon-levels/nebraska/clay-county","GONE_410","","no unique search evidence in controlled cohort"
"/radon-levels/nebraska/colfax-county","GONE_410","","no unique search evidence in controlled cohort"
"/radon-levels/nebraska/cuming-county","GONE_410","","no unique search evidence in controlled cohort"
"/radon-levels/nebraska/custer-county","GONE_410","","no unique search evidence in controlled cohort"
"/radon-levels/nebraska/dakota-county","GONE_410","","no unique search evidence in controlled cohort"
"/radon-levels/nebraska/dawes-county","GONE_410","","no unique search evidence in controlled cohort"
"/radon-levels/nebraska/dawson-county","GONE_410","","no unique search evidence in controlled cohort"
"/radon-levels/nebraska/deuel-county","GONE_410","","no unique search evidence in controlled cohort"
"/radon-levels/nebraska/dixon-county","GONE_410","","no unique search evidence in controlled cohort"
"/radon-levels/nebraska/dodge-county","GONE_410","","no unique search evidence in controlled cohort"
"/radon-levels/nebraska/douglas-county","GONE_410","","no unique search evidence in controlled cohort"
"/radon-levels/nebraska/dundy-county","GONE_410","","no unique search evidence in controlled cohort"
"/radon-levels/nebraska/fillmore-county","GONE_410","","no unique search evidence in controlled cohort"
"/radon-levels/nebraska/franklin-county","GONE_410","","no unique search evidence in controlled cohort"
"/radon-levels/nebraska/frontier-county","GONE_410","","no unique search evidence in controlled cohort"
"/radon-levels/nebraska/furnas-county","GONE_410","","no unique search evidence in controlled cohort"
"/radon-levels/nebraska/gage-county","GONE_410","","no unique search evidence in controlled cohort"
"/radon-levels/nebraska/garden-county","GONE_410","","no unique search evidence in controlled cohort"
"/radon-levels/nebraska/garfield-county","GONE_410","","no unique search evidence in controlled cohort"
"/radon-levels/nebraska/gosper-county","GONE_410","","no unique search evidence in controlled cohort"
"/radon-levels/nebraska/grant-county","GONE_410","","no unique search evidence in controlled cohort"
"/radon-levels/nebraska/greeley-county","GONE_410","","no unique search evidence in controlled cohort"
"/radon-levels/nebraska/hall-county","GONE_410","","no unique search evidence in controlled cohort"
"/radon-levels/nebraska/hamilton-county","GONE_410","","no unique search evidence in controlled cohort"
"/radon-levels/nebraska/harlan-county","GONE_410","","no unique search evidence in controlled cohort"
"/radon-levels/nebraska/hayes-county","GONE_410","","no unique search evidence in controlled cohort"
"/radon-levels/nebraska/hitchcock-county","GONE_410","","no unique search evidence in controlled cohort"
"/radon-levels/nebraska/holt-county","GONE_410","","no unique search evidence in controlled cohort"
"/radon-levels/nebraska/hooker-county","GONE_410","","no unique search evidence in controlled cohort"
"/radon-levels/nebraska/howard-county","GONE_410","","no unique search evidence in controlled cohort"
"/radon-levels/nebraska/jefferson-county","GONE_410","","no unique search evidence in controlled cohort"
"/radon-levels/nebraska/johnson-county","GONE_410","","no unique search evidence in controlled cohort"
"/radon-levels/nebraska/kearney-county","GONE_410","","no unique search evidence in controlled cohort"
"/radon-levels/nebraska/keith-county","GONE_410","","no unique search evidence in controlled cohort"
"/radon-levels/nebraska/keya-paha-county","GONE_410","","no unique search evidence in controlled cohort"
"/radon-levels/nebraska/kimball-county","GONE_410","","no unique search evidence in controlled cohort"
"/radon-levels/nebraska/knox-county","GONE_410","","no unique search evidence in controlled cohort"
"/radon-levels/nebraska/lancaster-county","GONE_410","","no unique search evidence in controlled cohort"
"/radon-levels/nebraska/lincoln-county","GONE_410","","no unique search evidence in controlled cohort"
"/radon-levels/nebraska/logan-county","GONE_410","","no unique search evidence in controlled cohort"
"/radon-levels/nebraska/loup-county","GONE_410","","no unique search evidence in controlled cohort"
"/radon-levels/nebraska/madison-county","GONE_410","","no unique search evidence in controlled cohort"
"/radon-levels/nebraska/mcpherson-county","GONE_410","","no unique search evidence in controlled cohort"
"/radon-levels/nebraska/merrick-county","GONE_410","","no unique search evidence in controlled cohort"
"/radon-levels/nebraska/morrill-county","GONE_410","","no unique search evidence in controlled cohort"
"/radon-levels/nebraska/nance-county","GONE_410","","no unique search evidence in controlled cohort"
"/radon-levels/nebraska/nemaha-county","GONE_410","","no unique search evidence in controlled cohort"
"/radon-levels/nebraska/nuckolls-county","GONE_410","","no unique search evidence in controlled cohort"
"/radon-levels/nebraska/otoe-county","GONE_410","","no unique search evidence in controlled cohort"
"/radon-levels/nebraska/pawnee-county","GONE_410","","no unique search evidence in controlled cohort"
"/radon-levels/nebraska/perkins-county","GONE_410","","no unique search evidence in controlled cohort"
"/radon-levels/nebraska/phelps-county","GONE_410","","no unique search evidence in controlled cohort"
"/radon-levels/nebraska/pierce-county","GONE_410","","no unique search evidence in controlled cohort"
"/radon-levels/nebraska/platte-county","GONE_410","","no unique search evidence in controlled cohort"
"/radon-levels/nebraska/polk-county","GONE_410","","no unique search evidence in controlled cohort"
"/radon-levels/nebraska/red-willow-county","GONE_410","","no unique search evidence in controlled cohort"
"/radon-levels/nebraska/richardson-county","GONE_410","","no unique search evidence in controlled cohort"
"/radon-levels/nebraska/rock-county","GONE_410","","no unique search evidence in controlled cohort"
"/radon-levels/nebraska/saline-county","GONE_410","","no unique search evidence in controlled cohort"
"/radon-levels/nebraska/sarpy-county","GONE_410","","no unique search evidence in controlled cohort"
"/radon-levels/nebraska/saunders-county","GONE_410","","no unique search evidence in controlled cohort"
"/radon-levels/nebraska/scotts-bluff-county","GONE_410","","no unique search evidence in controlled cohort"
"/radon-levels/nebraska/seward-county","GONE_410","","no unique search evidence in controlled cohort"
"/radon-levels/nebraska/sheridan-county","GONE_410","","no unique search evidence in controlled cohort"
"/radon-levels/nebraska/sherman-county","GONE_410","","no unique search evidence in controlled cohort"
"/radon-levels/nebraska/sioux-county","GONE_410","","no unique search evidence in controlled cohort"
"/radon-levels/nebraska/stanton-county","GONE_410","","no unique search evidence in controlled cohort"
"/radon-levels/nebraska/thayer-county","GONE_410","","no unique search evidence in controlled cohort"
"/radon-levels/nebraska/thomas-county","GONE_410","","no unique search evidence in controlled cohort"
"/radon-levels/nebraska/thurston-county","GONE_410","","no unique search evidence in controlled cohort"
"/radon-levels/nebraska/valley-county","GONE_410","","no unique search evidence in controlled cohort"
"/radon-levels/nebraska/washington-county","GONE_410","","no unique search evidence in controlled cohort"
"/radon-levels/nebraska/wayne-county","GONE_410","","no unique search evidence in controlled cohort"
"/radon-levels/nebraska/webster-county","GONE_410","","no unique search evidence in controlled cohort"
"/radon-levels/nebraska/wheeler-county","GONE_410","","no unique search evidence in controlled cohort"
"/radon-levels/nebraska/york-county","GONE_410","","no unique search evidence in controlled cohort"
"/radon-levels/nevada","GONE_410","","state hub retired"
"/radon-levels/nevada/carson-city","GONE_410","","no unique search evidence in controlled cohort"
"/radon-levels/nevada/churchill-county","GONE_410","","no unique search evidence in controlled cohort"
"/radon-levels/nevada/clark-county","GONE_410","","no unique search evidence in controlled cohort"
"/radon-levels/nevada/douglas-county","GONE_410","","no unique search evidence in controlled cohort"
"/radon-levels/nevada/elko-county","GONE_410","","no unique search evidence in controlled cohort"
"/radon-levels/nevada/esmeralda-county","GONE_410","","no unique search evidence in controlled cohort"
"/radon-levels/nevada/eureka-county","GONE_410","","no unique search evidence in controlled cohort"
"/radon-levels/nevada/humboldt-county","GONE_410","","no unique search evidence in controlled cohort"
"/radon-levels/nevada/lander-county","GONE_410","","no unique search evidence in controlled cohort"
"/radon-levels/nevada/lincoln-county","GONE_410","","no unique search evidence in controlled cohort"
"/radon-levels/nevada/lyon-county","GONE_410","","no unique search evidence in controlled cohort"
"/radon-levels/nevada/mineral-county","GONE_410","","no unique search evidence in controlled cohort"
"/radon-levels/nevada/nye-county","GONE_410","","no unique search evidence in controlled cohort"
"/radon-levels/nevada/pershing-county","GONE_410","","no unique search evidence in controlled cohort"
"/radon-levels/nevada/storey-county","GONE_410","","no unique search evidence in controlled cohort"
"/radon-levels/nevada/washoe-county","GONE_410","","no unique search evidence in controlled cohort"
"/radon-levels/nevada/white-pine-county","GONE_410","","no unique search evidence in controlled cohort"
"/radon-levels/new-hampshire","GONE_410","","state hub retired"
"/radon-levels/new-hampshire/belknap-county","GONE_410","","no unique search evidence in controlled cohort"
"/radon-levels/new-hampshire/carroll-county","GONE_410","","no unique search evidence in controlled cohort"
"/radon-levels/new-hampshire/cheshire-county","GONE_410","","no unique search evidence in controlled cohort"
"/radon-levels/new-hampshire/coos-county","GONE_410","","no unique search evidence in controlled cohort"
"/radon-levels/new-hampshire/grafton-county","GONE_410","","no unique search evidence in controlled cohort"
"/radon-levels/new-hampshire/hillsborough-county","GONE_410","","no unique search evidence in controlled cohort"
"/radon-levels/new-hampshire/merrimack-county","GONE_410","","no unique search evidence in controlled cohort"
"/radon-levels/new-hampshire/rockingham-county","GONE_410","","no unique search evidence in controlled cohort"
"/radon-levels/new-hampshire/strafford-county","GONE_410","","no unique search evidence in controlled cohort"
"/radon-levels/new-hampshire/sullivan-county","GONE_410","","no unique search evidence in controlled cohort"
"/radon-levels/new-jersey","GONE_410","","state hub retired"
"/radon-levels/new-jersey/atlantic-county","GONE_410","","no unique search evidence in controlled cohort"
"/radon-levels/new-jersey/bergen-county","GONE_410","","no unique search evidence in controlled cohort"
"/radon-levels/new-jersey/burlington-county","GONE_410","","no unique search evidence in controlled cohort"
"/radon-levels/new-jersey/camden-county","GONE_410","","no unique search evidence in controlled cohort"
"/radon-levels/new-jersey/cape-may-county","GONE_410","","no unique search evidence in controlled cohort"
"/radon-levels/new-jersey/cumberland-county","GONE_410","","no unique search evidence in controlled cohort"
"/radon-levels/new-jersey/essex-county","GONE_410","","no unique search evidence in controlled cohort"
"/radon-levels/new-jersey/gloucester-county","KEEP_200","/radon-levels/new-jersey/gloucester-county","controlled evidence cohort"
"/radon-levels/new-jersey/hudson-county","GONE_410","","no unique search evidence in controlled cohort"
"/radon-levels/new-jersey/hunterdon-county","GONE_410","","no unique search evidence in controlled cohort"
"/radon-levels/new-jersey/mercer-county","GONE_410","","no unique search evidence in controlled cohort"
"/radon-levels/new-jersey/middlesex-county","GONE_410","","no unique search evidence in controlled cohort"
"/radon-levels/new-jersey/monmouth-county","GONE_410","","no unique search evidence in controlled cohort"
"/radon-levels/new-jersey/morris-county","GONE_410","","no unique search evidence in controlled cohort"
"/radon-levels/new-jersey/ocean-county","GONE_410","","no unique search evidence in controlled cohort"
"/radon-levels/new-jersey/passaic-county","GONE_410","","no unique search evidence in controlled cohort"
"/radon-levels/new-jersey/salem-county","GONE_410","","no unique search evidence in controlled cohort"
"/radon-levels/new-jersey/somerset-county","GONE_410","","no unique search evidence in controlled cohort"
"/radon-levels/new-jersey/sussex-county","GONE_410","","no unique search evidence in controlled cohort"
"/radon-levels/new-jersey/union-county","GONE_410","","no unique search evidence in controlled cohort"
"/radon-levels/new-jersey/warren-county","GONE_410","","no unique search evidence in controlled cohort"
"/radon-levels/new-mexico","GONE_410","","state hub retired"
"/radon-levels/new-mexico/bernalillo-county","KEEP_200","/radon-levels/new-mexico/bernalillo-county","controlled evidence cohort"
"/radon-levels/new-mexico/catron-county","GONE_410","","no unique search evidence in controlled cohort"
"/radon-levels/new-mexico/chaves-county","GONE_410","","no unique search evidence in controlled cohort"
"/radon-levels/new-mexico/cibola-county","GONE_410","","no unique search evidence in controlled cohort"
"/radon-levels/new-mexico/colfax-county","GONE_410","","no unique search evidence in controlled cohort"
"/radon-levels/new-mexico/curry-county","GONE_410","","no unique search evidence in controlled cohort"
"/radon-levels/new-mexico/de-baca-county","GONE_410","","no unique search evidence in controlled cohort"
"/radon-levels/new-mexico/dona-ana-county","GONE_410","","no unique search evidence in controlled cohort"
"/radon-levels/new-mexico/eddy-county","GONE_410","","no unique search evidence in controlled cohort"
"/radon-levels/new-mexico/grant-county","GONE_410","","no unique search evidence in controlled cohort"
"/radon-levels/new-mexico/guadalupe-county","GONE_410","","no unique search evidence in controlled cohort"
"/radon-levels/new-mexico/harding-county","GONE_410","","no unique search evidence in controlled cohort"
"/radon-levels/new-mexico/hidalgo-county","GONE_410","","no unique search evidence in controlled cohort"
"/radon-levels/new-mexico/lea-county","GONE_410","","no unique search evidence in controlled cohort"
"/radon-levels/new-mexico/lincoln-county","GONE_410","","no unique search evidence in controlled cohort"
"/radon-levels/new-mexico/los-alamos-county","GONE_410","","no unique search evidence in controlled cohort"
"/radon-levels/new-mexico/luna-county","GONE_410","","no unique search evidence in controlled cohort"
"/radon-levels/new-mexico/mckinley-county","GONE_410","","no unique search evidence in controlled cohort"
"/radon-levels/new-mexico/mora-county","GONE_410","","no unique search evidence in controlled cohort"
"/radon-levels/new-mexico/otero-county","GONE_410","","no unique search evidence in controlled cohort"
"/radon-levels/new-mexico/quay-county","GONE_410","","no unique search evidence in controlled cohort"
"/radon-levels/new-mexico/rio-arriba-county","GONE_410","","no unique search evidence in controlled cohort"
"/radon-levels/new-mexico/roosevelt-county","GONE_410","","no unique search evidence in controlled cohort"
"/radon-levels/new-mexico/san-juan-county","GONE_410","","no unique search evidence in controlled cohort"
"/radon-levels/new-mexico/san-miguel-county","GONE_410","","no unique search evidence in controlled cohort"
"/radon-levels/new-mexico/sandoval-county","GONE_410","","no unique search evidence in controlled cohort"
"/radon-levels/new-mexico/santa-fe-county","GONE_410","","no unique search evidence in controlled cohort"
"/radon-levels/new-mexico/sierra-county","GONE_410","","no unique search evidence in controlled cohort"
"/radon-levels/new-mexico/socorro-county","GONE_410","","no unique search evidence in controlled cohort"
"/radon-levels/new-mexico/taos-county","GONE_410","","no unique search evidence in controlled cohort"
"/radon-levels/new-mexico/torrance-county","GONE_410","","no unique search evidence in controlled cohort"
"/radon-levels/new-mexico/union-county","GONE_410","","no unique search evidence in controlled cohort"
"/radon-levels/new-mexico/valencia-county","GONE_410","","no unique search evidence in controlled cohort"
"/radon-levels/new-york","GONE_410","","state hub retired"
"/radon-levels/new-york/albany-county","GONE_410","","no unique search evidence in controlled cohort"
"/radon-levels/new-york/allegany-county","GONE_410","","no unique search evidence in controlled cohort"
"/radon-levels/new-york/bronx-county","GONE_410","","no unique search evidence in controlled cohort"
"/radon-levels/new-york/broome-county","GONE_410","","no unique search evidence in controlled cohort"
"/radon-levels/new-york/cattaraugus-county","GONE_410","","no unique search evidence in controlled cohort"
"/radon-levels/new-york/cayuga-county","GONE_410","","no unique search evidence in controlled cohort"
"/radon-levels/new-york/chautauqua-county","GONE_410","","no unique search evidence in controlled cohort"
"/radon-levels/new-york/chemung-county","GONE_410","","no unique search evidence in controlled cohort"
"/radon-levels/new-york/chenango-county","GONE_410","","no unique search evidence in controlled cohort"
"/radon-levels/new-york/clinton-county","GONE_410","","no unique search evidence in controlled cohort"
"/radon-levels/new-york/columbia-county","GONE_410","","no unique search evidence in controlled cohort"
"/radon-levels/new-york/cortland-county","GONE_410","","no unique search evidence in controlled cohort"
"/radon-levels/new-york/delaware-county","GONE_410","","no unique search evidence in controlled cohort"
"/radon-levels/new-york/dutchess-county","GONE_410","","no unique search evidence in controlled cohort"
"/radon-levels/new-york/erie-county","GONE_410","","no unique search evidence in controlled cohort"
"/radon-levels/new-york/essex-county","GONE_410","","no unique search evidence in controlled cohort"
"/radon-levels/new-york/franklin-county","GONE_410","","no unique search evidence in controlled cohort"
"/radon-levels/new-york/fulton-county","GONE_410","","no unique search evidence in controlled cohort"
"/radon-levels/new-york/genesee-county","GONE_410","","no unique search evidence in controlled cohort"
"/radon-levels/new-york/greene-county","GONE_410","","no unique search evidence in controlled cohort"
"/radon-levels/new-york/hamilton-county","GONE_410","","no unique search evidence in controlled cohort"
"/radon-levels/new-york/herkimer-county","GONE_410","","no unique search evidence in controlled cohort"
"/radon-levels/new-york/jefferson-county","GONE_410","","no unique search evidence in controlled cohort"
"/radon-levels/new-york/kings-county","GONE_410","","no unique search evidence in controlled cohort"
"/radon-levels/new-york/lewis-county","GONE_410","","no unique search evidence in controlled cohort"
"/radon-levels/new-york/livingston-county","GONE_410","","no unique search evidence in controlled cohort"
"/radon-levels/new-york/madison-county","GONE_410","","no unique search evidence in controlled cohort"
"/radon-levels/new-york/monroe-county","GONE_410","","no unique search evidence in controlled cohort"
"/radon-levels/new-york/montgomery-county","GONE_410","","no unique search evidence in controlled cohort"
"/radon-levels/new-york/nassau-county","GONE_410","","no unique search evidence in controlled cohort"
"/radon-levels/new-york/new-york-county","GONE_410","","no unique search evidence in controlled cohort"
"/radon-levels/new-york/niagara-county","GONE_410","","no unique search evidence in controlled cohort"
"/radon-levels/new-york/oneida-county","GONE_410","","no unique search evidence in controlled cohort"
"/radon-levels/new-york/onondaga-county","GONE_410","","no unique search evidence in controlled cohort"
"/radon-levels/new-york/ontario-county","GONE_410","","no unique search evidence in controlled cohort"
"/radon-levels/new-york/orange-county","GONE_410","","no unique search evidence in controlled cohort"
"/radon-levels/new-york/orleans-county","GONE_410","","no unique search evidence in controlled cohort"
"/radon-levels/new-york/oswego-county","GONE_410","","no unique search evidence in controlled cohort"
"/radon-levels/new-york/otsego-county","GONE_410","","no unique search evidence in controlled cohort"
"/radon-levels/new-york/putnam-county","GONE_410","","no unique search evidence in controlled cohort"
"/radon-levels/new-york/queens-county","GONE_410","","no unique search evidence in controlled cohort"
"/radon-levels/new-york/rensselaer-county","GONE_410","","no unique search evidence in controlled cohort"
"/radon-levels/new-york/richmond-county","GONE_410","","no unique search evidence in controlled cohort"
"/radon-levels/new-york/rockland-county","GONE_410","","no unique search evidence in controlled cohort"
"/radon-levels/new-york/saratoga-county","GONE_410","","no unique search evidence in controlled cohort"
"/radon-levels/new-york/schenectady-county","KEEP_200","/radon-levels/new-york/schenectady-county","controlled evidence cohort"
"/radon-levels/new-york/schoharie-county","GONE_410","","no unique search evidence in controlled cohort"
"/radon-levels/new-york/schuyler-county","GONE_410","","no unique search evidence in controlled cohort"
"/radon-levels/new-york/seneca-county","GONE_410","","no unique search evidence in controlled cohort"
"/radon-levels/new-york/st-lawrence-county","GONE_410","","no unique search evidence in controlled cohort"
"/radon-levels/new-york/steuben-county","GONE_410","","no unique search evidence in controlled cohort"
"/radon-levels/new-york/suffolk-county","GONE_410","","no unique search evidence in controlled cohort"
"/radon-levels/new-york/sullivan-county","GONE_410","","no unique search evidence in controlled cohort"
"/radon-levels/new-york/tioga-county","GONE_410","","no unique search evidence in controlled cohort"
"/radon-levels/new-york/tompkins-county","GONE_410","","no unique search evidence in controlled cohort"
"/radon-levels/new-york/ulster-county","KEEP_200","/radon-levels/new-york/ulster-county","controlled evidence cohort"
"/radon-levels/new-york/warren-county","GONE_410","","no unique search evidence in controlled cohort"
"/radon-levels/new-york/washington-county","GONE_410","","no unique search evidence in controlled cohort"
"/radon-levels/new-york/wayne-county","GONE_410","","no unique search evidence in controlled cohort"
"/radon-levels/new-york/westchester-county","GONE_410","","no unique search evidence in controlled cohort"
"/radon-levels/new-york/wyoming-county","GONE_410","","no unique search evidence in controlled cohort"
"/radon-levels/new-york/yates-county","GONE_410","","no unique search evidence in controlled cohort"
"/radon-levels/north-carolina","GONE_410","","state hub retired"
"/radon-levels/north-carolina/alamance-county","GONE_410","","no unique search evidence in controlled cohort"
"/radon-levels/north-carolina/alexander-county","GONE_410","","no unique search evidence in controlled cohort"
"/radon-levels/north-carolina/alleghany-county","GONE_410","","no unique search evidence in controlled cohort"
"/radon-levels/north-carolina/anson-county","GONE_410","","no unique search evidence in controlled cohort"
"/radon-levels/north-carolina/ashe-county","GONE_410","","no unique search evidence in controlled cohort"
"/radon-levels/north-carolina/avery-county","GONE_410","","no unique search evidence in controlled cohort"
"/radon-levels/north-carolina/beaufort-county","GONE_410","","no unique search evidence in controlled cohort"
"/radon-levels/north-carolina/bertie-county","GONE_410","","no unique search evidence in controlled cohort"
"/radon-levels/north-carolina/bladen-county","GONE_410","","no unique search evidence in controlled cohort"
"/radon-levels/north-carolina/brunswick-county","GONE_410","","no unique search evidence in controlled cohort"
"/radon-levels/north-carolina/buncombe-county","GONE_410","","no unique search evidence in controlled cohort"
"/radon-levels/north-carolina/burke-county","GONE_410","","no unique search evidence in controlled cohort"
"/radon-levels/north-carolina/cabarrus-county","GONE_410","","no unique search evidence in controlled cohort"
"/radon-levels/north-carolina/caldwell-county","GONE_410","","no unique search evidence in controlled cohort"
"/radon-levels/north-carolina/camden-county","GONE_410","","no unique search evidence in controlled cohort"
"/radon-levels/north-carolina/carteret-county","GONE_410","","no unique search evidence in controlled cohort"
"/radon-levels/north-carolina/caswell-county","GONE_410","","no unique search evidence in controlled cohort"
"/radon-levels/north-carolina/catawba-county","GONE_410","","no unique search evidence in controlled cohort"
"/radon-levels/north-carolina/chatham-county","GONE_410","","no unique search evidence in controlled cohort"
"/radon-levels/north-carolina/cherokee-county","GONE_410","","no unique search evidence in controlled cohort"
"/radon-levels/north-carolina/chowan-county","GONE_410","","no unique search evidence in controlled cohort"
"/radon-levels/north-carolina/clay-county","GONE_410","","no unique search evidence in controlled cohort"
"/radon-levels/north-carolina/cleveland-county","GONE_410","","no unique search evidence in controlled cohort"
"/radon-levels/north-carolina/columbus-county","GONE_410","","no unique search evidence in controlled cohort"
"/radon-levels/north-carolina/craven-county","GONE_410","","no unique search evidence in controlled cohort"
"/radon-levels/north-carolina/cumberland-county","GONE_410","","no unique search evidence in controlled cohort"
"/radon-levels/north-carolina/currituck-county","GONE_410","","no unique search evidence in controlled cohort"
"/radon-levels/north-carolina/dare-county","GONE_410","","no unique search evidence in controlled cohort"
"/radon-levels/north-carolina/davidson-county","GONE_410","","no unique search evidence in controlled cohort"
"/radon-levels/north-carolina/davie-county","GONE_410","","no unique search evidence in controlled cohort"
"/radon-levels/north-carolina/duplin-county","GONE_410","","no unique search evidence in controlled cohort"
"/radon-levels/north-carolina/durham-county","GONE_410","","no unique search evidence in controlled cohort"
"/radon-levels/north-carolina/edgecombe-county","GONE_410","","no unique search evidence in controlled cohort"
"/radon-levels/north-carolina/forsyth-county","GONE_410","","no unique search evidence in controlled cohort"
"/radon-levels/north-carolina/franklin-county","GONE_410","","no unique search evidence in controlled cohort"
"/radon-levels/north-carolina/gaston-county","GONE_410","","no unique search evidence in controlled cohort"
"/radon-levels/north-carolina/gates-county","GONE_410","","no unique search evidence in controlled cohort"
"/radon-levels/north-carolina/graham-county","GONE_410","","no unique search evidence in controlled cohort"
"/radon-levels/north-carolina/granville-county","GONE_410","","no unique search evidence in controlled cohort"
"/radon-levels/north-carolina/greene-county","GONE_410","","no unique search evidence in controlled cohort"
"/radon-levels/north-carolina/guilford-county","GONE_410","","no unique search evidence in controlled cohort"
"/radon-levels/north-carolina/halifax-county","GONE_410","","no unique search evidence in controlled cohort"
"/radon-levels/north-carolina/harnett-county","GONE_410","","no unique search evidence in controlled cohort"
"/radon-levels/north-carolina/haywood-county","GONE_410","","no unique search evidence in controlled cohort"
"/radon-levels/north-carolina/henderson-county","GONE_410","","no unique search evidence in controlled cohort"
"/radon-levels/north-carolina/hertford-county","GONE_410","","no unique search evidence in controlled cohort"
"/radon-levels/north-carolina/hoke-county","GONE_410","","no unique search evidence in controlled cohort"
"/radon-levels/north-carolina/hyde-county","GONE_410","","no unique search evidence in controlled cohort"
"/radon-levels/north-carolina/iredell-county","GONE_410","","no unique search evidence in controlled cohort"
"/radon-levels/north-carolina/jackson-county","GONE_410","","no unique search evidence in controlled cohort"
"/radon-levels/north-carolina/johnston-county","GONE_410","","no unique search evidence in controlled cohort"
"/radon-levels/north-carolina/jones-county","GONE_410","","no unique search evidence in controlled cohort"
"/radon-levels/north-carolina/lee-county","GONE_410","","no unique search evidence in controlled cohort"
"/radon-levels/north-carolina/lenoir-county","GONE_410","","no unique search evidence in controlled cohort"
"/radon-levels/north-carolina/lincoln-county","GONE_410","","no unique search evidence in controlled cohort"
"/radon-levels/north-carolina/macon-county","GONE_410","","no unique search evidence in controlled cohort"
"/radon-levels/north-carolina/madison-county","GONE_410","","no unique search evidence in controlled cohort"
"/radon-levels/north-carolina/martin-county","GONE_410","","no unique search evidence in controlled cohort"
"/radon-levels/north-carolina/mcdowell-county","GONE_410","","no unique search evidence in controlled cohort"
"/radon-levels/north-carolina/mecklenburg-county","GONE_410","","no unique search evidence in controlled cohort"
"/radon-levels/north-carolina/mitchell-county","GONE_410","","no unique search evidence in controlled cohort"
"/radon-levels/north-carolina/montgomery-county","GONE_410","","no unique search evidence in controlled cohort"
"/radon-levels/north-carolina/moore-county","GONE_410","","no unique search evidence in controlled cohort"
"/radon-levels/north-carolina/nash-county","GONE_410","","no unique search evidence in controlled cohort"
"/radon-levels/north-carolina/new-hanover-county","GONE_410","","no unique search evidence in controlled cohort"
"/radon-levels/north-carolina/northampton-county","GONE_410","","no unique search evidence in controlled cohort"
"/radon-levels/north-carolina/onslow-county","GONE_410","","no unique search evidence in controlled cohort"
"/radon-levels/north-carolina/orange-county","GONE_410","","no unique search evidence in controlled cohort"
"/radon-levels/north-carolina/pamlico-county","GONE_410","","no unique search evidence in controlled cohort"
"/radon-levels/north-carolina/pasquotank-county","GONE_410","","no unique search evidence in controlled cohort"
"/radon-levels/north-carolina/pender-county","GONE_410","","no unique search evidence in controlled cohort"
"/radon-levels/north-carolina/perquimans-county","GONE_410","","no unique search evidence in controlled cohort"
"/radon-levels/north-carolina/person-county","GONE_410","","no unique search evidence in controlled cohort"
"/radon-levels/north-carolina/pitt-county","GONE_410","","no unique search evidence in controlled cohort"
"/radon-levels/north-carolina/polk-county","GONE_410","","no unique search evidence in controlled cohort"
"/radon-levels/north-carolina/randolph-county","GONE_410","","no unique search evidence in controlled cohort"
"/radon-levels/north-carolina/richmond-county","GONE_410","","no unique search evidence in controlled cohort"
"/radon-levels/north-carolina/robeson-county","GONE_410","","no unique search evidence in controlled cohort"
"/radon-levels/north-carolina/rockingham-county","GONE_410","","no unique search evidence in controlled cohort"
"/radon-levels/north-carolina/rowan-county","GONE_410","","no unique search evidence in controlled cohort"
"/radon-levels/north-carolina/rutherford-county","GONE_410","","no unique search evidence in controlled cohort"
"/radon-levels/north-carolina/sampson-county","GONE_410","","no unique search evidence in controlled cohort"
"/radon-levels/north-carolina/scotland-county","GONE_410","","no unique search evidence in controlled cohort"
"/radon-levels/north-carolina/stanly-county","GONE_410","","no unique search evidence in controlled cohort"
"/radon-levels/north-carolina/stokes-county","GONE_410","","no unique search evidence in controlled cohort"
"/radon-levels/north-carolina/surry-county","GONE_410","","no unique search evidence in controlled cohort"
"/radon-levels/north-carolina/swain-county","GONE_410","","no unique search evidence in controlled cohort"
"/radon-levels/north-carolina/transylvania-county","GONE_410","","no unique search evidence in controlled cohort"
"/radon-levels/north-carolina/tyrrell-county","GONE_410","","no unique search evidence in controlled cohort"
"/radon-levels/north-carolina/union-county","GONE_410","","no unique search evidence in controlled cohort"
"/radon-levels/north-carolina/vance-county","GONE_410","","no unique search evidence in controlled cohort"
"/radon-levels/north-carolina/wake-county","GONE_410","","no unique search evidence in controlled cohort"
"/radon-levels/north-carolina/warren-county","GONE_410","","no unique search evidence in controlled cohort"
"/radon-levels/north-carolina/washington-county","GONE_410","","no unique search evidence in controlled cohort"
"/radon-levels/north-carolina/watauga-county","GONE_410","","no unique search evidence in controlled cohort"
"/radon-levels/north-carolina/wayne-county","GONE_410","","no unique search evidence in controlled cohort"
"/radon-levels/north-carolina/wilkes-county","GONE_410","","no unique search evidence in controlled cohort"
"/radon-levels/north-carolina/wilson-county","GONE_410","","no unique search evidence in controlled cohort"
"/radon-levels/north-carolina/yadkin-county","GONE_410","","no unique search evidence in controlled cohort"
"/radon-levels/north-carolina/yancey-county","GONE_410","","no unique search evidence in controlled cohort"
"/radon-levels/north-dakota","GONE_410","","state hub retired"
"/radon-levels/north-dakota/adams-county","GONE_410","","no unique search evidence in controlled cohort"
"/radon-levels/north-dakota/barnes-county","GONE_410","","no unique search evidence in controlled cohort"
"/radon-levels/north-dakota/benson-county","GONE_410","","no unique search evidence in controlled cohort"
"/radon-levels/north-dakota/billings-county","GONE_410","","no unique search evidence in controlled cohort"
"/radon-levels/north-dakota/bottineau-county","GONE_410","","no unique search evidence in controlled cohort"
"/radon-levels/north-dakota/bowman-county","GONE_410","","no unique search evidence in controlled cohort"
"/radon-levels/north-dakota/burke-county","GONE_410","","no unique search evidence in controlled cohort"
"/radon-levels/north-dakota/burleigh-county","GONE_410","","no unique search evidence in controlled cohort"
"/radon-levels/north-dakota/cass-county","GONE_410","","no unique search evidence in controlled cohort"
"/radon-levels/north-dakota/cavalier-county","GONE_410","","no unique search evidence in controlled cohort"
"/radon-levels/north-dakota/dickey-county","GONE_410","","no unique search evidence in controlled cohort"
"/radon-levels/north-dakota/divide-county","GONE_410","","no unique search evidence in controlled cohort"
"/radon-levels/north-dakota/dunn-county","GONE_410","","no unique search evidence in controlled cohort"
"/radon-levels/north-dakota/eddy-county","GONE_410","","no unique search evidence in controlled cohort"
"/radon-levels/north-dakota/emmons-county","GONE_410","","no unique search evidence in controlled cohort"
"/radon-levels/north-dakota/foster-county","GONE_410","","no unique search evidence in controlled cohort"
"/radon-levels/north-dakota/golden-valley-county","GONE_410","","no unique search evidence in controlled cohort"
"/radon-levels/north-dakota/grand-forks-county","GONE_410","","no unique search evidence in controlled cohort"
"/radon-levels/north-dakota/grant-county","GONE_410","","no unique search evidence in controlled cohort"
"/radon-levels/north-dakota/griggs-county","GONE_410","","no unique search evidence in controlled cohort"
"/radon-levels/north-dakota/hettinger-county","GONE_410","","no unique search evidence in controlled cohort"
"/radon-levels/north-dakota/kidder-county","GONE_410","","no unique search evidence in controlled cohort"
"/radon-levels/north-dakota/lamoure-county","GONE_410","","no unique search evidence in controlled cohort"
"/radon-levels/north-dakota/logan-county","GONE_410","","no unique search evidence in controlled cohort"
"/radon-levels/north-dakota/mchenry-county","GONE_410","","no unique search evidence in controlled cohort"
"/radon-levels/north-dakota/mcintosh-county","GONE_410","","no unique search evidence in controlled cohort"
"/radon-levels/north-dakota/mckenzie-county","GONE_410","","no unique search evidence in controlled cohort"
"/radon-levels/north-dakota/mclean-county","GONE_410","","no unique search evidence in controlled cohort"
"/radon-levels/north-dakota/mercer-county","GONE_410","","no unique search evidence in controlled cohort"
"/radon-levels/north-dakota/morton-county","GONE_410","","no unique search evidence in controlled cohort"
"/radon-levels/north-dakota/mountrail-county","GONE_410","","no unique search evidence in controlled cohort"
"/radon-levels/north-dakota/nelson-county","GONE_410","","no unique search evidence in controlled cohort"
"/radon-levels/north-dakota/oliver-county","GONE_410","","no unique search evidence in controlled cohort"
"/radon-levels/north-dakota/pembina-county","GONE_410","","no unique search evidence in controlled cohort"
"/radon-levels/north-dakota/pierce-county","GONE_410","","no unique search evidence in controlled cohort"
"/radon-levels/north-dakota/ramsey-county","GONE_410","","no unique search evidence in controlled cohort"
"/radon-levels/north-dakota/ransom-county","GONE_410","","no unique search evidence in controlled cohort"
"/radon-levels/north-dakota/renville-county","GONE_410","","no unique search evidence in controlled cohort"
"/radon-levels/north-dakota/richland-county","GONE_410","","no unique search evidence in controlled cohort"
"/radon-levels/north-dakota/rolette-county","GONE_410","","no unique search evidence in controlled cohort"
"/radon-levels/north-dakota/sargent-county","GONE_410","","no unique search evidence in controlled cohort"
"/radon-levels/north-dakota/sheridan-county","GONE_410","","no unique search evidence in controlled cohort"
"/radon-levels/north-dakota/sioux-county","GONE_410","","no unique search evidence in controlled cohort"
"/radon-levels/north-dakota/slope-county","GONE_410","","no unique search evidence in controlled cohort"
"/radon-levels/north-dakota/stark-county","GONE_410","","no unique search evidence in controlled cohort"
"/radon-levels/north-dakota/steele-county","GONE_410","","no unique search evidence in controlled cohort"
"/radon-levels/north-dakota/stutsman-county","GONE_410","","no unique search evidence in controlled cohort"
"/radon-levels/north-dakota/towner-county","GONE_410","","no unique search evidence in controlled cohort"
"/radon-levels/north-dakota/traill-county","GONE_410","","no unique search evidence in controlled cohort"
"/radon-levels/north-dakota/walsh-county","GONE_410","","no unique search evidence in controlled cohort"
"/radon-levels/north-dakota/ward-county","GONE_410","","no unique search evidence in controlled cohort"
"/radon-levels/north-dakota/wells-county","GONE_410","","no unique search evidence in controlled cohort"
"/radon-levels/north-dakota/williams-county","GONE_410","","no unique search evidence in controlled cohort"
"/radon-levels/northern-mariana-islands","GONE_410","","state hub retired"
"/radon-levels/northern-mariana-islands/northern-islands-municipality","GONE_410","","no unique search evidence in controlled cohort"
"/radon-levels/northern-mariana-islands/rota-municipality","GONE_410","","no unique search evidence in controlled cohort"
"/radon-levels/northern-mariana-islands/saipan-municipality","GONE_410","","no unique search evidence in controlled cohort"
"/radon-levels/northern-mariana-islands/tinian-municipality","GONE_410","","no unique search evidence in controlled cohort"
"/radon-levels/ohio","GONE_410","","state hub retired"
"/radon-levels/ohio/adams-county","GONE_410","","no unique search evidence in controlled cohort"
"/radon-levels/ohio/allen-county","GONE_410","","no unique search evidence in controlled cohort"
"/radon-levels/ohio/ashland-county","GONE_410","","no unique search evidence in controlled cohort"
"/radon-levels/ohio/ashtabula-county","GONE_410","","no unique search evidence in controlled cohort"
"/radon-levels/ohio/athens-county","GONE_410","","no unique search evidence in controlled cohort"
"/radon-levels/ohio/auglaize-county","GONE_410","","no unique search evidence in controlled cohort"
"/radon-levels/ohio/belmont-county","GONE_410","","no unique search evidence in controlled cohort"
"/radon-levels/ohio/brown-county","GONE_410","","no unique search evidence in controlled cohort"
"/radon-levels/ohio/butler-county","GONE_410","","no unique search evidence in controlled cohort"
"/radon-levels/ohio/carroll-county","GONE_410","","no unique search evidence in controlled cohort"
"/radon-levels/ohio/champaign-county","GONE_410","","no unique search evidence in controlled cohort"
"/radon-levels/ohio/clark-county","GONE_410","","no unique search evidence in controlled cohort"
"/radon-levels/ohio/clermont-county","GONE_410","","no unique search evidence in controlled cohort"
"/radon-levels/ohio/clinton-county","GONE_410","","no unique search evidence in controlled cohort"
"/radon-levels/ohio/columbiana-county","GONE_410","","no unique search evidence in controlled cohort"
"/radon-levels/ohio/coshocton-county","GONE_410","","no unique search evidence in controlled cohort"
"/radon-levels/ohio/crawford-county","GONE_410","","no unique search evidence in controlled cohort"
"/radon-levels/ohio/cuyahoga-county","GONE_410","","no unique search evidence in controlled cohort"
"/radon-levels/ohio/darke-county","GONE_410","","no unique search evidence in controlled cohort"
"/radon-levels/ohio/defiance-county","GONE_410","","no unique search evidence in controlled cohort"
"/radon-levels/ohio/delaware-county","GONE_410","","no unique search evidence in controlled cohort"
"/radon-levels/ohio/erie-county","GONE_410","","no unique search evidence in controlled cohort"
"/radon-levels/ohio/fairfield-county","GONE_410","","no unique search evidence in controlled cohort"
"/radon-levels/ohio/fayette-county","GONE_410","","no unique search evidence in controlled cohort"
"/radon-levels/ohio/franklin-county","GONE_410","","no unique search evidence in controlled cohort"
"/radon-levels/ohio/fulton-county","GONE_410","","no unique search evidence in controlled cohort"
"/radon-levels/ohio/gallia-county","GONE_410","","no unique search evidence in controlled cohort"
"/radon-levels/ohio/geauga-county","GONE_410","","no unique search evidence in controlled cohort"
"/radon-levels/ohio/greene-county","GONE_410","","no unique search evidence in controlled cohort"
"/radon-levels/ohio/guernsey-county","GONE_410","","no unique search evidence in controlled cohort"
"/radon-levels/ohio/hamilton-county","GONE_410","","no unique search evidence in controlled cohort"
"/radon-levels/ohio/hancock-county","GONE_410","","no unique search evidence in controlled cohort"
"/radon-levels/ohio/hardin-county","GONE_410","","no unique search evidence in controlled cohort"
"/radon-levels/ohio/harrison-county","GONE_410","","no unique search evidence in controlled cohort"
"/radon-levels/ohio/henry-county","GONE_410","","no unique search evidence in controlled cohort"
"/radon-levels/ohio/highland-county","GONE_410","","no unique search evidence in controlled cohort"
"/radon-levels/ohio/hocking-county","GONE_410","","no unique search evidence in controlled cohort"
"/radon-levels/ohio/holmes-county","GONE_410","","no unique search evidence in controlled cohort"
"/radon-levels/ohio/huron-county","GONE_410","","no unique search evidence in controlled cohort"
"/radon-levels/ohio/jackson-county","GONE_410","","no unique search evidence in controlled cohort"
"/radon-levels/ohio/jefferson-county","GONE_410","","no unique search evidence in controlled cohort"
"/radon-levels/ohio/knox-county","GONE_410","","no unique search evidence in controlled cohort"
"/radon-levels/ohio/lake-county","GONE_410","","no unique search evidence in controlled cohort"
"/radon-levels/ohio/lawrence-county","GONE_410","","no unique search evidence in controlled cohort"
"/radon-levels/ohio/licking-county","GONE_410","","no unique search evidence in controlled cohort"
"/radon-levels/ohio/logan-county","GONE_410","","no unique search evidence in controlled cohort"
"/radon-levels/ohio/lorain-county","GONE_410","","no unique search evidence in controlled cohort"
"/radon-levels/ohio/lucas-county","GONE_410","","no unique search evidence in controlled cohort"
"/radon-levels/ohio/madison-county","GONE_410","","no unique search evidence in controlled cohort"
"/radon-levels/ohio/mahoning-county","GONE_410","","no unique search evidence in controlled cohort"
"/radon-levels/ohio/marion-county","GONE_410","","no unique search evidence in controlled cohort"
"/radon-levels/ohio/medina-county","GONE_410","","no unique search evidence in controlled cohort"
"/radon-levels/ohio/meigs-county","GONE_410","","no unique search evidence in controlled cohort"
"/radon-levels/ohio/mercer-county","GONE_410","","no unique search evidence in controlled cohort"
"/radon-levels/ohio/miami-county","GONE_410","","no unique search evidence in controlled cohort"
"/radon-levels/ohio/monroe-county","GONE_410","","no unique search evidence in controlled cohort"
"/radon-levels/ohio/montgomery-county","GONE_410","","no unique search evidence in controlled cohort"
"/radon-levels/ohio/morgan-county","GONE_410","","no unique search evidence in controlled cohort"
"/radon-levels/ohio/morrow-county","GONE_410","","no unique search evidence in controlled cohort"
"/radon-levels/ohio/muskingum-county","GONE_410","","no unique search evidence in controlled cohort"
"/radon-levels/ohio/noble-county","GONE_410","","no unique search evidence in controlled cohort"
"/radon-levels/ohio/ottawa-county","GONE_410","","no unique search evidence in controlled cohort"
"/radon-levels/ohio/paulding-county","GONE_410","","no unique search evidence in controlled cohort"
"/radon-levels/ohio/perry-county","GONE_410","","no unique search evidence in controlled cohort"
"/radon-levels/ohio/pickaway-county","GONE_410","","no unique search evidence in controlled cohort"
"/radon-levels/ohio/pike-county","GONE_410","","no unique search evidence in controlled cohort"
"/radon-levels/ohio/portage-county","GONE_410","","no unique search evidence in controlled cohort"
"/radon-levels/ohio/preble-county","GONE_410","","no unique search evidence in controlled cohort"
"/radon-levels/ohio/putnam-county","GONE_410","","no unique search evidence in controlled cohort"
"/radon-levels/ohio/richland-county","GONE_410","","no unique search evidence in controlled cohort"
"/radon-levels/ohio/ross-county","GONE_410","","no unique search evidence in controlled cohort"
"/radon-levels/ohio/sandusky-county","GONE_410","","no unique search evidence in controlled cohort"
"/radon-levels/ohio/scioto-county","GONE_410","","no unique search evidence in controlled cohort"
"/radon-levels/ohio/seneca-county","GONE_410","","no unique search evidence in controlled cohort"
"/radon-levels/ohio/shelby-county","GONE_410","","no unique search evidence in controlled cohort"
"/radon-levels/ohio/stark-county","GONE_410","","no unique search evidence in controlled cohort"
"/radon-levels/ohio/summit-county","GONE_410","","no unique search evidence in controlled cohort"
"/radon-levels/ohio/trumbull-county","GONE_410","","no unique search evidence in controlled cohort"
"/radon-levels/ohio/tuscarawas-county","GONE_410","","no unique search evidence in controlled cohort"
"/radon-levels/ohio/union-county","GONE_410","","no unique search evidence in controlled cohort"
"/radon-levels/ohio/van-wert-county","GONE_410","","no unique search evidence in controlled cohort"
"/radon-levels/ohio/vinton-county","GONE_410","","no unique search evidence in controlled cohort"
"/radon-levels/ohio/warren-county","GONE_410","","no unique search evidence in controlled cohort"
"/radon-levels/ohio/washington-county","GONE_410","","no unique search evidence in controlled cohort"
"/radon-levels/ohio/wayne-county","GONE_410","","no unique search evidence in controlled cohort"
"/radon-levels/ohio/williams-county","GONE_410","","no unique search evidence in controlled cohort"
"/radon-levels/ohio/wood-county","GONE_410","","no unique search evidence in controlled cohort"
"/radon-levels/ohio/wyandot-county","GONE_410","","no unique search evidence in controlled cohort"
"/radon-levels/oklahoma","GONE_410","","state hub retired"
"/radon-levels/oklahoma/adair-county","GONE_410","","no unique search evidence in controlled cohort"
"/radon-levels/oklahoma/alfalfa-county","GONE_410","","no unique search evidence in controlled cohort"
"/radon-levels/oklahoma/atoka-county","GONE_410","","no unique search evidence in controlled cohort"
"/radon-levels/oklahoma/beaver-county","GONE_410","","no unique search evidence in controlled cohort"
"/radon-levels/oklahoma/beckham-county","GONE_410","","no unique search evidence in controlled cohort"
"/radon-levels/oklahoma/blaine-county","GONE_410","","no unique search evidence in controlled cohort"
"/radon-levels/oklahoma/bryan-county","GONE_410","","no unique search evidence in controlled cohort"
"/radon-levels/oklahoma/caddo-county","GONE_410","","no unique search evidence in controlled cohort"
"/radon-levels/oklahoma/canadian-county","GONE_410","","no unique search evidence in controlled cohort"
"/radon-levels/oklahoma/carter-county","GONE_410","","no unique search evidence in controlled cohort"
"/radon-levels/oklahoma/cherokee-county","GONE_410","","no unique search evidence in controlled cohort"
"/radon-levels/oklahoma/choctaw-county","GONE_410","","no unique search evidence in controlled cohort"
"/radon-levels/oklahoma/cimarron-county","GONE_410","","no unique search evidence in controlled cohort"
"/radon-levels/oklahoma/cleveland-county","GONE_410","","no unique search evidence in controlled cohort"
"/radon-levels/oklahoma/coal-county","GONE_410","","no unique search evidence in controlled cohort"
"/radon-levels/oklahoma/comanche-county","GONE_410","","no unique search evidence in controlled cohort"
"/radon-levels/oklahoma/cotton-county","GONE_410","","no unique search evidence in controlled cohort"
"/radon-levels/oklahoma/craig-county","GONE_410","","no unique search evidence in controlled cohort"
"/radon-levels/oklahoma/creek-county","GONE_410","","no unique search evidence in controlled cohort"
"/radon-levels/oklahoma/custer-county","GONE_410","","no unique search evidence in controlled cohort"
"/radon-levels/oklahoma/delaware-county","GONE_410","","no unique search evidence in controlled cohort"
"/radon-levels/oklahoma/dewey-county","GONE_410","","no unique search evidence in controlled cohort"
"/radon-levels/oklahoma/ellis-county","GONE_410","","no unique search evidence in controlled cohort"
"/radon-levels/oklahoma/garfield-county","GONE_410","","no unique search evidence in controlled cohort"
"/radon-levels/oklahoma/garvin-county","GONE_410","","no unique search evidence in controlled cohort"
"/radon-levels/oklahoma/grady-county","GONE_410","","no unique search evidence in controlled cohort"
"/radon-levels/oklahoma/grant-county","GONE_410","","no unique search evidence in controlled cohort"
"/radon-levels/oklahoma/greer-county","GONE_410","","no unique search evidence in controlled cohort"
"/radon-levels/oklahoma/harmon-county","GONE_410","","no unique search evidence in controlled cohort"
"/radon-levels/oklahoma/harper-county","GONE_410","","no unique search evidence in controlled cohort"
"/radon-levels/oklahoma/haskell-county","GONE_410","","no unique search evidence in controlled cohort"
"/radon-levels/oklahoma/hughes-county","GONE_410","","no unique search evidence in controlled cohort"
"/radon-levels/oklahoma/jackson-county","GONE_410","","no unique search evidence in controlled cohort"
"/radon-levels/oklahoma/jefferson-county","GONE_410","","no unique search evidence in controlled cohort"
"/radon-levels/oklahoma/johnston-county","GONE_410","","no unique search evidence in controlled cohort"
"/radon-levels/oklahoma/kay-county","GONE_410","","no unique search evidence in controlled cohort"
"/radon-levels/oklahoma/kingfisher-county","GONE_410","","no unique search evidence in controlled cohort"
"/radon-levels/oklahoma/kiowa-county","GONE_410","","no unique search evidence in controlled cohort"
"/radon-levels/oklahoma/latimer-county","GONE_410","","no unique search evidence in controlled cohort"
"/radon-levels/oklahoma/le-flore-county","GONE_410","","no unique search evidence in controlled cohort"
"/radon-levels/oklahoma/lincoln-county","GONE_410","","no unique search evidence in controlled cohort"
"/radon-levels/oklahoma/logan-county","GONE_410","","no unique search evidence in controlled cohort"
"/radon-levels/oklahoma/love-county","GONE_410","","no unique search evidence in controlled cohort"
"/radon-levels/oklahoma/major-county","GONE_410","","no unique search evidence in controlled cohort"
"/radon-levels/oklahoma/marshall-county","GONE_410","","no unique search evidence in controlled cohort"
"/radon-levels/oklahoma/mayes-county","GONE_410","","no unique search evidence in controlled cohort"
"/radon-levels/oklahoma/mcclain-county","GONE_410","","no unique search evidence in controlled cohort"
"/radon-levels/oklahoma/mccurtain-county","GONE_410","","no unique search evidence in controlled cohort"
"/radon-levels/oklahoma/mcintosh-county","GONE_410","","no unique search evidence in controlled cohort"
"/radon-levels/oklahoma/murray-county","GONE_410","","no unique search evidence in controlled cohort"
"/radon-levels/oklahoma/muskogee-county","GONE_410","","no unique search evidence in controlled cohort"
"/radon-levels/oklahoma/noble-county","GONE_410","","no unique search evidence in controlled cohort"
"/radon-levels/oklahoma/nowata-county","GONE_410","","no unique search evidence in controlled cohort"
"/radon-levels/oklahoma/okfuskee-county","GONE_410","","no unique search evidence in controlled cohort"
"/radon-levels/oklahoma/oklahoma-county","GONE_410","","no unique search evidence in controlled cohort"
"/radon-levels/oklahoma/okmulgee-county","GONE_410","","no unique search evidence in controlled cohort"
"/radon-levels/oklahoma/osage-county","GONE_410","","no unique search evidence in controlled cohort"
"/radon-levels/oklahoma/ottawa-county","GONE_410","","no unique search evidence in controlled cohort"
"/radon-levels/oklahoma/pawnee-county","GONE_410","","no unique search evidence in controlled cohort"
"/radon-levels/oklahoma/payne-county","GONE_410","","no unique search evidence in controlled cohort"
"/radon-levels/oklahoma/pittsburg-county","GONE_410","","no unique search evidence in controlled cohort"
"/radon-levels/oklahoma/pontotoc-county","GONE_410","","no unique search evidence in controlled cohort"
"/radon-levels/oklahoma/pottawatomie-county","GONE_410","","no unique search evidence in controlled cohort"
"/radon-levels/oklahoma/pushmataha-county","GONE_410","","no unique search evidence in controlled cohort"
"/radon-levels/oklahoma/roger-mills-county","GONE_410","","no unique search evidence in controlled cohort"
"/radon-levels/oklahoma/rogers-county","GONE_410","","no unique search evidence in controlled cohort"
"/radon-levels/oklahoma/seminole-county","GONE_410","","no unique search evidence in controlled cohort"
"/radon-levels/oklahoma/sequoyah-county","GONE_410","","no unique search evidence in controlled cohort"
"/radon-levels/oklahoma/stephens-county","GONE_410","","no unique search evidence in controlled cohort"
"/radon-levels/oklahoma/texas-county","GONE_410","","no unique search evidence in controlled cohort"
"/radon-levels/oklahoma/tillman-county","GONE_410","","no unique search evidence in controlled cohort"
"/radon-levels/oklahoma/tulsa-county","GONE_410","","no unique search evidence in controlled cohort"
"/radon-levels/oklahoma/wagoner-county","GONE_410","","no unique search evidence in controlled cohort"
"/radon-levels/oklahoma/washington-county","GONE_410","","no unique search evidence in controlled cohort"
"/radon-levels/oklahoma/washita-county","GONE_410","","no unique search evidence in controlled cohort"
"/radon-levels/oklahoma/woods-county","GONE_410","","no unique search evidence in controlled cohort"
"/radon-levels/oklahoma/woodward-county","GONE_410","","no unique search evidence in controlled cohort"
"/radon-levels/oregon","GONE_410","","state hub retired"
"/radon-levels/oregon/baker-county","GONE_410","","no unique search evidence in controlled cohort"
"/radon-levels/oregon/benton-county","GONE_410","","no unique search evidence in controlled cohort"
"/radon-levels/oregon/clackamas-county","GONE_410","","no unique search evidence in controlled cohort"
"/radon-levels/oregon/clatsop-county","GONE_410","","no unique search evidence in controlled cohort"
"/radon-levels/oregon/columbia-county","GONE_410","","no unique search evidence in controlled cohort"
"/radon-levels/oregon/coos-county","GONE_410","","no unique search evidence in controlled cohort"
"/radon-levels/oregon/crook-county","GONE_410","","no unique search evidence in controlled cohort"
"/radon-levels/oregon/curry-county","GONE_410","","no unique search evidence in controlled cohort"
"/radon-levels/oregon/deschutes-county","GONE_410","","no unique search evidence in controlled cohort"
"/radon-levels/oregon/douglas-county","GONE_410","","no unique search evidence in controlled cohort"
"/radon-levels/oregon/gilliam-county","GONE_410","","no unique search evidence in controlled cohort"
"/radon-levels/oregon/grant-county","GONE_410","","no unique search evidence in controlled cohort"
"/radon-levels/oregon/harney-county","GONE_410","","no unique search evidence in controlled cohort"
"/radon-levels/oregon/hood-river-county","GONE_410","","no unique search evidence in controlled cohort"
"/radon-levels/oregon/jackson-county","GONE_410","","no unique search evidence in controlled cohort"
"/radon-levels/oregon/jefferson-county","GONE_410","","no unique search evidence in controlled cohort"
"/radon-levels/oregon/josephine-county","GONE_410","","no unique search evidence in controlled cohort"
"/radon-levels/oregon/klamath-county","GONE_410","","no unique search evidence in controlled cohort"
"/radon-levels/oregon/lake-county","GONE_410","","no unique search evidence in controlled cohort"
"/radon-levels/oregon/lane-county","GONE_410","","no unique search evidence in controlled cohort"
"/radon-levels/oregon/lincoln-county","GONE_410","","no unique search evidence in controlled cohort"
"/radon-levels/oregon/linn-county","GONE_410","","no unique search evidence in controlled cohort"
"/radon-levels/oregon/malheur-county","GONE_410","","no unique search evidence in controlled cohort"
"/radon-levels/oregon/marion-county","GONE_410","","no unique search evidence in controlled cohort"
"/radon-levels/oregon/morrow-county","GONE_410","","no unique search evidence in controlled cohort"
"/radon-levels/oregon/multnomah-county","GONE_410","","no unique search evidence in controlled cohort"
"/radon-levels/oregon/polk-county","GONE_410","","no unique search evidence in controlled cohort"
"/radon-levels/oregon/sherman-county","GONE_410","","no unique search evidence in controlled cohort"
"/radon-levels/oregon/tillamook-county","GONE_410","","no unique search evidence in controlled cohort"
"/radon-levels/oregon/umatilla-county","GONE_410","","no unique search evidence in controlled cohort"
"/radon-levels/oregon/union-county","GONE_410","","no unique search evidence in controlled cohort"
"/radon-levels/oregon/wallowa-county","GONE_410","","no unique search evidence in controlled cohort"
"/radon-levels/oregon/wasco-county","GONE_410","","no unique search evidence in controlled cohort"
"/radon-levels/oregon/washington-county","GONE_410","","no unique search evidence in controlled cohort"
"/radon-levels/oregon/wheeler-county","GONE_410","","no unique search evidence in controlled cohort"
"/radon-levels/oregon/yamhill-county","GONE_410","","no unique search evidence in controlled cohort"
"/radon-levels/pennsylvania","GONE_410","","state hub retired"
"/radon-levels/pennsylvania/adams-county","GONE_410","","no unique search evidence in controlled cohort"
"/radon-levels/pennsylvania/allegheny-county","GONE_410","","no unique search evidence in controlled cohort"
"/radon-levels/pennsylvania/armstrong-county","GONE_410","","no unique search evidence in controlled cohort"
"/radon-levels/pennsylvania/beaver-county","GONE_410","","no unique search evidence in controlled cohort"
"/radon-levels/pennsylvania/bedford-county","GONE_410","","no unique search evidence in controlled cohort"
"/radon-levels/pennsylvania/berks-county","GONE_410","","no unique search evidence in controlled cohort"
"/radon-levels/pennsylvania/blair-county","GONE_410","","no unique search evidence in controlled cohort"
"/radon-levels/pennsylvania/bradford-county","GONE_410","","no unique search evidence in controlled cohort"
"/radon-levels/pennsylvania/bucks-county","GONE_410","","no unique search evidence in controlled cohort"
"/radon-levels/pennsylvania/butler-county","GONE_410","","no unique search evidence in controlled cohort"
"/radon-levels/pennsylvania/cambria-county","GONE_410","","no unique search evidence in controlled cohort"
"/radon-levels/pennsylvania/cameron-county","GONE_410","","no unique search evidence in controlled cohort"
"/radon-levels/pennsylvania/carbon-county","GONE_410","","no unique search evidence in controlled cohort"
"/radon-levels/pennsylvania/centre-county","GONE_410","","no unique search evidence in controlled cohort"
"/radon-levels/pennsylvania/chester-county","GONE_410","","no unique search evidence in controlled cohort"
"/radon-levels/pennsylvania/clarion-county","GONE_410","","no unique search evidence in controlled cohort"
"/radon-levels/pennsylvania/clearfield-county","GONE_410","","no unique search evidence in controlled cohort"
"/radon-levels/pennsylvania/clinton-county","GONE_410","","no unique search evidence in controlled cohort"
"/radon-levels/pennsylvania/columbia-county","GONE_410","","no unique search evidence in controlled cohort"
"/radon-levels/pennsylvania/crawford-county","GONE_410","","no unique search evidence in controlled cohort"
"/radon-levels/pennsylvania/cumberland-county","GONE_410","","no unique search evidence in controlled cohort"
"/radon-levels/pennsylvania/dauphin-county","GONE_410","","no unique search evidence in controlled cohort"
"/radon-levels/pennsylvania/delaware-county","GONE_410","","no unique search evidence in controlled cohort"
"/radon-levels/pennsylvania/elk-county","GONE_410","","no unique search evidence in controlled cohort"
"/radon-levels/pennsylvania/erie-county","GONE_410","","no unique search evidence in controlled cohort"
"/radon-levels/pennsylvania/fayette-county","GONE_410","","no unique search evidence in controlled cohort"
"/radon-levels/pennsylvania/forest-county","GONE_410","","no unique search evidence in controlled cohort"
"/radon-levels/pennsylvania/franklin-county","GONE_410","","no unique search evidence in controlled cohort"
"/radon-levels/pennsylvania/fulton-county","GONE_410","","no unique search evidence in controlled cohort"
"/radon-levels/pennsylvania/greene-county","GONE_410","","no unique search evidence in controlled cohort"
"/radon-levels/pennsylvania/huntingdon-county","GONE_410","","no unique search evidence in controlled cohort"
"/radon-levels/pennsylvania/indiana-county","KEEP_200","/radon-levels/pennsylvania/indiana-county","controlled evidence cohort"
"/radon-levels/pennsylvania/jefferson-county","GONE_410","","no unique search evidence in controlled cohort"
"/radon-levels/pennsylvania/juniata-county","GONE_410","","no unique search evidence in controlled cohort"
"/radon-levels/pennsylvania/lackawanna-county","GONE_410","","no unique search evidence in controlled cohort"
"/radon-levels/pennsylvania/lancaster-county","GONE_410","","no unique search evidence in controlled cohort"
"/radon-levels/pennsylvania/lawrence-county","GONE_410","","no unique search evidence in controlled cohort"
"/radon-levels/pennsylvania/lebanon-county","GONE_410","","no unique search evidence in controlled cohort"
"/radon-levels/pennsylvania/lehigh-county","GONE_410","","no unique search evidence in controlled cohort"
"/radon-levels/pennsylvania/luzerne-county","GONE_410","","no unique search evidence in controlled cohort"
"/radon-levels/pennsylvania/lycoming-county","GONE_410","","no unique search evidence in controlled cohort"
"/radon-levels/pennsylvania/mckean-county","GONE_410","","no unique search evidence in controlled cohort"
"/radon-levels/pennsylvania/mercer-county","GONE_410","","no unique search evidence in controlled cohort"
"/radon-levels/pennsylvania/mifflin-county","GONE_410","","no unique search evidence in controlled cohort"
"/radon-levels/pennsylvania/monroe-county","GONE_410","","no unique search evidence in controlled cohort"
"/radon-levels/pennsylvania/montgomery-county","GONE_410","","no unique search evidence in controlled cohort"
"/radon-levels/pennsylvania/montour-county","GONE_410","","no unique search evidence in controlled cohort"
"/radon-levels/pennsylvania/northampton-county","GONE_410","","no unique search evidence in controlled cohort"
"/radon-levels/pennsylvania/northumberland-county","GONE_410","","no unique search evidence in controlled cohort"
"/radon-levels/pennsylvania/perry-county","GONE_410","","no unique search evidence in controlled cohort"
"/radon-levels/pennsylvania/philadelphia-county","GONE_410","","no unique search evidence in controlled cohort"
"/radon-levels/pennsylvania/pike-county","GONE_410","","no unique search evidence in controlled cohort"
"/radon-levels/pennsylvania/potter-county","GONE_410","","no unique search evidence in controlled cohort"
"/radon-levels/pennsylvania/schuylkill-county","GONE_410","","no unique search evidence in controlled cohort"
"/radon-levels/pennsylvania/snyder-county","GONE_410","","no unique search evidence in controlled cohort"
"/radon-levels/pennsylvania/somerset-county","GONE_410","","no unique search evidence in controlled cohort"
"/radon-levels/pennsylvania/sullivan-county","GONE_410","","no unique search evidence in controlled cohort"
"/radon-levels/pennsylvania/susquehanna-county","GONE_410","","no unique search evidence in controlled cohort"
"/radon-levels/pennsylvania/tioga-county","GONE_410","","no unique search evidence in controlled cohort"
"/radon-levels/pennsylvania/union-county","GONE_410","","no unique search evidence in controlled cohort"
"/radon-levels/pennsylvania/venango-county","GONE_410","","no unique search evidence in controlled cohort"
"/radon-levels/pennsylvania/warren-county","GONE_410","","no unique search evidence in controlled cohort"
"/radon-levels/pennsylvania/washington-county","GONE_410","","no unique search evidence in controlled cohort"
"/radon-levels/pennsylvania/wayne-county","GONE_410","","no unique search evidence in controlled cohort"
"/radon-levels/pennsylvania/westmoreland-county","GONE_410","","no unique search evidence in controlled cohort"
"/radon-levels/pennsylvania/wyoming-county","GONE_410","","no unique search evidence in controlled cohort"
"/radon-levels/pennsylvania/york-county","GONE_410","","no unique search evidence in controlled cohort"
"/radon-levels/puerto-rico","GONE_410","","state hub retired"
"/radon-levels/puerto-rico/adjuntas-municipio","GONE_410","","no unique search evidence in controlled cohort"
"/radon-levels/puerto-rico/aguada-municipio","GONE_410","","no unique search evidence in controlled cohort"
"/radon-levels/puerto-rico/aguadilla-municipio","GONE_410","","no unique search evidence in controlled cohort"
"/radon-levels/puerto-rico/aguas-buenas-municipio","GONE_410","","no unique search evidence in controlled cohort"
"/radon-levels/puerto-rico/aibonito-municipio","GONE_410","","no unique search evidence in controlled cohort"
"/radon-levels/puerto-rico/anasco-municipio","GONE_410","","no unique search evidence in controlled cohort"
"/radon-levels/puerto-rico/arecibo-municipio","GONE_410","","no unique search evidence in controlled cohort"
"/radon-levels/puerto-rico/arroyo-municipio","GONE_410","","no unique search evidence in controlled cohort"
"/radon-levels/puerto-rico/barceloneta-municipio","GONE_410","","no unique search evidence in controlled cohort"
"/radon-levels/puerto-rico/barranquitas-municipio","GONE_410","","no unique search evidence in controlled cohort"
"/radon-levels/puerto-rico/bayamon-municipio","GONE_410","","no unique search evidence in controlled cohort"
"/radon-levels/puerto-rico/cabo-rojo-municipio","GONE_410","","no unique search evidence in controlled cohort"
"/radon-levels/puerto-rico/caguas-municipio","GONE_410","","no unique search evidence in controlled cohort"
"/radon-levels/puerto-rico/camuy-municipio","GONE_410","","no unique search evidence in controlled cohort"
"/radon-levels/puerto-rico/canovanas-municipio","GONE_410","","no unique search evidence in controlled cohort"
"/radon-levels/puerto-rico/carolina-municipio","GONE_410","","no unique search evidence in controlled cohort"
"/radon-levels/puerto-rico/catano-municipio","GONE_410","","no unique search evidence in controlled cohort"
"/radon-levels/puerto-rico/cayey-municipio","GONE_410","","no unique search evidence in controlled cohort"
"/radon-levels/puerto-rico/ceiba-municipio","GONE_410","","no unique search evidence in controlled cohort"
"/radon-levels/puerto-rico/ciales-municipio","GONE_410","","no unique search evidence in controlled cohort"
"/radon-levels/puerto-rico/cidra-municipio","GONE_410","","no unique search evidence in controlled cohort"
"/radon-levels/puerto-rico/coamo-municipio","GONE_410","","no unique search evidence in controlled cohort"
"/radon-levels/puerto-rico/comerio-municipio","GONE_410","","no unique search evidence in controlled cohort"
"/radon-levels/puerto-rico/corozal-municipio","GONE_410","","no unique search evidence in controlled cohort"
"/radon-levels/puerto-rico/culebra-municipio","GONE_410","","no unique search evidence in controlled cohort"
"/radon-levels/puerto-rico/dorado-municipio","GONE_410","","no unique search evidence in controlled cohort"
"/radon-levels/puerto-rico/fajardo-municipio","GONE_410","","no unique search evidence in controlled cohort"
"/radon-levels/puerto-rico/florida-municipio","GONE_410","","no unique search evidence in controlled cohort"
"/radon-levels/puerto-rico/guanica-municipio","GONE_410","","no unique search evidence in controlled cohort"
"/radon-levels/puerto-rico/guayama-municipio","GONE_410","","no unique search evidence in controlled cohort"
"/radon-levels/puerto-rico/guayanilla-municipio","GONE_410","","no unique search evidence in controlled cohort"
"/radon-levels/puerto-rico/guaynabo-municipio","GONE_410","","no unique search evidence in controlled cohort"
"/radon-levels/puerto-rico/gurabo-municipio","GONE_410","","no unique search evidence in controlled cohort"
"/radon-levels/puerto-rico/hatillo-municipio","GONE_410","","no unique search evidence in controlled cohort"
"/radon-levels/puerto-rico/hormigueros-municipio","GONE_410","","no unique search evidence in controlled cohort"
"/radon-levels/puerto-rico/humacao-municipio","GONE_410","","no unique search evidence in controlled cohort"
"/radon-levels/puerto-rico/isabela-municipio","GONE_410","","no unique search evidence in controlled cohort"
"/radon-levels/puerto-rico/jayuya-municipio","GONE_410","","no unique search evidence in controlled cohort"
"/radon-levels/puerto-rico/juana-diaz-municipio","GONE_410","","no unique search evidence in controlled cohort"
"/radon-levels/puerto-rico/juncos-municipio","GONE_410","","no unique search evidence in controlled cohort"
"/radon-levels/puerto-rico/lajas-municipio","GONE_410","","no unique search evidence in controlled cohort"
"/radon-levels/puerto-rico/lares-municipio","GONE_410","","no unique search evidence in controlled cohort"
"/radon-levels/puerto-rico/las-marias-municipio","GONE_410","","no unique search evidence in controlled cohort"
"/radon-levels/puerto-rico/las-piedras-municipio","GONE_410","","no unique search evidence in controlled cohort"
"/radon-levels/puerto-rico/loiza-municipio","GONE_410","","no unique search evidence in controlled cohort"
"/radon-levels/puerto-rico/luquillo-municipio","GONE_410","","no unique search evidence in controlled cohort"
"/radon-levels/puerto-rico/manati-municipio","GONE_410","","no unique search evidence in controlled cohort"
"/radon-levels/puerto-rico/maricao-municipio","GONE_410","","no unique search evidence in controlled cohort"
"/radon-levels/puerto-rico/maunabo-municipio","GONE_410","","no unique search evidence in controlled cohort"
"/radon-levels/puerto-rico/mayaguez-municipio","GONE_410","","no unique search evidence in controlled cohort"
"/radon-levels/puerto-rico/moca-municipio","GONE_410","","no unique search evidence in controlled cohort"
"/radon-levels/puerto-rico/morovis-municipio","GONE_410","","no unique search evidence in controlled cohort"
"/radon-levels/puerto-rico/naguabo-municipio","GONE_410","","no unique search evidence in controlled cohort"
"/radon-levels/puerto-rico/naranjito-municipio","GONE_410","","no unique search evidence in controlled cohort"
"/radon-levels/puerto-rico/orocovis-municipio","GONE_410","","no unique search evidence in controlled cohort"
"/radon-levels/puerto-rico/patillas-municipio","GONE_410","","no unique search evidence in controlled cohort"
"/radon-levels/puerto-rico/penuelas-municipio","GONE_410","","no unique search evidence in controlled cohort"
"/radon-levels/puerto-rico/ponce-municipio","GONE_410","","no unique search evidence in controlled cohort"
"/radon-levels/puerto-rico/quebradillas-municipio","GONE_410","","no unique search evidence in controlled cohort"
"/radon-levels/puerto-rico/rincon-municipio","GONE_410","","no unique search evidence in controlled cohort"
"/radon-levels/puerto-rico/rio-grande-municipio","GONE_410","","no unique search evidence in controlled cohort"
"/radon-levels/puerto-rico/sabana-grande-municipio","GONE_410","","no unique search evidence in controlled cohort"
"/radon-levels/puerto-rico/salinas-municipio","GONE_410","","no unique search evidence in controlled cohort"
"/radon-levels/puerto-rico/san-german-municipio","GONE_410","","no unique search evidence in controlled cohort"
"/radon-levels/puerto-rico/san-juan-municipio","GONE_410","","no unique search evidence in controlled cohort"
"/radon-levels/puerto-rico/san-lorenzo-municipio","GONE_410","","no unique search evidence in controlled cohort"
"/radon-levels/puerto-rico/san-sebastian-municipio","GONE_410","","no unique search evidence in controlled cohort"
"/radon-levels/puerto-rico/santa-isabel-municipio","GONE_410","","no unique search evidence in controlled cohort"
"/radon-levels/puerto-rico/toa-alta-municipio","GONE_410","","no unique search evidence in controlled cohort"
"/radon-levels/puerto-rico/toa-baja-municipio","GONE_410","","no unique search evidence in controlled cohort"
"/radon-levels/puerto-rico/trujillo-alto-municipio","GONE_410","","no unique search evidence in controlled cohort"
"/radon-levels/puerto-rico/utuado-municipio","GONE_410","","no unique search evidence in controlled cohort"
"/radon-levels/puerto-rico/vega-alta-municipio","GONE_410","","no unique search evidence in controlled cohort"
"/radon-levels/puerto-rico/vega-baja-municipio","GONE_410","","no unique search evidence in controlled cohort"
"/radon-levels/puerto-rico/vieques-municipio","GONE_410","","no unique search evidence in controlled cohort"
"/radon-levels/puerto-rico/villalba-municipio","GONE_410","","no unique search evidence in controlled cohort"
"/radon-levels/puerto-rico/yabucoa-municipio","GONE_410","","no unique search evidence in controlled cohort"
"/radon-levels/puerto-rico/yauco-municipio","GONE_410","","no unique search evidence in controlled cohort"
"/radon-levels/rhode-island","GONE_410","","state hub retired"
"/radon-levels/rhode-island/bristol-county","GONE_410","","no unique search evidence in controlled cohort"
"/radon-levels/rhode-island/kent-county","GONE_410","","no unique search evidence in controlled cohort"
"/radon-levels/rhode-island/newport-county","GONE_410","","no unique search evidence in controlled cohort"
"/radon-levels/rhode-island/providence-county","GONE_410","","no unique search evidence in controlled cohort"
"/radon-levels/rhode-island/washington-county","GONE_410","","no unique search evidence in controlled cohort"
"/radon-levels/south-carolina","GONE_410","","state hub retired"
"/radon-levels/south-carolina/abbeville-county","GONE_410","","no unique search evidence in controlled cohort"
"/radon-levels/south-carolina/aiken-county","GONE_410","","no unique search evidence in controlled cohort"
"/radon-levels/south-carolina/allendale-county","GONE_410","","no unique search evidence in controlled cohort"
"/radon-levels/south-carolina/anderson-county","GONE_410","","no unique search evidence in controlled cohort"
"/radon-levels/south-carolina/bamberg-county","GONE_410","","no unique search evidence in controlled cohort"
"/radon-levels/south-carolina/barnwell-county","GONE_410","","no unique search evidence in controlled cohort"
"/radon-levels/south-carolina/beaufort-county","GONE_410","","no unique search evidence in controlled cohort"
"/radon-levels/south-carolina/berkeley-county","GONE_410","","no unique search evidence in controlled cohort"
"/radon-levels/south-carolina/calhoun-county","GONE_410","","no unique search evidence in controlled cohort"
"/radon-levels/south-carolina/charleston-county","GONE_410","","no unique search evidence in controlled cohort"
"/radon-levels/south-carolina/cherokee-county","GONE_410","","no unique search evidence in controlled cohort"
"/radon-levels/south-carolina/chester-county","GONE_410","","no unique search evidence in controlled cohort"
"/radon-levels/south-carolina/chesterfield-county","GONE_410","","no unique search evidence in controlled cohort"
"/radon-levels/south-carolina/clarendon-county","GONE_410","","no unique search evidence in controlled cohort"
"/radon-levels/south-carolina/colleton-county","GONE_410","","no unique search evidence in controlled cohort"
"/radon-levels/south-carolina/darlington-county","GONE_410","","no unique search evidence in controlled cohort"
"/radon-levels/south-carolina/dillon-county","GONE_410","","no unique search evidence in controlled cohort"
"/radon-levels/south-carolina/dorchester-county","GONE_410","","no unique search evidence in controlled cohort"
"/radon-levels/south-carolina/edgefield-county","GONE_410","","no unique search evidence in controlled cohort"
"/radon-levels/south-carolina/fairfield-county","GONE_410","","no unique search evidence in controlled cohort"
"/radon-levels/south-carolina/florence-county","GONE_410","","no unique search evidence in controlled cohort"
"/radon-levels/south-carolina/georgetown-county","GONE_410","","no unique search evidence in controlled cohort"
"/radon-levels/south-carolina/greenville-county","GONE_410","","no unique search evidence in controlled cohort"
"/radon-levels/south-carolina/greenwood-county","GONE_410","","no unique search evidence in controlled cohort"
"/radon-levels/south-carolina/hampton-county","GONE_410","","no unique search evidence in controlled cohort"
"/radon-levels/south-carolina/horry-county","GONE_410","","no unique search evidence in controlled cohort"
"/radon-levels/south-carolina/jasper-county","GONE_410","","no unique search evidence in controlled cohort"
"/radon-levels/south-carolina/kershaw-county","GONE_410","","no unique search evidence in controlled cohort"
"/radon-levels/south-carolina/lancaster-county","GONE_410","","no unique search evidence in controlled cohort"
"/radon-levels/south-carolina/laurens-county","GONE_410","","no unique search evidence in controlled cohort"
"/radon-levels/south-carolina/lee-county","GONE_410","","no unique search evidence in controlled cohort"
"/radon-levels/south-carolina/lexington-county","GONE_410","","no unique search evidence in controlled cohort"
"/radon-levels/south-carolina/marion-county","GONE_410","","no unique search evidence in controlled cohort"
"/radon-levels/south-carolina/marlboro-county","GONE_410","","no unique search evidence in controlled cohort"
"/radon-levels/south-carolina/mccormick-county","GONE_410","","no unique search evidence in controlled cohort"
"/radon-levels/south-carolina/newberry-county","GONE_410","","no unique search evidence in controlled cohort"
"/radon-levels/south-carolina/oconee-county","GONE_410","","no unique search evidence in controlled cohort"
"/radon-levels/south-carolina/orangeburg-county","GONE_410","","no unique search evidence in controlled cohort"
"/radon-levels/south-carolina/pickens-county","GONE_410","","no unique search evidence in controlled cohort"
"/radon-levels/south-carolina/richland-county","GONE_410","","no unique search evidence in controlled cohort"
"/radon-levels/south-carolina/saluda-county","GONE_410","","no unique search evidence in controlled cohort"
"/radon-levels/south-carolina/spartanburg-county","GONE_410","","no unique search evidence in controlled cohort"
"/radon-levels/south-carolina/sumter-county","GONE_410","","no unique search evidence in controlled cohort"
"/radon-levels/south-carolina/union-county","GONE_410","","no unique search evidence in controlled cohort"
"/radon-levels/south-carolina/williamsburg-county","GONE_410","","no unique search evidence in controlled cohort"
"/radon-levels/south-carolina/york-county","GONE_410","","no unique search evidence in controlled cohort"
"/radon-levels/south-dakota","GONE_410","","state hub retired"
"/radon-levels/south-dakota/aurora-county","GONE_410","","no unique search evidence in controlled cohort"
"/radon-levels/south-dakota/beadle-county","GONE_410","","no unique search evidence in controlled cohort"
"/radon-levels/south-dakota/bennett-county","GONE_410","","no unique search evidence in controlled cohort"
"/radon-levels/south-dakota/bon-homme-county","GONE_410","","no unique search evidence in controlled cohort"
"/radon-levels/south-dakota/brookings-county","GONE_410","","no unique search evidence in controlled cohort"
"/radon-levels/south-dakota/brown-county","GONE_410","","no unique search evidence in controlled cohort"
"/radon-levels/south-dakota/brule-county","GONE_410","","no unique search evidence in controlled cohort"
"/radon-levels/south-dakota/buffalo-county","GONE_410","","no unique search evidence in controlled cohort"
"/radon-levels/south-dakota/butte-county","GONE_410","","no unique search evidence in controlled cohort"
"/radon-levels/south-dakota/campbell-county","GONE_410","","no unique search evidence in controlled cohort"
"/radon-levels/south-dakota/charles-mix-county","GONE_410","","no unique search evidence in controlled cohort"
"/radon-levels/south-dakota/clark-county","GONE_410","","no unique search evidence in controlled cohort"
"/radon-levels/south-dakota/clay-county","GONE_410","","no unique search evidence in controlled cohort"
"/radon-levels/south-dakota/codington-county","GONE_410","","no unique search evidence in controlled cohort"
"/radon-levels/south-dakota/corson-county","GONE_410","","no unique search evidence in controlled cohort"
"/radon-levels/south-dakota/custer-county","GONE_410","","no unique search evidence in controlled cohort"
"/radon-levels/south-dakota/davison-county","GONE_410","","no unique search evidence in controlled cohort"
"/radon-levels/south-dakota/day-county","GONE_410","","no unique search evidence in controlled cohort"
"/radon-levels/south-dakota/deuel-county","GONE_410","","no unique search evidence in controlled cohort"
"/radon-levels/south-dakota/dewey-county","GONE_410","","no unique search evidence in controlled cohort"
"/radon-levels/south-dakota/douglas-county","GONE_410","","no unique search evidence in controlled cohort"
"/radon-levels/south-dakota/edmunds-county","GONE_410","","no unique search evidence in controlled cohort"
"/radon-levels/south-dakota/fall-river-county","GONE_410","","no unique search evidence in controlled cohort"
"/radon-levels/south-dakota/faulk-county","GONE_410","","no unique search evidence in controlled cohort"
"/radon-levels/south-dakota/grant-county","GONE_410","","no unique search evidence in controlled cohort"
"/radon-levels/south-dakota/gregory-county","GONE_410","","no unique search evidence in controlled cohort"
"/radon-levels/south-dakota/haakon-county","GONE_410","","no unique search evidence in controlled cohort"
"/radon-levels/south-dakota/hamlin-county","GONE_410","","no unique search evidence in controlled cohort"
"/radon-levels/south-dakota/hand-county","GONE_410","","no unique search evidence in controlled cohort"
"/radon-levels/south-dakota/hanson-county","GONE_410","","no unique search evidence in controlled cohort"
"/radon-levels/south-dakota/harding-county","GONE_410","","no unique search evidence in controlled cohort"
"/radon-levels/south-dakota/hughes-county","GONE_410","","no unique search evidence in controlled cohort"
"/radon-levels/south-dakota/hutchinson-county","GONE_410","","no unique search evidence in controlled cohort"
"/radon-levels/south-dakota/hyde-county","GONE_410","","no unique search evidence in controlled cohort"
"/radon-levels/south-dakota/jackson-county","GONE_410","","no unique search evidence in controlled cohort"
"/radon-levels/south-dakota/jerauld-county","GONE_410","","no unique search evidence in controlled cohort"
"/radon-levels/south-dakota/jones-county","GONE_410","","no unique search evidence in controlled cohort"
"/radon-levels/south-dakota/kingsbury-county","GONE_410","","no unique search evidence in controlled cohort"
"/radon-levels/south-dakota/lake-county","GONE_410","","no unique search evidence in controlled cohort"
"/radon-levels/south-dakota/lawrence-county","GONE_410","","no unique search evidence in controlled cohort"
"/radon-levels/south-dakota/lincoln-county","GONE_410","","no unique search evidence in controlled cohort"
"/radon-levels/south-dakota/lyman-county","GONE_410","","no unique search evidence in controlled cohort"
"/radon-levels/south-dakota/marshall-county","GONE_410","","no unique search evidence in controlled cohort"
"/radon-levels/south-dakota/mccook-county","GONE_410","","no unique search evidence in controlled cohort"
"/radon-levels/south-dakota/mcpherson-county","GONE_410","","no unique search evidence in controlled cohort"
"/radon-levels/south-dakota/meade-county","GONE_410","","no unique search evidence in controlled cohort"
"/radon-levels/south-dakota/mellette-county","GONE_410","","no unique search evidence in controlled cohort"
"/radon-levels/south-dakota/miner-county","GONE_410","","no unique search evidence in controlled cohort"
"/radon-levels/south-dakota/minnehaha-county","GONE_410","","no unique search evidence in controlled cohort"
"/radon-levels/south-dakota/moody-county","GONE_410","","no unique search evidence in controlled cohort"
"/radon-levels/south-dakota/pennington-county","GONE_410","","no unique search evidence in controlled cohort"
"/radon-levels/south-dakota/perkins-county","GONE_410","","no unique search evidence in controlled cohort"
"/radon-levels/south-dakota/potter-county","GONE_410","","no unique search evidence in controlled cohort"
"/radon-levels/south-dakota/roberts-county","GONE_410","","no unique search evidence in controlled cohort"
"/radon-levels/south-dakota/sanborn-county","GONE_410","","no unique search evidence in controlled cohort"
"/radon-levels/south-dakota/shannon-county","GONE_410","","no unique search evidence in controlled cohort"
"/radon-levels/south-dakota/spink-county","GONE_410","","no unique search evidence in controlled cohort"
"/radon-levels/south-dakota/stanley-county","GONE_410","","no unique search evidence in controlled cohort"
"/radon-levels/south-dakota/sully-county","GONE_410","","no unique search evidence in controlled cohort"
"/radon-levels/south-dakota/todd-county","GONE_410","","no unique search evidence in controlled cohort"
"/radon-levels/south-dakota/tripp-county","GONE_410","","no unique search evidence in controlled cohort"
"/radon-levels/south-dakota/turner-county","GONE_410","","no unique search evidence in controlled cohort"
"/radon-levels/south-dakota/union-county","GONE_410","","no unique search evidence in controlled cohort"
"/radon-levels/south-dakota/walworth-county","GONE_410","","no unique search evidence in controlled cohort"
"/radon-levels/south-dakota/yankton-county","GONE_410","","no unique search evidence in controlled cohort"
"/radon-levels/south-dakota/ziebach-county","GONE_410","","no unique search evidence in controlled cohort"
"/radon-levels/tennessee","GONE_410","","state hub retired"
"/radon-levels/tennessee/anderson-county","GONE_410","","no unique search evidence in controlled cohort"
"/radon-levels/tennessee/bedford-county","GONE_410","","no unique search evidence in controlled cohort"
"/radon-levels/tennessee/benton-county","GONE_410","","no unique search evidence in controlled cohort"
"/radon-levels/tennessee/bledsoe-county","GONE_410","","no unique search evidence in controlled cohort"
"/radon-levels/tennessee/blount-county","GONE_410","","no unique search evidence in controlled cohort"
"/radon-levels/tennessee/bradley-county","GONE_410","","no unique search evidence in controlled cohort"
"/radon-levels/tennessee/campbell-county","GONE_410","","no unique search evidence in controlled cohort"
"/radon-levels/tennessee/cannon-county","GONE_410","","no unique search evidence in controlled cohort"
"/radon-levels/tennessee/carroll-county","GONE_410","","no unique search evidence in controlled cohort"
"/radon-levels/tennessee/carter-county","GONE_410","","no unique search evidence in controlled cohort"
"/radon-levels/tennessee/cheatham-county","GONE_410","","no unique search evidence in controlled cohort"
"/radon-levels/tennessee/chester-county","GONE_410","","no unique search evidence in controlled cohort"
"/radon-levels/tennessee/claiborne-county","GONE_410","","no unique search evidence in controlled cohort"
"/radon-levels/tennessee/clay-county","GONE_410","","no unique search evidence in controlled cohort"
"/radon-levels/tennessee/cocke-county","GONE_410","","no unique search evidence in controlled cohort"
"/radon-levels/tennessee/coffee-county","GONE_410","","no unique search evidence in controlled cohort"
"/radon-levels/tennessee/crockett-county","GONE_410","","no unique search evidence in controlled cohort"
"/radon-levels/tennessee/cumberland-county","GONE_410","","no unique search evidence in controlled cohort"
"/radon-levels/tennessee/davidson-county","GONE_410","","no unique search evidence in controlled cohort"
"/radon-levels/tennessee/decatur-county","GONE_410","","no unique search evidence in controlled cohort"
"/radon-levels/tennessee/dekalb-county","GONE_410","","no unique search evidence in controlled cohort"
"/radon-levels/tennessee/dickson-county","GONE_410","","no unique search evidence in controlled cohort"
"/radon-levels/tennessee/dyer-county","GONE_410","","no unique search evidence in controlled cohort"
"/radon-levels/tennessee/fayette-county","GONE_410","","no unique search evidence in controlled cohort"
"/radon-levels/tennessee/fentress-county","GONE_410","","no unique search evidence in controlled cohort"
"/radon-levels/tennessee/franklin-county","GONE_410","","no unique search evidence in controlled cohort"
"/radon-levels/tennessee/gibson-county","GONE_410","","no unique search evidence in controlled cohort"
"/radon-levels/tennessee/giles-county","GONE_410","","no unique search evidence in controlled cohort"
"/radon-levels/tennessee/grainger-county","GONE_410","","no unique search evidence in controlled cohort"
"/radon-levels/tennessee/greene-county","GONE_410","","no unique search evidence in controlled cohort"
"/radon-levels/tennessee/grundy-county","GONE_410","","no unique search evidence in controlled cohort"
"/radon-levels/tennessee/hamblen-county","GONE_410","","no unique search evidence in controlled cohort"
"/radon-levels/tennessee/hamilton-county","GONE_410","","no unique search evidence in controlled cohort"
"/radon-levels/tennessee/hancock-county","GONE_410","","no unique search evidence in controlled cohort"
"/radon-levels/tennessee/hardeman-county","GONE_410","","no unique search evidence in controlled cohort"
"/radon-levels/tennessee/hardin-county","GONE_410","","no unique search evidence in controlled cohort"
"/radon-levels/tennessee/hawkins-county","GONE_410","","no unique search evidence in controlled cohort"
"/radon-levels/tennessee/haywood-county","GONE_410","","no unique search evidence in controlled cohort"
"/radon-levels/tennessee/henderson-county","GONE_410","","no unique search evidence in controlled cohort"
"/radon-levels/tennessee/henry-county","GONE_410","","no unique search evidence in controlled cohort"
"/radon-levels/tennessee/hickman-county","GONE_410","","no unique search evidence in controlled cohort"
"/radon-levels/tennessee/houston-county","GONE_410","","no unique search evidence in controlled cohort"
"/radon-levels/tennessee/humphreys-county","GONE_410","","no unique search evidence in controlled cohort"
"/radon-levels/tennessee/jackson-county","GONE_410","","no unique search evidence in controlled cohort"
"/radon-levels/tennessee/jefferson-county","GONE_410","","no unique search evidence in controlled cohort"
"/radon-levels/tennessee/johnson-county","GONE_410","","no unique search evidence in controlled cohort"
"/radon-levels/tennessee/knox-county","GONE_410","","no unique search evidence in controlled cohort"
"/radon-levels/tennessee/lake-county","GONE_410","","no unique search evidence in controlled cohort"
"/radon-levels/tennessee/lauderdale-county","GONE_410","","no unique search evidence in controlled cohort"
"/radon-levels/tennessee/lawrence-county","GONE_410","","no unique search evidence in controlled cohort"
"/radon-levels/tennessee/lewis-county","GONE_410","","no unique search evidence in controlled cohort"
"/radon-levels/tennessee/lincoln-county","GONE_410","","no unique search evidence in controlled cohort"
"/radon-levels/tennessee/loudon-county","GONE_410","","no unique search evidence in controlled cohort"
"/radon-levels/tennessee/macon-county","GONE_410","","no unique search evidence in controlled cohort"
"/radon-levels/tennessee/madison-county","GONE_410","","no unique search evidence in controlled cohort"
"/radon-levels/tennessee/marion-county","GONE_410","","no unique search evidence in controlled cohort"
"/radon-levels/tennessee/marshall-county","GONE_410","","no unique search evidence in controlled cohort"
"/radon-levels/tennessee/maury-county","GONE_410","","no unique search evidence in controlled cohort"
"/radon-levels/tennessee/mcminn-county","GONE_410","","no unique search evidence in controlled cohort"
"/radon-levels/tennessee/mcnairy-county","GONE_410","","no unique search evidence in controlled cohort"
"/radon-levels/tennessee/meigs-county","GONE_410","","no unique search evidence in controlled cohort"
"/radon-levels/tennessee/monroe-county","GONE_410","","no unique search evidence in controlled cohort"
"/radon-levels/tennessee/montgomery-county","GONE_410","","no unique search evidence in controlled cohort"
"/radon-levels/tennessee/moore-county","GONE_410","","no unique search evidence in controlled cohort"
"/radon-levels/tennessee/morgan-county","GONE_410","","no unique search evidence in controlled cohort"
"/radon-levels/tennessee/obion-county","GONE_410","","no unique search evidence in controlled cohort"
"/radon-levels/tennessee/overton-county","GONE_410","","no unique search evidence in controlled cohort"
"/radon-levels/tennessee/perry-county","GONE_410","","no unique search evidence in controlled cohort"
"/radon-levels/tennessee/pickett-county","GONE_410","","no unique search evidence in controlled cohort"
"/radon-levels/tennessee/polk-county","GONE_410","","no unique search evidence in controlled cohort"
"/radon-levels/tennessee/putnam-county","GONE_410","","no unique search evidence in controlled cohort"
"/radon-levels/tennessee/rhea-county","GONE_410","","no unique search evidence in controlled cohort"
"/radon-levels/tennessee/roane-county","GONE_410","","no unique search evidence in controlled cohort"
"/radon-levels/tennessee/robertson-county","GONE_410","","no unique search evidence in controlled cohort"
"/radon-levels/tennessee/rutherford-county","GONE_410","","no unique search evidence in controlled cohort"
"/radon-levels/tennessee/scott-county","GONE_410","","no unique search evidence in controlled cohort"
"/radon-levels/tennessee/sequatchie-county","GONE_410","","no unique search evidence in controlled cohort"
"/radon-levels/tennessee/sevier-county","GONE_410","","no unique search evidence in controlled cohort"
"/radon-levels/tennessee/shelby-county","GONE_410","","no unique search evidence in controlled cohort"
"/radon-levels/tennessee/smith-county","GONE_410","","no unique search evidence in controlled cohort"
"/radon-levels/tennessee/stewart-county","GONE_410","","no unique search evidence in controlled cohort"
"/radon-levels/tennessee/sullivan-county","GONE_410","","no unique search evidence in controlled cohort"
"/radon-levels/tennessee/sumner-county","GONE_410","","no unique search evidence in controlled cohort"
"/radon-levels/tennessee/tipton-county","GONE_410","","no unique search evidence in controlled cohort"
"/radon-levels/tennessee/trousdale-county","GONE_410","","no unique search evidence in controlled cohort"
"/radon-levels/tennessee/unicoi-county","GONE_410","","no unique search evidence in controlled cohort"
"/radon-levels/tennessee/union-county","GONE_410","","no unique search evidence in controlled cohort"
"/radon-levels/tennessee/van-buren-county","GONE_410","","no unique search evidence in controlled cohort"
"/radon-levels/tennessee/warren-county","GONE_410","","no unique search evidence in controlled cohort"
"/radon-levels/tennessee/washington-county","GONE_410","","no unique search evidence in controlled cohort"
"/radon-levels/tennessee/wayne-county","GONE_410","","no unique search evidence in controlled cohort"
"/radon-levels/tennessee/weakley-county","GONE_410","","no unique search evidence in controlled cohort"
"/radon-levels/tennessee/white-county","GONE_410","","no unique search evidence in controlled cohort"
"/radon-levels/tennessee/williamson-county","GONE_410","","no unique search evidence in controlled cohort"
"/radon-levels/tennessee/wilson-county","GONE_410","","no unique search evidence in controlled cohort"
"/radon-levels/texas","GONE_410","","state hub retired"
"/radon-levels/texas/anderson-county","GONE_410","","no unique search evidence in controlled cohort"
"/radon-levels/texas/andrews-county","GONE_410","","no unique search evidence in controlled cohort"
"/radon-levels/texas/angelina-county","GONE_410","","no unique search evidence in controlled cohort"
"/radon-levels/texas/aransas-county","GONE_410","","no unique search evidence in controlled cohort"
"/radon-levels/texas/archer-county","GONE_410","","no unique search evidence in controlled cohort"
"/radon-levels/texas/armstrong-county","GONE_410","","no unique search evidence in controlled cohort"
"/radon-levels/texas/atascosa-county","GONE_410","","no unique search evidence in controlled cohort"
"/radon-levels/texas/austin-county","GONE_410","","no unique search evidence in controlled cohort"
"/radon-levels/texas/bailey-county","GONE_410","","no unique search evidence in controlled cohort"
"/radon-levels/texas/bandera-county","GONE_410","","no unique search evidence in controlled cohort"
"/radon-levels/texas/bastrop-county","GONE_410","","no unique search evidence in controlled cohort"
"/radon-levels/texas/baylor-county","GONE_410","","no unique search evidence in controlled cohort"
"/radon-levels/texas/bee-county","GONE_410","","no unique search evidence in controlled cohort"
"/radon-levels/texas/bell-county","GONE_410","","no unique search evidence in controlled cohort"
"/radon-levels/texas/bexar-county","GONE_410","","no unique search evidence in controlled cohort"
"/radon-levels/texas/blanco-county","GONE_410","","no unique search evidence in controlled cohort"
"/radon-levels/texas/borden-county","GONE_410","","no unique search evidence in controlled cohort"
"/radon-levels/texas/bosque-county","GONE_410","","no unique search evidence in controlled cohort"
"/radon-levels/texas/bowie-county","GONE_410","","no unique search evidence in controlled cohort"
"/radon-levels/texas/brazoria-county","GONE_410","","no unique search evidence in controlled cohort"
"/radon-levels/texas/brazos-county","GONE_410","","no unique search evidence in controlled cohort"
"/radon-levels/texas/brewster-county","GONE_410","","no unique search evidence in controlled cohort"
"/radon-levels/texas/briscoe-county","GONE_410","","no unique search evidence in controlled cohort"
"/radon-levels/texas/brooks-county","GONE_410","","no unique search evidence in controlled cohort"
"/radon-levels/texas/brown-county","GONE_410","","no unique search evidence in controlled cohort"
"/radon-levels/texas/burleson-county","GONE_410","","no unique search evidence in controlled cohort"
"/radon-levels/texas/burnet-county","GONE_410","","no unique search evidence in controlled cohort"
"/radon-levels/texas/caldwell-county","GONE_410","","no unique search evidence in controlled cohort"
"/radon-levels/texas/calhoun-county","GONE_410","","no unique search evidence in controlled cohort"
"/radon-levels/texas/callahan-county","GONE_410","","no unique search evidence in controlled cohort"
"/radon-levels/texas/cameron-county","GONE_410","","no unique search evidence in controlled cohort"
"/radon-levels/texas/camp-county","GONE_410","","no unique search evidence in controlled cohort"
"/radon-levels/texas/carson-county","GONE_410","","no unique search evidence in controlled cohort"
"/radon-levels/texas/cass-county","GONE_410","","no unique search evidence in controlled cohort"
"/radon-levels/texas/castro-county","GONE_410","","no unique search evidence in controlled cohort"
"/radon-levels/texas/chambers-county","GONE_410","","no unique search evidence in controlled cohort"
"/radon-levels/texas/cherokee-county","GONE_410","","no unique search evidence in controlled cohort"
"/radon-levels/texas/childress-county","GONE_410","","no unique search evidence in controlled cohort"
"/radon-levels/texas/clay-county","GONE_410","","no unique search evidence in controlled cohort"
"/radon-levels/texas/cochran-county","GONE_410","","no unique search evidence in controlled cohort"
"/radon-levels/texas/coke-county","GONE_410","","no unique search evidence in controlled cohort"
"/radon-levels/texas/coleman-county","GONE_410","","no unique search evidence in controlled cohort"
"/radon-levels/texas/collin-county","GONE_410","","no unique search evidence in controlled cohort"
"/radon-levels/texas/collingsworth-county","GONE_410","","no unique search evidence in controlled cohort"
"/radon-levels/texas/colorado-county","GONE_410","","no unique search evidence in controlled cohort"
"/radon-levels/texas/comal-county","GONE_410","","no unique search evidence in controlled cohort"
"/radon-levels/texas/comanche-county","GONE_410","","no unique search evidence in controlled cohort"
"/radon-levels/texas/concho-county","GONE_410","","no unique search evidence in controlled cohort"
"/radon-levels/texas/cooke-county","GONE_410","","no unique search evidence in controlled cohort"
"/radon-levels/texas/coryell-county","GONE_410","","no unique search evidence in controlled cohort"
"/radon-levels/texas/cottle-county","GONE_410","","no unique search evidence in controlled cohort"
"/radon-levels/texas/crane-county","GONE_410","","no unique search evidence in controlled cohort"
"/radon-levels/texas/crockett-county","GONE_410","","no unique search evidence in controlled cohort"
"/radon-levels/texas/crosby-county","GONE_410","","no unique search evidence in controlled cohort"
"/radon-levels/texas/culberson-county","GONE_410","","no unique search evidence in controlled cohort"
"/radon-levels/texas/dallam-county","GONE_410","","no unique search evidence in controlled cohort"
"/radon-levels/texas/dallas-county","GONE_410","","no unique search evidence in controlled cohort"
"/radon-levels/texas/dawson-county","GONE_410","","no unique search evidence in controlled cohort"
"/radon-levels/texas/deaf-smith-county","GONE_410","","no unique search evidence in controlled cohort"
"/radon-levels/texas/delta-county","GONE_410","","no unique search evidence in controlled cohort"
"/radon-levels/texas/denton-county","GONE_410","","no unique search evidence in controlled cohort"
"/radon-levels/texas/dewitt-county","GONE_410","","no unique search evidence in controlled cohort"
"/radon-levels/texas/dickens-county","GONE_410","","no unique search evidence in controlled cohort"
"/radon-levels/texas/dimmit-county","GONE_410","","no unique search evidence in controlled cohort"
"/radon-levels/texas/donley-county","GONE_410","","no unique search evidence in controlled cohort"
"/radon-levels/texas/duval-county","GONE_410","","no unique search evidence in controlled cohort"
"/radon-levels/texas/eastland-county","GONE_410","","no unique search evidence in controlled cohort"
"/radon-levels/texas/ector-county","GONE_410","","no unique search evidence in controlled cohort"
"/radon-levels/texas/edwards-county","GONE_410","","no unique search evidence in controlled cohort"
"/radon-levels/texas/el-paso-county","GONE_410","","no unique search evidence in controlled cohort"
"/radon-levels/texas/ellis-county","GONE_410","","no unique search evidence in controlled cohort"
"/radon-levels/texas/erath-county","GONE_410","","no unique search evidence in controlled cohort"
"/radon-levels/texas/falls-county","GONE_410","","no unique search evidence in controlled cohort"
"/radon-levels/texas/fannin-county","GONE_410","","no unique search evidence in controlled cohort"
"/radon-levels/texas/fayette-county","GONE_410","","no unique search evidence in controlled cohort"
"/radon-levels/texas/fisher-county","GONE_410","","no unique search evidence in controlled cohort"
"/radon-levels/texas/floyd-county","GONE_410","","no unique search evidence in controlled cohort"
"/radon-levels/texas/foard-county","GONE_410","","no unique search evidence in controlled cohort"
"/radon-levels/texas/fort-bend-county","GONE_410","","no unique search evidence in controlled cohort"
"/radon-levels/texas/franklin-county","GONE_410","","no unique search evidence in controlled cohort"
"/radon-levels/texas/freestone-county","GONE_410","","no unique search evidence in controlled cohort"
"/radon-levels/texas/frio-county","GONE_410","","no unique search evidence in controlled cohort"
"/radon-levels/texas/gaines-county","GONE_410","","no unique search evidence in controlled cohort"
"/radon-levels/texas/galveston-county","GONE_410","","no unique search evidence in controlled cohort"
"/radon-levels/texas/garza-county","GONE_410","","no unique search evidence in controlled cohort"
"/radon-levels/texas/gillespie-county","GONE_410","","no unique search evidence in controlled cohort"
"/radon-levels/texas/glasscock-county","GONE_410","","no unique search evidence in controlled cohort"
"/radon-levels/texas/goliad-county","GONE_410","","no unique search evidence in controlled cohort"
"/radon-levels/texas/gonzales-county","GONE_410","","no unique search evidence in controlled cohort"
"/radon-levels/texas/gray-county","GONE_410","","no unique search evidence in controlled cohort"
"/radon-levels/texas/grayson-county","GONE_410","","no unique search evidence in controlled cohort"
"/radon-levels/texas/gregg-county","GONE_410","","no unique search evidence in controlled cohort"
"/radon-levels/texas/grimes-county","GONE_410","","no unique search evidence in controlled cohort"
"/radon-levels/texas/guadalupe-county","GONE_410","","no unique search evidence in controlled cohort"
"/radon-levels/texas/hale-county","GONE_410","","no unique search evidence in controlled cohort"
"/radon-levels/texas/hall-county","GONE_410","","no unique search evidence in controlled cohort"
"/radon-levels/texas/hamilton-county","GONE_410","","no unique search evidence in controlled cohort"
"/radon-levels/texas/hansford-county","GONE_410","","no unique search evidence in controlled cohort"
"/radon-levels/texas/hardeman-county","GONE_410","","no unique search evidence in controlled cohort"
"/radon-levels/texas/hardin-county","GONE_410","","no unique search evidence in controlled cohort"
"/radon-levels/texas/harris-county","GONE_410","","no unique search evidence in controlled cohort"
"/radon-levels/texas/harrison-county","GONE_410","","no unique search evidence in controlled cohort"
"/radon-levels/texas/hartley-county","GONE_410","","no unique search evidence in controlled cohort"
"/radon-levels/texas/haskell-county","GONE_410","","no unique search evidence in controlled cohort"
"/radon-levels/texas/hays-county","GONE_410","","no unique search evidence in controlled cohort"
"/radon-levels/texas/hemphill-county","GONE_410","","no unique search evidence in controlled cohort"
"/radon-levels/texas/henderson-county","GONE_410","","no unique search evidence in controlled cohort"
"/radon-levels/texas/hidalgo-county","GONE_410","","no unique search evidence in controlled cohort"
"/radon-levels/texas/hill-county","GONE_410","","no unique search evidence in controlled cohort"
"/radon-levels/texas/hockley-county","GONE_410","","no unique search evidence in controlled cohort"
"/radon-levels/texas/hood-county","GONE_410","","no unique search evidence in controlled cohort"
"/radon-levels/texas/hopkins-county","GONE_410","","no unique search evidence in controlled cohort"
"/radon-levels/texas/houston-county","GONE_410","","no unique search evidence in controlled cohort"
"/radon-levels/texas/howard-county","GONE_410","","no unique search evidence in controlled cohort"
"/radon-levels/texas/hudspeth-county","GONE_410","","no unique search evidence in controlled cohort"
"/radon-levels/texas/hunt-county","GONE_410","","no unique search evidence in controlled cohort"
"/radon-levels/texas/hutchinson-county","GONE_410","","no unique search evidence in controlled cohort"
"/radon-levels/texas/irion-county","GONE_410","","no unique search evidence in controlled cohort"
"/radon-levels/texas/jack-county","GONE_410","","no unique search evidence in controlled cohort"
"/radon-levels/texas/jackson-county","GONE_410","","no unique search evidence in controlled cohort"
"/radon-levels/texas/jasper-county","GONE_410","","no unique search evidence in controlled cohort"
"/radon-levels/texas/jeff-davis-county","GONE_410","","no unique search evidence in controlled cohort"
"/radon-levels/texas/jefferson-county","GONE_410","","no unique search evidence in controlled cohort"
"/radon-levels/texas/jim-hogg-county","GONE_410","","no unique search evidence in controlled cohort"
"/radon-levels/texas/jim-wells-county","GONE_410","","no unique search evidence in controlled cohort"
"/radon-levels/texas/johnson-county","GONE_410","","no unique search evidence in controlled cohort"
"/radon-levels/texas/jones-county","GONE_410","","no unique search evidence in controlled cohort"
"/radon-levels/texas/karnes-county","GONE_410","","no unique search evidence in controlled cohort"
"/radon-levels/texas/kaufman-county","GONE_410","","no unique search evidence in controlled cohort"
"/radon-levels/texas/kendall-county","GONE_410","","no unique search evidence in controlled cohort"
"/radon-levels/texas/kenedy-county","GONE_410","","no unique search evidence in controlled cohort"
"/radon-levels/texas/kent-county","GONE_410","","no unique search evidence in controlled cohort"
"/radon-levels/texas/kerr-county","GONE_410","","no unique search evidence in controlled cohort"
"/radon-levels/texas/kimble-county","GONE_410","","no unique search evidence in controlled cohort"
"/radon-levels/texas/king-county","GONE_410","","no unique search evidence in controlled cohort"
"/radon-levels/texas/kinney-county","GONE_410","","no unique search evidence in controlled cohort"
"/radon-levels/texas/kleberg-county","GONE_410","","no unique search evidence in controlled cohort"
"/radon-levels/texas/knox-county","GONE_410","","no unique search evidence in controlled cohort"
"/radon-levels/texas/la-salle-county","GONE_410","","no unique search evidence in controlled cohort"
"/radon-levels/texas/lamar-county","GONE_410","","no unique search evidence in controlled cohort"
"/radon-levels/texas/lamb-county","GONE_410","","no unique search evidence in controlled cohort"
"/radon-levels/texas/lampasas-county","GONE_410","","no unique search evidence in controlled cohort"
"/radon-levels/texas/lavaca-county","GONE_410","","no unique search evidence in controlled cohort"
"/radon-levels/texas/lee-county","GONE_410","","no unique search evidence in controlled cohort"
"/radon-levels/texas/leon-county","GONE_410","","no unique search evidence in controlled cohort"
"/radon-levels/texas/liberty-county","GONE_410","","no unique search evidence in controlled cohort"
"/radon-levels/texas/limestone-county","GONE_410","","no unique search evidence in controlled cohort"
"/radon-levels/texas/lipscomb-county","GONE_410","","no unique search evidence in controlled cohort"
"/radon-levels/texas/live-oak-county","GONE_410","","no unique search evidence in controlled cohort"
"/radon-levels/texas/llano-county","GONE_410","","no unique search evidence in controlled cohort"
"/radon-levels/texas/loving-county","GONE_410","","no unique search evidence in controlled cohort"
"/radon-levels/texas/lubbock-county","GONE_410","","no unique search evidence in controlled cohort"
"/radon-levels/texas/lynn-county","GONE_410","","no unique search evidence in controlled cohort"
"/radon-levels/texas/madison-county","GONE_410","","no unique search evidence in controlled cohort"
"/radon-levels/texas/marion-county","GONE_410","","no unique search evidence in controlled cohort"
"/radon-levels/texas/martin-county","GONE_410","","no unique search evidence in controlled cohort"
"/radon-levels/texas/mason-county","GONE_410","","no unique search evidence in controlled cohort"
"/radon-levels/texas/matagorda-county","GONE_410","","no unique search evidence in controlled cohort"
"/radon-levels/texas/maverick-county","GONE_410","","no unique search evidence in controlled cohort"
"/radon-levels/texas/mcculloch-county","GONE_410","","no unique search evidence in controlled cohort"
"/radon-levels/texas/mclennan-county","GONE_410","","no unique search evidence in controlled cohort"
"/radon-levels/texas/mcmullen-county","GONE_410","","no unique search evidence in controlled cohort"
"/radon-levels/texas/medina-county","GONE_410","","no unique search evidence in controlled cohort"
"/radon-levels/texas/menard-county","GONE_410","","no unique search evidence in controlled cohort"
"/radon-levels/texas/midland-county","GONE_410","","no unique search evidence in controlled cohort"
"/radon-levels/texas/milam-county","GONE_410","","no unique search evidence in controlled cohort"
"/radon-levels/texas/mills-county","GONE_410","","no unique search evidence in controlled cohort"
"/radon-levels/texas/mitchell-county","GONE_410","","no unique search evidence in controlled cohort"
"/radon-levels/texas/montague-county","GONE_410","","no unique search evidence in controlled cohort"
"/radon-levels/texas/montgomery-county","GONE_410","","no unique search evidence in controlled cohort"
"/radon-levels/texas/moore-county","GONE_410","","no unique search evidence in controlled cohort"
"/radon-levels/texas/morris-county","GONE_410","","no unique search evidence in controlled cohort"
"/radon-levels/texas/motley-county","GONE_410","","no unique search evidence in controlled cohort"
"/radon-levels/texas/nacogdoches-county","GONE_410","","no unique search evidence in controlled cohort"
"/radon-levels/texas/navarro-county","GONE_410","","no unique search evidence in controlled cohort"
"/radon-levels/texas/newton-county","GONE_410","","no unique search evidence in controlled cohort"
"/radon-levels/texas/nolan-county","GONE_410","","no unique search evidence in controlled cohort"
"/radon-levels/texas/nueces-county","GONE_410","","no unique search evidence in controlled cohort"
"/radon-levels/texas/ochiltree-county","GONE_410","","no unique search evidence in controlled cohort"
"/radon-levels/texas/oldham-county","GONE_410","","no unique search evidence in controlled cohort"
"/radon-levels/texas/orange-county","GONE_410","","no unique search evidence in controlled cohort"
"/radon-levels/texas/palo-pinto-county","GONE_410","","no unique search evidence in controlled cohort"
"/radon-levels/texas/panola-county","GONE_410","","no unique search evidence in controlled cohort"
"/radon-levels/texas/parker-county","GONE_410","","no unique search evidence in controlled cohort"
"/radon-levels/texas/parmer-county","GONE_410","","no unique search evidence in controlled cohort"
"/radon-levels/texas/pecos-county","GONE_410","","no unique search evidence in controlled cohort"
"/radon-levels/texas/polk-county","GONE_410","","no unique search evidence in controlled cohort"
"/radon-levels/texas/potter-county","GONE_410","","no unique search evidence in controlled cohort"
"/radon-levels/texas/presidio-county","GONE_410","","no unique search evidence in controlled cohort"
"/radon-levels/texas/rains-county","GONE_410","","no unique search evidence in controlled cohort"
"/radon-levels/texas/randall-county","GONE_410","","no unique search evidence in controlled cohort"
"/radon-levels/texas/reagan-county","GONE_410","","no unique search evidence in controlled cohort"
"/radon-levels/texas/real-county","GONE_410","","no unique search evidence in controlled cohort"
"/radon-levels/texas/red-river-county","GONE_410","","no unique search evidence in controlled cohort"
"/radon-levels/texas/reeves-county","GONE_410","","no unique search evidence in controlled cohort"
"/radon-levels/texas/refugio-county","GONE_410","","no unique search evidence in controlled cohort"
"/radon-levels/texas/roberts-county","GONE_410","","no unique search evidence in controlled cohort"
"/radon-levels/texas/robertson-county","GONE_410","","no unique search evidence in controlled cohort"
"/radon-levels/texas/rockwall-county","GONE_410","","no unique search evidence in controlled cohort"
"/radon-levels/texas/runnels-county","GONE_410","","no unique search evidence in controlled cohort"
"/radon-levels/texas/rusk-county","GONE_410","","no unique search evidence in controlled cohort"
"/radon-levels/texas/sabine-county","GONE_410","","no unique search evidence in controlled cohort"
"/radon-levels/texas/san-augustine-county","GONE_410","","no unique search evidence in controlled cohort"
"/radon-levels/texas/san-jacinto-county","GONE_410","","no unique search evidence in controlled cohort"
"/radon-levels/texas/san-patricio-county","GONE_410","","no unique search evidence in controlled cohort"
"/radon-levels/texas/san-saba-county","GONE_410","","no unique search evidence in controlled cohort"
"/radon-levels/texas/schleicher-county","GONE_410","","no unique search evidence in controlled cohort"
"/radon-levels/texas/scurry-county","GONE_410","","no unique search evidence in controlled cohort"
"/radon-levels/texas/shackelford-county","GONE_410","","no unique search evidence in controlled cohort"
"/radon-levels/texas/shelby-county","GONE_410","","no unique search evidence in controlled cohort"
"/radon-levels/texas/sherman-county","GONE_410","","no unique search evidence in controlled cohort"
"/radon-levels/texas/smith-county","GONE_410","","no unique search evidence in controlled cohort"
"/radon-levels/texas/somervell-county","GONE_410","","no unique search evidence in controlled cohort"
"/radon-levels/texas/starr-county","GONE_410","","no unique search evidence in controlled cohort"
"/radon-levels/texas/stephens-county","GONE_410","","no unique search evidence in controlled cohort"
"/radon-levels/texas/sterling-county","GONE_410","","no unique search evidence in controlled cohort"
"/radon-levels/texas/stonewall-county","GONE_410","","no unique search evidence in controlled cohort"
"/radon-levels/texas/sutton-county","GONE_410","","no unique search evidence in controlled cohort"
"/radon-levels/texas/swisher-county","GONE_410","","no unique search evidence in controlled cohort"
"/radon-levels/texas/tarrant-county","GONE_410","","no unique search evidence in controlled cohort"
"/radon-levels/texas/taylor-county","GONE_410","","no unique search evidence in controlled cohort"
"/radon-levels/texas/terrell-county","GONE_410","","no unique search evidence in controlled cohort"
"/radon-levels/texas/terry-county","GONE_410","","no unique search evidence in controlled cohort"
"/radon-levels/texas/throckmorton-county","GONE_410","","no unique search evidence in controlled cohort"
"/radon-levels/texas/titus-county","GONE_410","","no unique search evidence in controlled cohort"
"/radon-levels/texas/tom-green-county","GONE_410","","no unique search evidence in controlled cohort"
"/radon-levels/texas/travis-county","GONE_410","","no unique search evidence in controlled cohort"
"/radon-levels/texas/trinity-county","GONE_410","","no unique search evidence in controlled cohort"
"/radon-levels/texas/tyler-county","GONE_410","","no unique search evidence in controlled cohort"
"/radon-levels/texas/upshur-county","GONE_410","","no unique search evidence in controlled cohort"
"/radon-levels/texas/upton-county","GONE_410","","no unique search evidence in controlled cohort"
"/radon-levels/texas/uvalde-county","GONE_410","","no unique search evidence in controlled cohort"
"/radon-levels/texas/val-verde-county","GONE_410","","no unique search evidence in controlled cohort"
"/radon-levels/texas/van-zandt-county","GONE_410","","no unique search evidence in controlled cohort"
"/radon-levels/texas/victoria-county","GONE_410","","no unique search evidence in controlled cohort"
"/radon-levels/texas/walker-county","GONE_410","","no unique search evidence in controlled cohort"
"/radon-levels/texas/waller-county","GONE_410","","no unique search evidence in controlled cohort"
"/radon-levels/texas/ward-county","GONE_410","","no unique search evidence in controlled cohort"
"/radon-levels/texas/washington-county","GONE_410","","no unique search evidence in controlled cohort"
"/radon-levels/texas/webb-county","GONE_410","","no unique search evidence in controlled cohort"
"/radon-levels/texas/wharton-county","GONE_410","","no unique search evidence in controlled cohort"
"/radon-levels/texas/wheeler-county","GONE_410","","no unique search evidence in controlled cohort"
"/radon-levels/texas/wichita-county","GONE_410","","no unique search evidence in controlled cohort"
"/radon-levels/texas/wilbarger-county","GONE_410","","no unique search evidence in controlled cohort"
"/radon-levels/texas/willacy-county","GONE_410","","no unique search evidence in controlled cohort"
"/radon-levels/texas/williamson-county","GONE_410","","no unique search evidence in controlled cohort"
"/radon-levels/texas/wilson-county","GONE_410","","no unique search evidence in controlled cohort"
"/radon-levels/texas/winkler-county","GONE_410","","no unique search evidence in controlled cohort"
"/radon-levels/texas/wise-county","GONE_410","","no unique search evidence in controlled cohort"
"/radon-levels/texas/wood-county","GONE_410","","no unique search evidence in controlled cohort"
"/radon-levels/texas/yoakum-county","GONE_410","","no unique search evidence in controlled cohort"
"/radon-levels/texas/young-county","GONE_410","","no unique search evidence in controlled cohort"
"/radon-levels/texas/zapata-county","GONE_410","","no unique search evidence in controlled cohort"
"/radon-levels/texas/zavala-county","GONE_410","","no unique search evidence in controlled cohort"
"/radon-levels/utah","GONE_410","","state hub retired"
"/radon-levels/utah/beaver-county","GONE_410","","no unique search evidence in controlled cohort"
"/radon-levels/utah/box-elder-county","GONE_410","","no unique search evidence in controlled cohort"
"/radon-levels/utah/cache-county","GONE_410","","no unique search evidence in controlled cohort"
"/radon-levels/utah/carbon-county","GONE_410","","no unique search evidence in controlled cohort"
"/radon-levels/utah/daggett-county","GONE_410","","no unique search evidence in controlled cohort"
"/radon-levels/utah/davis-county","GONE_410","","no unique search evidence in controlled cohort"
"/radon-levels/utah/duchesne-county","GONE_410","","no unique search evidence in controlled cohort"
"/radon-levels/utah/emery-county","GONE_410","","no unique search evidence in controlled cohort"
"/radon-levels/utah/garfield-county","GONE_410","","no unique search evidence in controlled cohort"
"/radon-levels/utah/grand-county","GONE_410","","no unique search evidence in controlled cohort"
"/radon-levels/utah/iron-county","GONE_410","","no unique search evidence in controlled cohort"
"/radon-levels/utah/juab-county","GONE_410","","no unique search evidence in controlled cohort"
"/radon-levels/utah/kane-county","GONE_410","","no unique search evidence in controlled cohort"
"/radon-levels/utah/millard-county","GONE_410","","no unique search evidence in controlled cohort"
"/radon-levels/utah/morgan-county","GONE_410","","no unique search evidence in controlled cohort"
"/radon-levels/utah/piute-county","GONE_410","","no unique search evidence in controlled cohort"
"/radon-levels/utah/rich-county","GONE_410","","no unique search evidence in controlled cohort"
"/radon-levels/utah/salt-lake-county","GONE_410","","no unique search evidence in controlled cohort"
"/radon-levels/utah/san-juan-county","GONE_410","","no unique search evidence in controlled cohort"
"/radon-levels/utah/sanpete-county","GONE_410","","no unique search evidence in controlled cohort"
"/radon-levels/utah/sevier-county","GONE_410","","no unique search evidence in controlled cohort"
"/radon-levels/utah/summit-county","GONE_410","","no unique search evidence in controlled cohort"
"/radon-levels/utah/tooele-county","GONE_410","","no unique search evidence in controlled cohort"
"/radon-levels/utah/uintah-county","GONE_410","","no unique search evidence in controlled cohort"
"/radon-levels/utah/utah-county","GONE_410","","no unique search evidence in controlled cohort"
"/radon-levels/utah/wasatch-county","GONE_410","","no unique search evidence in controlled cohort"
"/radon-levels/utah/washington-county","GONE_410","","no unique search evidence in controlled cohort"
"/radon-levels/utah/wayne-county","GONE_410","","no unique search evidence in controlled cohort"
"/radon-levels/utah/weber-county","GONE_410","","no unique search evidence in controlled cohort"
"/radon-levels/vermont","GONE_410","","state hub retired"
"/radon-levels/vermont/addison-county","GONE_410","","no unique search evidence in controlled cohort"
"/radon-levels/vermont/bennington-county","GONE_410","","no unique search evidence in controlled cohort"
"/radon-levels/vermont/caledonia-county","GONE_410","","no unique search evidence in controlled cohort"
"/radon-levels/vermont/chittenden-county","GONE_410","","no unique search evidence in controlled cohort"
"/radon-levels/vermont/essex-county","GONE_410","","no unique search evidence in controlled cohort"
"/radon-levels/vermont/franklin-county","GONE_410","","no unique search evidence in controlled cohort"
"/radon-levels/vermont/grand-isle-county","GONE_410","","no unique search evidence in controlled cohort"
"/radon-levels/vermont/lamoille-county","GONE_410","","no unique search evidence in controlled cohort"
"/radon-levels/vermont/orange-county","GONE_410","","no unique search evidence in controlled cohort"
"/radon-levels/vermont/orleans-county","GONE_410","","no unique search evidence in controlled cohort"
"/radon-levels/vermont/rutland-county","KEEP_200","/radon-levels/vermont/rutland-county","controlled evidence cohort"
"/radon-levels/vermont/washington-county","GONE_410","","no unique search evidence in controlled cohort"
"/radon-levels/vermont/windham-county","GONE_410","","no unique search evidence in controlled cohort"
"/radon-levels/vermont/windsor-county","GONE_410","","no unique search evidence in controlled cohort"
"/radon-levels/virgin-islands","GONE_410","","state hub retired"
"/radon-levels/virgin-islands/st-croix-island","GONE_410","","no unique search evidence in controlled cohort"
"/radon-levels/virgin-islands/st-john-island","GONE_410","","no unique search evidence in controlled cohort"
"/radon-levels/virgin-islands/st-thomas-island","GONE_410","","no unique search evidence in controlled cohort"
"/radon-levels/virginia","GONE_410","","state hub retired"
"/radon-levels/virginia/accomack-county","GONE_410","","no unique search evidence in controlled cohort"
"/radon-levels/virginia/albemarle-county","GONE_410","","no unique search evidence in controlled cohort"
"/radon-levels/virginia/alexandria-city","GONE_410","","no unique search evidence in controlled cohort"
"/radon-levels/virginia/alleghany-county","GONE_410","","no unique search evidence in controlled cohort"
"/radon-levels/virginia/amelia-county","GONE_410","","no unique search evidence in controlled cohort"
"/radon-levels/virginia/amherst-county","GONE_410","","no unique search evidence in controlled cohort"
"/radon-levels/virginia/appomattox-county","GONE_410","","no unique search evidence in controlled cohort"
"/radon-levels/virginia/arlington-county","GONE_410","","no unique search evidence in controlled cohort"
"/radon-levels/virginia/augusta-county","GONE_410","","no unique search evidence in controlled cohort"
"/radon-levels/virginia/bath-county","GONE_410","","no unique search evidence in controlled cohort"
"/radon-levels/virginia/bedford-city","GONE_410","","no unique search evidence in controlled cohort"
"/radon-levels/virginia/bedford-county","GONE_410","","no unique search evidence in controlled cohort"
"/radon-levels/virginia/bland-county","GONE_410","","no unique search evidence in controlled cohort"
"/radon-levels/virginia/botetourt-county","GONE_410","","no unique search evidence in controlled cohort"
"/radon-levels/virginia/bristol-city","GONE_410","","no unique search evidence in controlled cohort"
"/radon-levels/virginia/brunswick-county","GONE_410","","no unique search evidence in controlled cohort"
"/radon-levels/virginia/buchanan-county","GONE_410","","no unique search evidence in controlled cohort"
"/radon-levels/virginia/buckingham-county","GONE_410","","no unique search evidence in controlled cohort"
"/radon-levels/virginia/buena-vista-city","GONE_410","","no unique search evidence in controlled cohort"
"/radon-levels/virginia/campbell-county","GONE_410","","no unique search evidence in controlled cohort"
"/radon-levels/virginia/caroline-county","GONE_410","","no unique search evidence in controlled cohort"
"/radon-levels/virginia/carroll-county","GONE_410","","no unique search evidence in controlled cohort"
"/radon-levels/virginia/charles-city-county","GONE_410","","no unique search evidence in controlled cohort"
"/radon-levels/virginia/charlotte-county","GONE_410","","no unique search evidence in controlled cohort"
"/radon-levels/virginia/charlottesville-city","GONE_410","","no unique search evidence in controlled cohort"
"/radon-levels/virginia/chesapeake-city","GONE_410","","no unique search evidence in controlled cohort"
"/radon-levels/virginia/chesterfield-county","GONE_410","","no unique search evidence in controlled cohort"
"/radon-levels/virginia/clarke-county","GONE_410","","no unique search evidence in controlled cohort"
"/radon-levels/virginia/colonial-heights-city","GONE_410","","no unique search evidence in controlled cohort"
"/radon-levels/virginia/covington-city","GONE_410","","no unique search evidence in controlled cohort"
"/radon-levels/virginia/craig-county","GONE_410","","no unique search evidence in controlled cohort"
"/radon-levels/virginia/culpeper-county","GONE_410","","no unique search evidence in controlled cohort"
"/radon-levels/virginia/cumberland-county","GONE_410","","no unique search evidence in controlled cohort"
"/radon-levels/virginia/danville-city","GONE_410","","no unique search evidence in controlled cohort"
"/radon-levels/virginia/dickenson-county","GONE_410","","no unique search evidence in controlled cohort"
"/radon-levels/virginia/dinwiddie-county","GONE_410","","no unique search evidence in controlled cohort"
"/radon-levels/virginia/emporia-city","GONE_410","","no unique search evidence in controlled cohort"
"/radon-levels/virginia/essex-county","GONE_410","","no unique search evidence in controlled cohort"
"/radon-levels/virginia/fairfax-city","GONE_410","","no unique search evidence in controlled cohort"
"/radon-levels/virginia/fairfax-county","GONE_410","","no unique search evidence in controlled cohort"
"/radon-levels/virginia/falls-church-city","KEEP_200","/radon-levels/virginia/falls-church-city","controlled evidence cohort"
"/radon-levels/virginia/fauquier-county","GONE_410","","no unique search evidence in controlled cohort"
"/radon-levels/virginia/floyd-county","GONE_410","","no unique search evidence in controlled cohort"
"/radon-levels/virginia/fluvanna-county","GONE_410","","no unique search evidence in controlled cohort"
"/radon-levels/virginia/franklin-city","GONE_410","","no unique search evidence in controlled cohort"
"/radon-levels/virginia/franklin-county","GONE_410","","no unique search evidence in controlled cohort"
"/radon-levels/virginia/frederick-county","GONE_410","","no unique search evidence in controlled cohort"
"/radon-levels/virginia/fredericksburg-city","GONE_410","","no unique search evidence in controlled cohort"
"/radon-levels/virginia/galax-city","GONE_410","","no unique search evidence in controlled cohort"
"/radon-levels/virginia/giles-county","GONE_410","","no unique search evidence in controlled cohort"
"/radon-levels/virginia/gloucester-county","GONE_410","","no unique search evidence in controlled cohort"
"/radon-levels/virginia/goochland-county","GONE_410","","no unique search evidence in controlled cohort"
"/radon-levels/virginia/grayson-county","GONE_410","","no unique search evidence in controlled cohort"
"/radon-levels/virginia/greene-county","GONE_410","","no unique search evidence in controlled cohort"
"/radon-levels/virginia/greensville-county","GONE_410","","no unique search evidence in controlled cohort"
"/radon-levels/virginia/halifax-county","GONE_410","","no unique search evidence in controlled cohort"
"/radon-levels/virginia/hampton-city","GONE_410","","no unique search evidence in controlled cohort"
"/radon-levels/virginia/hanover-county","GONE_410","","no unique search evidence in controlled cohort"
"/radon-levels/virginia/harrisonburg-city","GONE_410","","no unique search evidence in controlled cohort"
"/radon-levels/virginia/henrico-county","GONE_410","","no unique search evidence in controlled cohort"
"/radon-levels/virginia/henry-county","GONE_410","","no unique search evidence in controlled cohort"
"/radon-levels/virginia/highland-county","GONE_410","","no unique search evidence in controlled cohort"
"/radon-levels/virginia/hopewell-city","GONE_410","","no unique search evidence in controlled cohort"
"/radon-levels/virginia/isle-of-wight-county","GONE_410","","no unique search evidence in controlled cohort"
"/radon-levels/virginia/james-city-county","GONE_410","","no unique search evidence in controlled cohort"
"/radon-levels/virginia/king-and-queen-county","GONE_410","","no unique search evidence in controlled cohort"
"/radon-levels/virginia/king-george-county","GONE_410","","no unique search evidence in controlled cohort"
"/radon-levels/virginia/king-william-county","GONE_410","","no unique search evidence in controlled cohort"
"/radon-levels/virginia/lancaster-county","GONE_410","","no unique search evidence in controlled cohort"
"/radon-levels/virginia/lee-county","GONE_410","","no unique search evidence in controlled cohort"
"/radon-levels/virginia/lexington-city","GONE_410","","no unique search evidence in controlled cohort"
"/radon-levels/virginia/loudoun-county","GONE_410","","no unique search evidence in controlled cohort"
"/radon-levels/virginia/louisa-county","GONE_410","","no unique search evidence in controlled cohort"
"/radon-levels/virginia/lunenburg-county","GONE_410","","no unique search evidence in controlled cohort"
"/radon-levels/virginia/lynchburg-city","GONE_410","","no unique search evidence in controlled cohort"
"/radon-levels/virginia/madison-county","GONE_410","","no unique search evidence in controlled cohort"
"/radon-levels/virginia/manassas-city","GONE_410","","no unique search evidence in controlled cohort"
"/radon-levels/virginia/manassas-park-city","GONE_410","","no unique search evidence in controlled cohort"
"/radon-levels/virginia/martinsville-city","GONE_410","","no unique search evidence in controlled cohort"
"/radon-levels/virginia/mathews-county","GONE_410","","no unique search evidence in controlled cohort"
"/radon-levels/virginia/mecklenburg-county","GONE_410","","no unique search evidence in controlled cohort"
"/radon-levels/virginia/middlesex-county","GONE_410","","no unique search evidence in controlled cohort"
"/radon-levels/virginia/montgomery-county","GONE_410","","no unique search evidence in controlled cohort"
"/radon-levels/virginia/nelson-county","GONE_410","","no unique search evidence in controlled cohort"
"/radon-levels/virginia/new-kent-county","GONE_410","","no unique search evidence in controlled cohort"
"/radon-levels/virginia/newport-news-city","GONE_410","","no unique search evidence in controlled cohort"
"/radon-levels/virginia/norfolk-city","GONE_410","","no unique search evidence in controlled cohort"
"/radon-levels/virginia/northampton-county","GONE_410","","no unique search evidence in controlled cohort"
"/radon-levels/virginia/northumberland-county","GONE_410","","no unique search evidence in controlled cohort"
"/radon-levels/virginia/norton-city","GONE_410","","no unique search evidence in controlled cohort"
"/radon-levels/virginia/nottoway-county","GONE_410","","no unique search evidence in controlled cohort"
"/radon-levels/virginia/orange-county","GONE_410","","no unique search evidence in controlled cohort"
"/radon-levels/virginia/page-county","GONE_410","","no unique search evidence in controlled cohort"
"/radon-levels/virginia/patrick-county","GONE_410","","no unique search evidence in controlled cohort"
"/radon-levels/virginia/petersburg-city","GONE_410","","no unique search evidence in controlled cohort"
"/radon-levels/virginia/pittsylvania-county","GONE_410","","no unique search evidence in controlled cohort"
"/radon-levels/virginia/poquoson-city","GONE_410","","no unique search evidence in controlled cohort"
"/radon-levels/virginia/portsmouth-city","GONE_410","","no unique search evidence in controlled cohort"
"/radon-levels/virginia/powhatan-county","KEEP_200","/radon-levels/virginia/powhatan-county","controlled evidence cohort"
"/radon-levels/virginia/prince-edward-county","GONE_410","","no unique search evidence in controlled cohort"
"/radon-levels/virginia/prince-george-county","GONE_410","","no unique search evidence in controlled cohort"
"/radon-levels/virginia/prince-william-county","GONE_410","","no unique search evidence in controlled cohort"
"/radon-levels/virginia/pulaski-county","GONE_410","","no unique search evidence in controlled cohort"
"/radon-levels/virginia/radford-city","GONE_410","","no unique search evidence in controlled cohort"
"/radon-levels/virginia/rappahannock-county","GONE_410","","no unique search evidence in controlled cohort"
"/radon-levels/virginia/richmond-city","GONE_410","","no unique search evidence in controlled cohort"
"/radon-levels/virginia/richmond-county","GONE_410","","no unique search evidence in controlled cohort"
"/radon-levels/virginia/roanoke-city","GONE_410","","no unique search evidence in controlled cohort"
"/radon-levels/virginia/roanoke-county","GONE_410","","no unique search evidence in controlled cohort"
"/radon-levels/virginia/rockbridge-county","GONE_410","","no unique search evidence in controlled cohort"
"/radon-levels/virginia/rockingham-county","GONE_410","","no unique search evidence in controlled cohort"
"/radon-levels/virginia/russell-county","GONE_410","","no unique search evidence in controlled cohort"
"/radon-levels/virginia/salem-city","GONE_410","","no unique search evidence in controlled cohort"
"/radon-levels/virginia/scott-county","GONE_410","","no unique search evidence in controlled cohort"
"/radon-levels/virginia/shenandoah-county","GONE_410","","no unique search evidence in controlled cohort"
"/radon-levels/virginia/smyth-county","GONE_410","","no unique search evidence in controlled cohort"
"/radon-levels/virginia/southampton-county","GONE_410","","no unique search evidence in controlled cohort"
"/radon-levels/virginia/spotsylvania-county","GONE_410","","no unique search evidence in controlled cohort"
"/radon-levels/virginia/stafford-county","GONE_410","","no unique search evidence in controlled cohort"
"/radon-levels/virginia/staunton-city","GONE_410","","no unique search evidence in controlled cohort"
"/radon-levels/virginia/suffolk-city","GONE_410","","no unique search evidence in controlled cohort"
"/radon-levels/virginia/surry-county","GONE_410","","no unique search evidence in controlled cohort"
"/radon-levels/virginia/sussex-county","GONE_410","","no unique search evidence in controlled cohort"
"/radon-levels/virginia/tazewell-county","GONE_410","","no unique search evidence in controlled cohort"
"/radon-levels/virginia/virginia-beach-city","GONE_410","","no unique search evidence in controlled cohort"
"/radon-levels/virginia/warren-county","GONE_410","","no unique search evidence in controlled cohort"
"/radon-levels/virginia/washington-county","GONE_410","","no unique search evidence in controlled cohort"
"/radon-levels/virginia/waynesboro-city","GONE_410","","no unique search evidence in controlled cohort"
"/radon-levels/virginia/westmoreland-county","GONE_410","","no unique search evidence in controlled cohort"
"/radon-levels/virginia/williamsburg-city","GONE_410","","no unique search evidence in controlled cohort"
"/radon-levels/virginia/winchester-city","GONE_410","","no unique search evidence in controlled cohort"
"/radon-levels/virginia/wise-county","GONE_410","","no unique search evidence in controlled cohort"
"/radon-levels/virginia/wythe-county","GONE_410","","no unique search evidence in controlled cohort"
"/radon-levels/virginia/york-county","GONE_410","","no unique search evidence in controlled cohort"
"/radon-levels/washington","GONE_410","","state hub retired"
"/radon-levels/washington/adams-county","GONE_410","","no unique search evidence in controlled cohort"
"/radon-levels/washington/asotin-county","GONE_410","","no unique search evidence in controlled cohort"
"/radon-levels/washington/benton-county","GONE_410","","no unique search evidence in controlled cohort"
"/radon-levels/washington/chelan-county","GONE_410","","no unique search evidence in controlled cohort"
"/radon-levels/washington/clallam-county","GONE_410","","no unique search evidence in controlled cohort"
"/radon-levels/washington/clark-county","GONE_410","","no unique search evidence in controlled cohort"
"/radon-levels/washington/columbia-county","GONE_410","","no unique search evidence in controlled cohort"
"/radon-levels/washington/cowlitz-county","GONE_410","","no unique search evidence in controlled cohort"
"/radon-levels/washington/douglas-county","GONE_410","","no unique search evidence in controlled cohort"
"/radon-levels/washington/ferry-county","GONE_410","","no unique search evidence in controlled cohort"
"/radon-levels/washington/franklin-county","GONE_410","","no unique search evidence in controlled cohort"
"/radon-levels/washington/garfield-county","GONE_410","","no unique search evidence in controlled cohort"
"/radon-levels/washington/grant-county","GONE_410","","no unique search evidence in controlled cohort"
"/radon-levels/washington/grays-harbor-county","GONE_410","","no unique search evidence in controlled cohort"
"/radon-levels/washington/island-county","GONE_410","","no unique search evidence in controlled cohort"
"/radon-levels/washington/jefferson-county","GONE_410","","no unique search evidence in controlled cohort"
"/radon-levels/washington/king-county","GONE_410","","no unique search evidence in controlled cohort"
"/radon-levels/washington/kitsap-county","GONE_410","","no unique search evidence in controlled cohort"
"/radon-levels/washington/kittitas-county","GONE_410","","no unique search evidence in controlled cohort"
"/radon-levels/washington/klickitat-county","GONE_410","","no unique search evidence in controlled cohort"
"/radon-levels/washington/lewis-county","GONE_410","","no unique search evidence in controlled cohort"
"/radon-levels/washington/lincoln-county","GONE_410","","no unique search evidence in controlled cohort"
"/radon-levels/washington/mason-county","GONE_410","","no unique search evidence in controlled cohort"
"/radon-levels/washington/okanogan-county","GONE_410","","no unique search evidence in controlled cohort"
"/radon-levels/washington/pacific-county","GONE_410","","no unique search evidence in controlled cohort"
"/radon-levels/washington/pend-oreille-county","GONE_410","","no unique search evidence in controlled cohort"
"/radon-levels/washington/pierce-county","GONE_410","","no unique search evidence in controlled cohort"
"/radon-levels/washington/san-juan-county","GONE_410","","no unique search evidence in controlled cohort"
"/radon-levels/washington/skagit-county","GONE_410","","no unique search evidence in controlled cohort"
"/radon-levels/washington/skamania-county","GONE_410","","no unique search evidence in controlled cohort"
"/radon-levels/washington/snohomish-county","GONE_410","","no unique search evidence in controlled cohort"
"/radon-levels/washington/spokane-county","GONE_410","","no unique search evidence in controlled cohort"
"/radon-levels/washington/stevens-county","GONE_410","","no unique search evidence in controlled cohort"
"/radon-levels/washington/thurston-county","GONE_410","","no unique search evidence in controlled cohort"
"/radon-levels/washington/wahkiakum-county","GONE_410","","no unique search evidence in controlled cohort"
"/radon-levels/washington/walla-walla-county","GONE_410","","no unique search evidence in controlled cohort"
"/radon-levels/washington/whatcom-county","GONE_410","","no unique search evidence in controlled cohort"
"/radon-levels/washington/whitman-county","GONE_410","","no unique search evidence in controlled cohort"
"/radon-levels/washington/yakima-county","GONE_410","","no unique search evidence in controlled cohort"
"/radon-levels/west-virginia","GONE_410","","state hub retired"
"/radon-levels/west-virginia/barbour-county","GONE_410","","no unique search evidence in controlled cohort"
"/radon-levels/west-virginia/berkeley-county","GONE_410","","no unique search evidence in controlled cohort"
"/radon-levels/west-virginia/boone-county","GONE_410","","no unique search evidence in controlled cohort"
"/radon-levels/west-virginia/braxton-county","GONE_410","","no unique search evidence in controlled cohort"
"/radon-levels/west-virginia/brooke-county","GONE_410","","no unique search evidence in controlled cohort"
"/radon-levels/west-virginia/cabell-county","GONE_410","","no unique search evidence in controlled cohort"
"/radon-levels/west-virginia/calhoun-county","GONE_410","","no unique search evidence in controlled cohort"
"/radon-levels/west-virginia/clay-county","GONE_410","","no unique search evidence in controlled cohort"
"/radon-levels/west-virginia/doddridge-county","GONE_410","","no unique search evidence in controlled cohort"
"/radon-levels/west-virginia/fayette-county","GONE_410","","no unique search evidence in controlled cohort"
"/radon-levels/west-virginia/gilmer-county","GONE_410","","no unique search evidence in controlled cohort"
"/radon-levels/west-virginia/grant-county","GONE_410","","no unique search evidence in controlled cohort"
"/radon-levels/west-virginia/greenbrier-county","GONE_410","","no unique search evidence in controlled cohort"
"/radon-levels/west-virginia/hampshire-county","GONE_410","","no unique search evidence in controlled cohort"
"/radon-levels/west-virginia/hancock-county","GONE_410","","no unique search evidence in controlled cohort"
"/radon-levels/west-virginia/hardy-county","GONE_410","","no unique search evidence in controlled cohort"
"/radon-levels/west-virginia/harrison-county","GONE_410","","no unique search evidence in controlled cohort"
"/radon-levels/west-virginia/jackson-county","GONE_410","","no unique search evidence in controlled cohort"
"/radon-levels/west-virginia/jefferson-county","GONE_410","","no unique search evidence in controlled cohort"
"/radon-levels/west-virginia/kanawha-county","GONE_410","","no unique search evidence in controlled cohort"
"/radon-levels/west-virginia/lewis-county","GONE_410","","no unique search evidence in controlled cohort"
"/radon-levels/west-virginia/lincoln-county","GONE_410","","no unique search evidence in controlled cohort"
"/radon-levels/west-virginia/logan-county","GONE_410","","no unique search evidence in controlled cohort"
"/radon-levels/west-virginia/marion-county","GONE_410","","no unique search evidence in controlled cohort"
"/radon-levels/west-virginia/marshall-county","GONE_410","","no unique search evidence in controlled cohort"
"/radon-levels/west-virginia/mason-county","GONE_410","","no unique search evidence in controlled cohort"
"/radon-levels/west-virginia/mcdowell-county","GONE_410","","no unique search evidence in controlled cohort"
"/radon-levels/west-virginia/mercer-county","GONE_410","","no unique search evidence in controlled cohort"
"/radon-levels/west-virginia/mineral-county","GONE_410","","no unique search evidence in controlled cohort"
"/radon-levels/west-virginia/mingo-county","GONE_410","","no unique search evidence in controlled cohort"
"/radon-levels/west-virginia/monongalia-county","GONE_410","","no unique search evidence in controlled cohort"
"/radon-levels/west-virginia/monroe-county","GONE_410","","no unique search evidence in controlled cohort"
"/radon-levels/west-virginia/morgan-county","GONE_410","","no unique search evidence in controlled cohort"
"/radon-levels/west-virginia/nicholas-county","GONE_410","","no unique search evidence in controlled cohort"
"/radon-levels/west-virginia/ohio-county","GONE_410","","no unique search evidence in controlled cohort"
"/radon-levels/west-virginia/pendleton-county","GONE_410","","no unique search evidence in controlled cohort"
"/radon-levels/west-virginia/pleasants-county","GONE_410","","no unique search evidence in controlled cohort"
"/radon-levels/west-virginia/pocahontas-county","GONE_410","","no unique search evidence in controlled cohort"
"/radon-levels/west-virginia/preston-county","GONE_410","","no unique search evidence in controlled cohort"
"/radon-levels/west-virginia/putnam-county","GONE_410","","no unique search evidence in controlled cohort"
"/radon-levels/west-virginia/raleigh-county","GONE_410","","no unique search evidence in controlled cohort"
"/radon-levels/west-virginia/randolph-county","GONE_410","","no unique search evidence in controlled cohort"
"/radon-levels/west-virginia/ritchie-county","GONE_410","","no unique search evidence in controlled cohort"
"/radon-levels/west-virginia/roane-county","GONE_410","","no unique search evidence in controlled cohort"
"/radon-levels/west-virginia/summers-county","GONE_410","","no unique search evidence in controlled cohort"
"/radon-levels/west-virginia/taylor-county","GONE_410","","no unique search evidence in controlled cohort"
"/radon-levels/west-virginia/tucker-county","GONE_410","","no unique search evidence in controlled cohort"
"/radon-levels/west-virginia/tyler-county","GONE_410","","no unique search evidence in controlled cohort"
"/radon-levels/west-virginia/upshur-county","GONE_410","","no unique search evidence in controlled cohort"
"/radon-levels/west-virginia/wayne-county","GONE_410","","no unique search evidence in controlled cohort"
"/radon-levels/west-virginia/webster-county","GONE_410","","no unique search evidence in controlled cohort"
"/radon-levels/west-virginia/wetzel-county","GONE_410","","no unique search evidence in controlled cohort"
"/radon-levels/west-virginia/wirt-county","GONE_410","","no unique search evidence in controlled cohort"
"/radon-levels/west-virginia/wood-county","GONE_410","","no unique search evidence in controlled cohort"
"/radon-levels/west-virginia/wyoming-county","GONE_410","","no unique search evidence in controlled cohort"
"/radon-levels/wisconsin","GONE_410","","state hub retired"
"/radon-levels/wisconsin/adams-county","GONE_410","","no unique search evidence in controlled cohort"
"/radon-levels/wisconsin/ashland-county","GONE_410","","no unique search evidence in controlled cohort"
"/radon-levels/wisconsin/barron-county","GONE_410","","no unique search evidence in controlled cohort"
"/radon-levels/wisconsin/bayfield-county","GONE_410","","no unique search evidence in controlled cohort"
"/radon-levels/wisconsin/brown-county","GONE_410","","no unique search evidence in controlled cohort"
"/radon-levels/wisconsin/buffalo-county","GONE_410","","no unique search evidence in controlled cohort"
"/radon-levels/wisconsin/burnett-county","GONE_410","","no unique search evidence in controlled cohort"
"/radon-levels/wisconsin/calumet-county","GONE_410","","no unique search evidence in controlled cohort"
"/radon-levels/wisconsin/chippewa-county","GONE_410","","no unique search evidence in controlled cohort"
"/radon-levels/wisconsin/clark-county","GONE_410","","no unique search evidence in controlled cohort"
"/radon-levels/wisconsin/columbia-county","GONE_410","","no unique search evidence in controlled cohort"
"/radon-levels/wisconsin/crawford-county","GONE_410","","no unique search evidence in controlled cohort"
"/radon-levels/wisconsin/dane-county","GONE_410","","no unique search evidence in controlled cohort"
"/radon-levels/wisconsin/dodge-county","GONE_410","","no unique search evidence in controlled cohort"
"/radon-levels/wisconsin/door-county","GONE_410","","no unique search evidence in controlled cohort"
"/radon-levels/wisconsin/douglas-county","GONE_410","","no unique search evidence in controlled cohort"
"/radon-levels/wisconsin/dunn-county","GONE_410","","no unique search evidence in controlled cohort"
"/radon-levels/wisconsin/eau-claire-county","GONE_410","","no unique search evidence in controlled cohort"
"/radon-levels/wisconsin/florence-county","GONE_410","","no unique search evidence in controlled cohort"
"/radon-levels/wisconsin/fond-du-lac-county","GONE_410","","no unique search evidence in controlled cohort"
"/radon-levels/wisconsin/forest-county","GONE_410","","no unique search evidence in controlled cohort"
"/radon-levels/wisconsin/grant-county","GONE_410","","no unique search evidence in controlled cohort"
"/radon-levels/wisconsin/green-county","GONE_410","","no unique search evidence in controlled cohort"
"/radon-levels/wisconsin/green-lake-county","GONE_410","","no unique search evidence in controlled cohort"
"/radon-levels/wisconsin/iowa-county","GONE_410","","no unique search evidence in controlled cohort"
"/radon-levels/wisconsin/iron-county","GONE_410","","no unique search evidence in controlled cohort"
"/radon-levels/wisconsin/jackson-county","GONE_410","","no unique search evidence in controlled cohort"
"/radon-levels/wisconsin/jefferson-county","GONE_410","","no unique search evidence in controlled cohort"
"/radon-levels/wisconsin/juneau-county","GONE_410","","no unique search evidence in controlled cohort"
"/radon-levels/wisconsin/kenosha-county","GONE_410","","no unique search evidence in controlled cohort"
"/radon-levels/wisconsin/kewaunee-county","GONE_410","","no unique search evidence in controlled cohort"
"/radon-levels/wisconsin/la-crosse-county","GONE_410","","no unique search evidence in controlled cohort"
"/radon-levels/wisconsin/lafayette-county","GONE_410","","no unique search evidence in controlled cohort"
"/radon-levels/wisconsin/langlade-county","GONE_410","","no unique search evidence in controlled cohort"
"/radon-levels/wisconsin/lincoln-county","GONE_410","","no unique search evidence in controlled cohort"
"/radon-levels/wisconsin/manitowoc-county","GONE_410","","no unique search evidence in controlled cohort"
"/radon-levels/wisconsin/marathon-county","GONE_410","","no unique search evidence in controlled cohort"
"/radon-levels/wisconsin/marinette-county","GONE_410","","no unique search evidence in controlled cohort"
"/radon-levels/wisconsin/marquette-county","GONE_410","","no unique search evidence in controlled cohort"
"/radon-levels/wisconsin/menominee-county","GONE_410","","no unique search evidence in controlled cohort"
"/radon-levels/wisconsin/milwaukee-county","GONE_410","","no unique search evidence in controlled cohort"
"/radon-levels/wisconsin/monroe-county","GONE_410","","no unique search evidence in controlled cohort"
"/radon-levels/wisconsin/oconto-county","GONE_410","","no unique search evidence in controlled cohort"
"/radon-levels/wisconsin/oneida-county","GONE_410","","no unique search evidence in controlled cohort"
"/radon-levels/wisconsin/outagamie-county","GONE_410","","no unique search evidence in controlled cohort"
"/radon-levels/wisconsin/ozaukee-county","GONE_410","","no unique search evidence in controlled cohort"
"/radon-levels/wisconsin/pepin-county","GONE_410","","no unique search evidence in controlled cohort"
"/radon-levels/wisconsin/pierce-county","GONE_410","","no unique search evidence in controlled cohort"
"/radon-levels/wisconsin/polk-county","GONE_410","","no unique search evidence in controlled cohort"
"/radon-levels/wisconsin/portage-county","GONE_410","","no unique search evidence in controlled cohort"
"/radon-levels/wisconsin/price-county","GONE_410","","no unique search evidence in controlled cohort"
"/radon-levels/wisconsin/racine-county","GONE_410","","no unique search evidence in controlled cohort"
"/radon-levels/wisconsin/richland-county","GONE_410","","no unique search evidence in controlled cohort"
"/radon-levels/wisconsin/rock-county","GONE_410","","no unique search evidence in controlled cohort"
"/radon-levels/wisconsin/rusk-county","GONE_410","","no unique search evidence in controlled cohort"
"/radon-levels/wisconsin/sauk-county","GONE_410","","no unique search evidence in controlled cohort"
"/radon-levels/wisconsin/sawyer-county","GONE_410","","no unique search evidence in controlled cohort"
"/radon-levels/wisconsin/shawano-county","GONE_410","","no unique search evidence in controlled cohort"
"/radon-levels/wisconsin/sheboygan-county","GONE_410","","no unique search evidence in controlled cohort"
"/radon-levels/wisconsin/st-croix-county","GONE_410","","no unique search evidence in controlled cohort"
"/radon-levels/wisconsin/taylor-county","GONE_410","","no unique search evidence in controlled cohort"
"/radon-levels/wisconsin/trempealeau-county","GONE_410","","no unique search evidence in controlled cohort"
"/radon-levels/wisconsin/vernon-county","GONE_410","","no unique search evidence in controlled cohort"
"/radon-levels/wisconsin/vilas-county","GONE_410","","no unique search evidence in controlled cohort"
"/radon-levels/wisconsin/walworth-county","GONE_410","","no unique search evidence in controlled cohort"
"/radon-levels/wisconsin/washburn-county","GONE_410","","no unique search evidence in controlled cohort"
"/radon-levels/wisconsin/washington-county","GONE_410","","no unique search evidence in controlled cohort"
"/radon-levels/wisconsin/waukesha-county","GONE_410","","no unique search evidence in controlled cohort"
"/radon-levels/wisconsin/waupaca-county","GONE_410","","no unique search evidence in controlled cohort"
"/radon-levels/wisconsin/waushara-county","GONE_410","","no unique search evidence in controlled cohort"
"/radon-levels/wisconsin/winnebago-county","GONE_410","","no unique search evidence in controlled cohort"
"/radon-levels/wisconsin/wood-county","GONE_410","","no unique search evidence in controlled cohort"
"/radon-levels/wyoming","GONE_410","","state hub retired"
"/radon-levels/wyoming/albany-county","GONE_410","","no unique search evidence in controlled cohort"
"/radon-levels/wyoming/big-horn-county","GONE_410","","no unique search evidence in controlled cohort"
"/radon-levels/wyoming/campbell-county","GONE_410","","no unique search evidence in controlled cohort"
"/radon-levels/wyoming/carbon-county","GONE_410","","no unique search evidence in controlled cohort"
"/radon-levels/wyoming/converse-county","GONE_410","","no unique search evidence in controlled cohort"
"/radon-levels/wyoming/crook-county","GONE_410","","no unique search evidence in controlled cohort"
"/radon-levels/wyoming/fremont-county","GONE_410","","no unique search evidence in controlled cohort"
"/radon-levels/wyoming/goshen-county","GONE_410","","no unique search evidence in controlled cohort"
"/radon-levels/wyoming/hot-springs-county","GONE_410","","no unique search evidence in controlled cohort"
"/radon-levels/wyoming/johnson-county","GONE_410","","no unique search evidence in controlled cohort"
"/radon-levels/wyoming/laramie-county","GONE_410","","no unique search evidence in controlled cohort"
"/radon-levels/wyoming/lincoln-county","GONE_410","","no unique search evidence in controlled cohort"
"/radon-levels/wyoming/natrona-county","GONE_410","","no unique search evidence in controlled cohort"
"/radon-levels/wyoming/niobrara-county","GONE_410","","no unique search evidence in controlled cohort"
"/radon-levels/wyoming/park-county","GONE_410","","no unique search evidence in controlled cohort"
"/radon-levels/wyoming/platte-county","GONE_410","","no unique search evidence in controlled cohort"
"/radon-levels/wyoming/sheridan-county","GONE_410","","no unique search evidence in controlled cohort"
"/radon-levels/wyoming/sublette-county","GONE_410","","no unique search evidence in controlled cohort"
"/radon-levels/wyoming/sweetwater-county","GONE_410","","no unique search evidence in controlled cohort"
"/radon-levels/wyoming/teton-county","GONE_410","","no unique search evidence in controlled cohort"
"/radon-levels/wyoming/uinta-county","GONE_410","","no unique search evidence in controlled cohort"
"/radon-levels/wyoming/washakie-county","GONE_410","","no unique search evidence in controlled cohort"
"/radon-levels/wyoming/weston-county","GONE_410","","no unique search evidence in controlled cohort"
"/radon-mitigation-cost/alabama","GONE_410","","modeled state cost hub retired"
"/radon-mitigation-cost/alabama/autauga-county","GONE_410","","modeled local cost surface retired"
"/radon-mitigation-cost/alabama/baldwin-county","GONE_410","","modeled local cost surface retired"
"/radon-mitigation-cost/alabama/barbour-county","GONE_410","","modeled local cost surface retired"
"/radon-mitigation-cost/alabama/bibb-county","GONE_410","","modeled local cost surface retired"
"/radon-mitigation-cost/alabama/blount-county","GONE_410","","modeled local cost surface retired"
"/radon-mitigation-cost/alabama/bullock-county","GONE_410","","modeled local cost surface retired"
"/radon-mitigation-cost/alabama/butler-county","GONE_410","","modeled local cost surface retired"
"/radon-mitigation-cost/alabama/calhoun-county","GONE_410","","modeled local cost surface retired"
"/radon-mitigation-cost/alabama/chambers-county","GONE_410","","modeled local cost surface retired"
"/radon-mitigation-cost/alabama/cherokee-county","GONE_410","","modeled local cost surface retired"
"/radon-mitigation-cost/alabama/chilton-county","GONE_410","","modeled local cost surface retired"
"/radon-mitigation-cost/alabama/choctaw-county","GONE_410","","modeled local cost surface retired"
"/radon-mitigation-cost/alabama/clarke-county","GONE_410","","modeled local cost surface retired"
"/radon-mitigation-cost/alabama/clay-county","GONE_410","","modeled local cost surface retired"
"/radon-mitigation-cost/alabama/cleburne-county","GONE_410","","modeled local cost surface retired"
"/radon-mitigation-cost/alabama/coffee-county","GONE_410","","modeled local cost surface retired"
"/radon-mitigation-cost/alabama/colbert-county","GONE_410","","modeled local cost surface retired"
"/radon-mitigation-cost/alabama/conecuh-county","GONE_410","","modeled local cost surface retired"
"/radon-mitigation-cost/alabama/coosa-county","GONE_410","","modeled local cost surface retired"
"/radon-mitigation-cost/alabama/covington-county","GONE_410","","modeled local cost surface retired"
"/radon-mitigation-cost/alabama/crenshaw-county","GONE_410","","modeled local cost surface retired"
"/radon-mitigation-cost/alabama/cullman-county","GONE_410","","modeled local cost surface retired"
"/radon-mitigation-cost/alabama/dale-county","GONE_410","","modeled local cost surface retired"
"/radon-mitigation-cost/alabama/dallas-county","GONE_410","","modeled local cost surface retired"
"/radon-mitigation-cost/alabama/dekalb-county","GONE_410","","modeled local cost surface retired"
"/radon-mitigation-cost/alabama/elmore-county","GONE_410","","modeled local cost surface retired"
"/radon-mitigation-cost/alabama/escambia-county","GONE_410","","modeled local cost surface retired"
"/radon-mitigation-cost/alabama/etowah-county","GONE_410","","modeled local cost surface retired"
"/radon-mitigation-cost/alabama/fayette-county","GONE_410","","modeled local cost surface retired"
"/radon-mitigation-cost/alabama/franklin-county","GONE_410","","modeled local cost surface retired"
"/radon-mitigation-cost/alabama/geneva-county","GONE_410","","modeled local cost surface retired"
"/radon-mitigation-cost/alabama/greene-county","GONE_410","","modeled local cost surface retired"
"/radon-mitigation-cost/alabama/hale-county","GONE_410","","modeled local cost surface retired"
"/radon-mitigation-cost/alabama/henry-county","GONE_410","","modeled local cost surface retired"
"/radon-mitigation-cost/alabama/houston-county","GONE_410","","modeled local cost surface retired"
"/radon-mitigation-cost/alabama/jackson-county","GONE_410","","modeled local cost surface retired"
"/radon-mitigation-cost/alabama/jefferson-county","GONE_410","","modeled local cost surface retired"
"/radon-mitigation-cost/alabama/lamar-county","GONE_410","","modeled local cost surface retired"
"/radon-mitigation-cost/alabama/lauderdale-county","GONE_410","","modeled local cost surface retired"
"/radon-mitigation-cost/alabama/lawrence-county","GONE_410","","modeled local cost surface retired"
"/radon-mitigation-cost/alabama/lee-county","GONE_410","","modeled local cost surface retired"
"/radon-mitigation-cost/alabama/limestone-county","GONE_410","","modeled local cost surface retired"
"/radon-mitigation-cost/alabama/lowndes-county","GONE_410","","modeled local cost surface retired"
"/radon-mitigation-cost/alabama/macon-county","GONE_410","","modeled local cost surface retired"
"/radon-mitigation-cost/alabama/madison-county","GONE_410","","modeled local cost surface retired"
"/radon-mitigation-cost/alabama/marengo-county","GONE_410","","modeled local cost surface retired"
"/radon-mitigation-cost/alabama/marion-county","GONE_410","","modeled local cost surface retired"
"/radon-mitigation-cost/alabama/marshall-county","GONE_410","","modeled local cost surface retired"
"/radon-mitigation-cost/alabama/mobile-county","GONE_410","","modeled local cost surface retired"
"/radon-mitigation-cost/alabama/monroe-county","GONE_410","","modeled local cost surface retired"
"/radon-mitigation-cost/alabama/montgomery-county","GONE_410","","modeled local cost surface retired"
"/radon-mitigation-cost/alabama/morgan-county","GONE_410","","modeled local cost surface retired"
"/radon-mitigation-cost/alabama/perry-county","GONE_410","","modeled local cost surface retired"
"/radon-mitigation-cost/alabama/pickens-county","GONE_410","","modeled local cost surface retired"
"/radon-mitigation-cost/alabama/pike-county","GONE_410","","modeled local cost surface retired"
"/radon-mitigation-cost/alabama/randolph-county","GONE_410","","modeled local cost surface retired"
"/radon-mitigation-cost/alabama/russell-county","GONE_410","","modeled local cost surface retired"
"/radon-mitigation-cost/alabama/shelby-county","GONE_410","","modeled local cost surface retired"
"/radon-mitigation-cost/alabama/st-clair-county","GONE_410","","modeled local cost surface retired"
"/radon-mitigation-cost/alabama/sumter-county","GONE_410","","modeled local cost surface retired"
"/radon-mitigation-cost/alabama/talladega-county","GONE_410","","modeled local cost surface retired"
"/radon-mitigation-cost/alabama/tallapoosa-county","GONE_410","","modeled local cost surface retired"
"/radon-mitigation-cost/alabama/tuscaloosa-county","GONE_410","","modeled local cost surface retired"
"/radon-mitigation-cost/alabama/walker-county","GONE_410","","modeled local cost surface retired"
"/radon-mitigation-cost/alabama/washington-county","GONE_410","","modeled local cost surface retired"
"/radon-mitigation-cost/alabama/wilcox-county","GONE_410","","modeled local cost surface retired"
"/radon-mitigation-cost/alabama/winston-county","GONE_410","","modeled local cost surface retired"
"/radon-mitigation-cost/alaska","GONE_410","","modeled state cost hub retired"
"/radon-mitigation-cost/alaska/aleutians-east-borough","GONE_410","","modeled local cost surface retired"
"/radon-mitigation-cost/alaska/aleutians-west-census-area","GONE_410","","modeled local cost surface retired"
"/radon-mitigation-cost/alaska/anchorage-municipality","GONE_410","","modeled local cost surface retired"
"/radon-mitigation-cost/alaska/bethel-census-area","GONE_410","","modeled local cost surface retired"
"/radon-mitigation-cost/alaska/bristol-bay-borough","GONE_410","","modeled local cost surface retired"
"/radon-mitigation-cost/alaska/denali-borough","GONE_410","","modeled local cost surface retired"
"/radon-mitigation-cost/alaska/dillingham-census-area","GONE_410","","modeled local cost surface retired"
"/radon-mitigation-cost/alaska/fairbanks-north-star-borough","GONE_410","","modeled local cost surface retired"
"/radon-mitigation-cost/alaska/haines-borough","GONE_410","","modeled local cost surface retired"
"/radon-mitigation-cost/alaska/hoonah-angoon-census-area","GONE_410","","modeled local cost surface retired"
"/radon-mitigation-cost/alaska/juneau-city-and-borough","GONE_410","","modeled local cost surface retired"
"/radon-mitigation-cost/alaska/kenai-peninsula-borough","GONE_410","","modeled local cost surface retired"
"/radon-mitigation-cost/alaska/ketchikan-gateway-borough","GONE_410","","modeled local cost surface retired"
"/radon-mitigation-cost/alaska/kodiak-island-borough","GONE_410","","modeled local cost surface retired"
"/radon-mitigation-cost/alaska/lake-and-peninsula-borough","GONE_410","","modeled local cost surface retired"
"/radon-mitigation-cost/alaska/matanuska-susitna-borough","GONE_410","","modeled local cost surface retired"
"/radon-mitigation-cost/alaska/nome-census-area","GONE_410","","modeled local cost surface retired"
"/radon-mitigation-cost/alaska/north-slope-borough","GONE_410","","modeled local cost surface retired"
"/radon-mitigation-cost/alaska/northwest-arctic-borough","GONE_410","","modeled local cost surface retired"
"/radon-mitigation-cost/alaska/petersburg-census-area","GONE_410","","modeled local cost surface retired"
"/radon-mitigation-cost/alaska/prince-of-wales-hyder-census-area","GONE_410","","modeled local cost surface retired"
"/radon-mitigation-cost/alaska/sitka-city-and-borough","GONE_410","","modeled local cost surface retired"
"/radon-mitigation-cost/alaska/skagway-municipality","GONE_410","","modeled local cost surface retired"
"/radon-mitigation-cost/alaska/southeast-fairbanks-census-area","GONE_410","","modeled local cost surface retired"
"/radon-mitigation-cost/alaska/valdez-cordova-census-area","GONE_410","","modeled local cost surface retired"
"/radon-mitigation-cost/alaska/wade-hampton-census-area","GONE_410","","modeled local cost surface retired"
"/radon-mitigation-cost/alaska/wrangell-city-and-borough","GONE_410","","modeled local cost surface retired"
"/radon-mitigation-cost/alaska/yakutat-city-and-borough","GONE_410","","modeled local cost surface retired"
"/radon-mitigation-cost/alaska/yukon-koyukuk-census-area","GONE_410","","modeled local cost surface retired"
"/radon-mitigation-cost/american-samoa","GONE_410","","modeled state cost hub retired"
"/radon-mitigation-cost/american-samoa/eastern-district","GONE_410","","modeled local cost surface retired"
"/radon-mitigation-cost/american-samoa/manua-district","GONE_410","","modeled local cost surface retired"
"/radon-mitigation-cost/american-samoa/rose-island","GONE_410","","modeled local cost surface retired"
"/radon-mitigation-cost/american-samoa/swains-island","GONE_410","","modeled local cost surface retired"
"/radon-mitigation-cost/american-samoa/western-district","GONE_410","","modeled local cost surface retired"
"/radon-mitigation-cost/arizona","GONE_410","","modeled state cost hub retired"
"/radon-mitigation-cost/arizona/apache-county","GONE_410","","modeled local cost surface retired"
"/radon-mitigation-cost/arizona/cochise-county","GONE_410","","modeled local cost surface retired"
"/radon-mitigation-cost/arizona/coconino-county","GONE_410","","modeled local cost surface retired"
"/radon-mitigation-cost/arizona/gila-county","GONE_410","","modeled local cost surface retired"
"/radon-mitigation-cost/arizona/graham-county","GONE_410","","modeled local cost surface retired"
"/radon-mitigation-cost/arizona/greenlee-county","GONE_410","","modeled local cost surface retired"
"/radon-mitigation-cost/arizona/la-paz-county","GONE_410","","modeled local cost surface retired"
"/radon-mitigation-cost/arizona/maricopa-county","GONE_410","","modeled local cost surface retired"
"/radon-mitigation-cost/arizona/mohave-county","GONE_410","","modeled local cost surface retired"
"/radon-mitigation-cost/arizona/navajo-county","GONE_410","","modeled local cost surface retired"
"/radon-mitigation-cost/arizona/pima-county","GONE_410","","modeled local cost surface retired"
"/radon-mitigation-cost/arizona/pinal-county","GONE_410","","modeled local cost surface retired"
"/radon-mitigation-cost/arizona/santa-cruz-county","GONE_410","","modeled local cost surface retired"
"/radon-mitigation-cost/arizona/yavapai-county","GONE_410","","modeled local cost surface retired"
"/radon-mitigation-cost/arizona/yuma-county","GONE_410","","modeled local cost surface retired"
"/radon-mitigation-cost/arkansas","GONE_410","","modeled state cost hub retired"
"/radon-mitigation-cost/arkansas/arkansas-county","GONE_410","","modeled local cost surface retired"
"/radon-mitigation-cost/arkansas/ashley-county","GONE_410","","modeled local cost surface retired"
"/radon-mitigation-cost/arkansas/baxter-county","GONE_410","","modeled local cost surface retired"
"/radon-mitigation-cost/arkansas/benton-county","GONE_410","","modeled local cost surface retired"
"/radon-mitigation-cost/arkansas/boone-county","GONE_410","","modeled local cost surface retired"
"/radon-mitigation-cost/arkansas/bradley-county","GONE_410","","modeled local cost surface retired"
"/radon-mitigation-cost/arkansas/calhoun-county","GONE_410","","modeled local cost surface retired"
"/radon-mitigation-cost/arkansas/carroll-county","GONE_410","","modeled local cost surface retired"
"/radon-mitigation-cost/arkansas/chicot-county","GONE_410","","modeled local cost surface retired"
"/radon-mitigation-cost/arkansas/clark-county","GONE_410","","modeled local cost surface retired"
"/radon-mitigation-cost/arkansas/clay-county","GONE_410","","modeled local cost surface retired"
"/radon-mitigation-cost/arkansas/cleburne-county","GONE_410","","modeled local cost surface retired"
"/radon-mitigation-cost/arkansas/cleveland-county","GONE_410","","modeled local cost surface retired"
"/radon-mitigation-cost/arkansas/columbia-county","GONE_410","","modeled local cost surface retired"
"/radon-mitigation-cost/arkansas/conway-county","GONE_410","","modeled local cost surface retired"
"/radon-mitigation-cost/arkansas/craighead-county","GONE_410","","modeled local cost surface retired"
"/radon-mitigation-cost/arkansas/crawford-county","GONE_410","","modeled local cost surface retired"
"/radon-mitigation-cost/arkansas/crittenden-county","GONE_410","","modeled local cost surface retired"
"/radon-mitigation-cost/arkansas/cross-county","GONE_410","","modeled local cost surface retired"
"/radon-mitigation-cost/arkansas/dallas-county","GONE_410","","modeled local cost surface retired"
"/radon-mitigation-cost/arkansas/desha-county","GONE_410","","modeled local cost surface retired"
"/radon-mitigation-cost/arkansas/drew-county","GONE_410","","modeled local cost surface retired"
"/radon-mitigation-cost/arkansas/faulkner-county","GONE_410","","modeled local cost surface retired"
"/radon-mitigation-cost/arkansas/franklin-county","GONE_410","","modeled local cost surface retired"
"/radon-mitigation-cost/arkansas/fulton-county","GONE_410","","modeled local cost surface retired"
"/radon-mitigation-cost/arkansas/garland-county","GONE_410","","modeled local cost surface retired"
"/radon-mitigation-cost/arkansas/grant-county","GONE_410","","modeled local cost surface retired"
"/radon-mitigation-cost/arkansas/greene-county","GONE_410","","modeled local cost surface retired"
"/radon-mitigation-cost/arkansas/hempstead-county","GONE_410","","modeled local cost surface retired"
"/radon-mitigation-cost/arkansas/hot-spring-county","GONE_410","","modeled local cost surface retired"
"/radon-mitigation-cost/arkansas/howard-county","GONE_410","","modeled local cost surface retired"
"/radon-mitigation-cost/arkansas/independence-county","GONE_410","","modeled local cost surface retired"
"/radon-mitigation-cost/arkansas/izard-county","GONE_410","","modeled local cost surface retired"
"/radon-mitigation-cost/arkansas/jackson-county","GONE_410","","modeled local cost surface retired"
"/radon-mitigation-cost/arkansas/jefferson-county","GONE_410","","modeled local cost surface retired"
"/radon-mitigation-cost/arkansas/johnson-county","GONE_410","","modeled local cost surface retired"
"/radon-mitigation-cost/arkansas/lafayette-county","GONE_410","","modeled local cost surface retired"
"/radon-mitigation-cost/arkansas/lawrence-county","GONE_410","","modeled local cost surface retired"
"/radon-mitigation-cost/arkansas/lee-county","GONE_410","","modeled local cost surface retired"
"/radon-mitigation-cost/arkansas/lincoln-county","GONE_410","","modeled local cost surface retired"
"/radon-mitigation-cost/arkansas/little-river-county","GONE_410","","modeled local cost surface retired"
"/radon-mitigation-cost/arkansas/logan-county","GONE_410","","modeled local cost surface retired"
"/radon-mitigation-cost/arkansas/lonoke-county","GONE_410","","modeled local cost surface retired"
"/radon-mitigation-cost/arkansas/madison-county","GONE_410","","modeled local cost surface retired"
"/radon-mitigation-cost/arkansas/marion-county","GONE_410","","modeled local cost surface retired"
"/radon-mitigation-cost/arkansas/miller-county","GONE_410","","modeled local cost surface retired"
"/radon-mitigation-cost/arkansas/mississippi-county","GONE_410","","modeled local cost surface retired"
"/radon-mitigation-cost/arkansas/monroe-county","GONE_410","","modeled local cost surface retired"
"/radon-mitigation-cost/arkansas/montgomery-county","GONE_410","","modeled local cost surface retired"
"/radon-mitigation-cost/arkansas/nevada-county","GONE_410","","modeled local cost surface retired"
"/radon-mitigation-cost/arkansas/newton-county","GONE_410","","modeled local cost surface retired"
"/radon-mitigation-cost/arkansas/ouachita-county","GONE_410","","modeled local cost surface retired"
"/radon-mitigation-cost/arkansas/perry-county","GONE_410","","modeled local cost surface retired"
"/radon-mitigation-cost/arkansas/phillips-county","GONE_410","","modeled local cost surface retired"
"/radon-mitigation-cost/arkansas/pike-county","GONE_410","","modeled local cost surface retired"
"/radon-mitigation-cost/arkansas/poinsett-county","GONE_410","","modeled local cost surface retired"
"/radon-mitigation-cost/arkansas/polk-county","GONE_410","","modeled local cost surface retired"
"/radon-mitigation-cost/arkansas/pope-county","GONE_410","","modeled local cost surface retired"
"/radon-mitigation-cost/arkansas/prairie-county","GONE_410","","modeled local cost surface retired"
"/radon-mitigation-cost/arkansas/pulaski-county","GONE_410","","modeled local cost surface retired"
"/radon-mitigation-cost/arkansas/randolph-county","GONE_410","","modeled local cost surface retired"
"/radon-mitigation-cost/arkansas/saline-county","GONE_410","","modeled local cost surface retired"
"/radon-mitigation-cost/arkansas/scott-county","GONE_410","","modeled local cost surface retired"
"/radon-mitigation-cost/arkansas/searcy-county","GONE_410","","modeled local cost surface retired"
"/radon-mitigation-cost/arkansas/sebastian-county","GONE_410","","modeled local cost surface retired"
"/radon-mitigation-cost/arkansas/sevier-county","GONE_410","","modeled local cost surface retired"
"/radon-mitigation-cost/arkansas/sharp-county","GONE_410","","modeled local cost surface retired"
"/radon-mitigation-cost/arkansas/st-francis-county","GONE_410","","modeled local cost surface retired"
"/radon-mitigation-cost/arkansas/stone-county","GONE_410","","modeled local cost surface retired"
"/radon-mitigation-cost/arkansas/union-county","GONE_410","","modeled local cost surface retired"
"/radon-mitigation-cost/arkansas/van-buren-county","GONE_410","","modeled local cost surface retired"
"/radon-mitigation-cost/arkansas/washington-county","GONE_410","","modeled local cost surface retired"
"/radon-mitigation-cost/arkansas/white-county","GONE_410","","modeled local cost surface retired"
"/radon-mitigation-cost/arkansas/woodruff-county","GONE_410","","modeled local cost surface retired"
"/radon-mitigation-cost/arkansas/yell-county","GONE_410","","modeled local cost surface retired"
"/radon-mitigation-cost/california","GONE_410","","modeled state cost hub retired"
"/radon-mitigation-cost/california/alameda-county","GONE_410","","modeled local cost surface retired"
"/radon-mitigation-cost/california/alpine-county","GONE_410","","modeled local cost surface retired"
"/radon-mitigation-cost/california/amador-county","GONE_410","","modeled local cost surface retired"
"/radon-mitigation-cost/california/butte-county","GONE_410","","modeled local cost surface retired"
"/radon-mitigation-cost/california/calaveras-county","GONE_410","","modeled local cost surface retired"
"/radon-mitigation-cost/california/colusa-county","GONE_410","","modeled local cost surface retired"
"/radon-mitigation-cost/california/contra-costa-county","GONE_410","","modeled local cost surface retired"
"/radon-mitigation-cost/california/del-norte-county","GONE_410","","modeled local cost surface retired"
"/radon-mitigation-cost/california/el-dorado-county","GONE_410","","modeled local cost surface retired"
"/radon-mitigation-cost/california/fresno-county","GONE_410","","modeled local cost surface retired"
"/radon-mitigation-cost/california/glenn-county","GONE_410","","modeled local cost surface retired"
"/radon-mitigation-cost/california/humboldt-county","GONE_410","","modeled local cost surface retired"
"/radon-mitigation-cost/california/imperial-county","GONE_410","","modeled local cost surface retired"
"/radon-mitigation-cost/california/inyo-county","GONE_410","","modeled local cost surface retired"
"/radon-mitigation-cost/california/kern-county","GONE_410","","modeled local cost surface retired"
"/radon-mitigation-cost/california/kings-county","GONE_410","","modeled local cost surface retired"
"/radon-mitigation-cost/california/lake-county","GONE_410","","modeled local cost surface retired"
"/radon-mitigation-cost/california/lassen-county","GONE_410","","modeled local cost surface retired"
"/radon-mitigation-cost/california/los-angeles-county","GONE_410","","modeled local cost surface retired"
"/radon-mitigation-cost/california/madera-county","GONE_410","","modeled local cost surface retired"
"/radon-mitigation-cost/california/marin-county","GONE_410","","modeled local cost surface retired"
"/radon-mitigation-cost/california/mariposa-county","GONE_410","","modeled local cost surface retired"
"/radon-mitigation-cost/california/mendocino-county","GONE_410","","modeled local cost surface retired"
"/radon-mitigation-cost/california/merced-county","GONE_410","","modeled local cost surface retired"
"/radon-mitigation-cost/california/modoc-county","GONE_410","","modeled local cost surface retired"
"/radon-mitigation-cost/california/mono-county","GONE_410","","modeled local cost surface retired"
"/radon-mitigation-cost/california/monterey-county","GONE_410","","modeled local cost surface retired"
"/radon-mitigation-cost/california/napa-county","GONE_410","","modeled local cost surface retired"
"/radon-mitigation-cost/california/nevada-county","GONE_410","","modeled local cost surface retired"
"/radon-mitigation-cost/california/orange-county","GONE_410","","modeled local cost surface retired"
"/radon-mitigation-cost/california/placer-county","GONE_410","","modeled local cost surface retired"
"/radon-mitigation-cost/california/plumas-county","GONE_410","","modeled local cost surface retired"
"/radon-mitigation-cost/california/riverside-county","GONE_410","","modeled local cost surface retired"
"/radon-mitigation-cost/california/sacramento-county","GONE_410","","modeled local cost surface retired"
"/radon-mitigation-cost/california/san-benito-county","GONE_410","","modeled local cost surface retired"
"/radon-mitigation-cost/california/san-bernardino-county","GONE_410","","modeled local cost surface retired"
"/radon-mitigation-cost/california/san-diego-county","GONE_410","","modeled local cost surface retired"
"/radon-mitigation-cost/california/san-francisco-county","GONE_410","","modeled local cost surface retired"
"/radon-mitigation-cost/california/san-joaquin-county","GONE_410","","modeled local cost surface retired"
"/radon-mitigation-cost/california/san-luis-obispo-county","GONE_410","","modeled local cost surface retired"
"/radon-mitigation-cost/california/san-mateo-county","GONE_410","","modeled local cost surface retired"
"/radon-mitigation-cost/california/santa-barbara-county","GONE_410","","modeled local cost surface retired"
"/radon-mitigation-cost/california/santa-clara-county","GONE_410","","modeled local cost surface retired"
"/radon-mitigation-cost/california/santa-cruz-county","GONE_410","","modeled local cost surface retired"
"/radon-mitigation-cost/california/shasta-county","GONE_410","","modeled local cost surface retired"
"/radon-mitigation-cost/california/sierra-county","GONE_410","","modeled local cost surface retired"
"/radon-mitigation-cost/california/siskiyou-county","GONE_410","","modeled local cost surface retired"
"/radon-mitigation-cost/california/solano-county","GONE_410","","modeled local cost surface retired"
"/radon-mitigation-cost/california/sonoma-county","GONE_410","","modeled local cost surface retired"
"/radon-mitigation-cost/california/stanislaus-county","GONE_410","","modeled local cost surface retired"
"/radon-mitigation-cost/california/sutter-county","GONE_410","","modeled local cost surface retired"
"/radon-mitigation-cost/california/tehama-county","GONE_410","","modeled local cost surface retired"
"/radon-mitigation-cost/california/trinity-county","GONE_410","","modeled local cost surface retired"
"/radon-mitigation-cost/california/tulare-county","GONE_410","","modeled local cost surface retired"
"/radon-mitigation-cost/california/tuolumne-county","GONE_410","","modeled local cost surface retired"
"/radon-mitigation-cost/california/ventura-county","GONE_410","","modeled local cost surface retired"
"/radon-mitigation-cost/california/yolo-county","GONE_410","","modeled local cost surface retired"
"/radon-mitigation-cost/california/yuba-county","GONE_410","","modeled local cost surface retired"
"/radon-mitigation-cost/colorado","GONE_410","","modeled state cost hub retired"
"/radon-mitigation-cost/colorado/adams-county","GONE_410","","modeled local cost surface retired"
"/radon-mitigation-cost/colorado/alamosa-county","GONE_410","","modeled local cost surface retired"
"/radon-mitigation-cost/colorado/arapahoe-county","GONE_410","","modeled local cost surface retired"
"/radon-mitigation-cost/colorado/archuleta-county","GONE_410","","modeled local cost surface retired"
"/radon-mitigation-cost/colorado/baca-county","GONE_410","","modeled local cost surface retired"
"/radon-mitigation-cost/colorado/bent-county","GONE_410","","modeled local cost surface retired"
"/radon-mitigation-cost/colorado/boulder-county","GONE_410","","modeled local cost surface retired"
"/radon-mitigation-cost/colorado/broomfield-county","GONE_410","","modeled local cost surface retired"
"/radon-mitigation-cost/colorado/chaffee-county","GONE_410","","modeled local cost surface retired"
"/radon-mitigation-cost/colorado/cheyenne-county","GONE_410","","modeled local cost surface retired"
"/radon-mitigation-cost/colorado/clear-creek-county","GONE_410","","modeled local cost surface retired"
"/radon-mitigation-cost/colorado/conejos-county","GONE_410","","modeled local cost surface retired"
"/radon-mitigation-cost/colorado/costilla-county","GONE_410","","modeled local cost surface retired"
"/radon-mitigation-cost/colorado/crowley-county","GONE_410","","modeled local cost surface retired"
"/radon-mitigation-cost/colorado/custer-county","GONE_410","","modeled local cost surface retired"
"/radon-mitigation-cost/colorado/delta-county","GONE_410","","modeled local cost surface retired"
"/radon-mitigation-cost/colorado/denver-county","GONE_410","","modeled local cost surface retired"
"/radon-mitigation-cost/colorado/dolores-county","GONE_410","","modeled local cost surface retired"
"/radon-mitigation-cost/colorado/douglas-county","GONE_410","","modeled local cost surface retired"
"/radon-mitigation-cost/colorado/eagle-county","GONE_410","","modeled local cost surface retired"
"/radon-mitigation-cost/colorado/el-paso-county","GONE_410","","modeled local cost surface retired"
"/radon-mitigation-cost/colorado/elbert-county","GONE_410","","modeled local cost surface retired"
"/radon-mitigation-cost/colorado/fremont-county","GONE_410","","modeled local cost surface retired"
"/radon-mitigation-cost/colorado/garfield-county","GONE_410","","modeled local cost surface retired"
"/radon-mitigation-cost/colorado/gilpin-county","GONE_410","","modeled local cost surface retired"
"/radon-mitigation-cost/colorado/grand-county","GONE_410","","modeled local cost surface retired"
"/radon-mitigation-cost/colorado/gunnison-county","GONE_410","","modeled local cost surface retired"
"/radon-mitigation-cost/colorado/hinsdale-county","GONE_410","","modeled local cost surface retired"
"/radon-mitigation-cost/colorado/huerfano-county","GONE_410","","modeled local cost surface retired"
"/radon-mitigation-cost/colorado/jackson-county","GONE_410","","modeled local cost surface retired"
"/radon-mitigation-cost/colorado/jefferson-county","GONE_410","","modeled local cost surface retired"
"/radon-mitigation-cost/colorado/kiowa-county","GONE_410","","modeled local cost surface retired"
"/radon-mitigation-cost/colorado/kit-carson-county","GONE_410","","modeled local cost surface retired"
"/radon-mitigation-cost/colorado/la-plata-county","GONE_410","","modeled local cost surface retired"
"/radon-mitigation-cost/colorado/lake-county","GONE_410","","modeled local cost surface retired"
"/radon-mitigation-cost/colorado/larimer-county","GONE_410","","modeled local cost surface retired"
"/radon-mitigation-cost/colorado/las-animas-county","GONE_410","","modeled local cost surface retired"
"/radon-mitigation-cost/colorado/lincoln-county","GONE_410","","modeled local cost surface retired"
"/radon-mitigation-cost/colorado/logan-county","GONE_410","","modeled local cost surface retired"
"/radon-mitigation-cost/colorado/mesa-county","GONE_410","","modeled local cost surface retired"
"/radon-mitigation-cost/colorado/mineral-county","GONE_410","","modeled local cost surface retired"
"/radon-mitigation-cost/colorado/moffat-county","GONE_410","","modeled local cost surface retired"
"/radon-mitigation-cost/colorado/montezuma-county","GONE_410","","modeled local cost surface retired"
"/radon-mitigation-cost/colorado/montrose-county","GONE_410","","modeled local cost surface retired"
"/radon-mitigation-cost/colorado/morgan-county","GONE_410","","modeled local cost surface retired"
"/radon-mitigation-cost/colorado/otero-county","GONE_410","","modeled local cost surface retired"
"/radon-mitigation-cost/colorado/ouray-county","GONE_410","","modeled local cost surface retired"
"/radon-mitigation-cost/colorado/park-county","GONE_410","","modeled local cost surface retired"
"/radon-mitigation-cost/colorado/phillips-county","GONE_410","","modeled local cost surface retired"
"/radon-mitigation-cost/colorado/pitkin-county","GONE_410","","modeled local cost surface retired"
"/radon-mitigation-cost/colorado/prowers-county","GONE_410","","modeled local cost surface retired"
"/radon-mitigation-cost/colorado/pueblo-county","GONE_410","","modeled local cost surface retired"
"/radon-mitigation-cost/colorado/rio-blanco-county","GONE_410","","modeled local cost surface retired"
"/radon-mitigation-cost/colorado/rio-grande-county","GONE_410","","modeled local cost surface retired"
"/radon-mitigation-cost/colorado/routt-county","GONE_410","","modeled local cost surface retired"
"/radon-mitigation-cost/colorado/saguache-county","GONE_410","","modeled local cost surface retired"
"/radon-mitigation-cost/colorado/san-juan-county","GONE_410","","modeled local cost surface retired"
"/radon-mitigation-cost/colorado/san-miguel-county","GONE_410","","modeled local cost surface retired"
"/radon-mitigation-cost/colorado/sedgwick-county","GONE_410","","modeled local cost surface retired"
"/radon-mitigation-cost/colorado/summit-county","GONE_410","","modeled local cost surface retired"
"/radon-mitigation-cost/colorado/teller-county","GONE_410","","modeled local cost surface retired"
"/radon-mitigation-cost/colorado/washington-county","GONE_410","","modeled local cost surface retired"
"/radon-mitigation-cost/colorado/weld-county","GONE_410","","modeled local cost surface retired"
"/radon-mitigation-cost/colorado/yuma-county","GONE_410","","modeled local cost surface retired"
"/radon-mitigation-cost/connecticut","GONE_410","","modeled state cost hub retired"
"/radon-mitigation-cost/connecticut/fairfield-county","GONE_410","","modeled local cost surface retired"
"/radon-mitigation-cost/connecticut/hartford-county","GONE_410","","modeled local cost surface retired"
"/radon-mitigation-cost/connecticut/litchfield-county","GONE_410","","modeled local cost surface retired"
"/radon-mitigation-cost/connecticut/middlesex-county","GONE_410","","modeled local cost surface retired"
"/radon-mitigation-cost/connecticut/new-haven-county","GONE_410","","modeled local cost surface retired"
"/radon-mitigation-cost/connecticut/new-london-county","GONE_410","","modeled local cost surface retired"
"/radon-mitigation-cost/connecticut/tolland-county","GONE_410","","modeled local cost surface retired"
"/radon-mitigation-cost/connecticut/windham-county","GONE_410","","modeled local cost surface retired"
"/radon-mitigation-cost/delaware","GONE_410","","modeled state cost hub retired"
"/radon-mitigation-cost/delaware/kent-county","GONE_410","","modeled local cost surface retired"
"/radon-mitigation-cost/delaware/new-castle-county","GONE_410","","modeled local cost surface retired"
"/radon-mitigation-cost/delaware/sussex-county","GONE_410","","modeled local cost surface retired"
"/radon-mitigation-cost/district-of-columbia","GONE_410","","modeled state cost hub retired"
"/radon-mitigation-cost/district-of-columbia/district-of-columbia","GONE_410","","modeled local cost surface retired"
"/radon-mitigation-cost/florida","GONE_410","","modeled state cost hub retired"
"/radon-mitigation-cost/florida/alachua-county","GONE_410","","modeled local cost surface retired"
"/radon-mitigation-cost/florida/baker-county","GONE_410","","modeled local cost surface retired"
"/radon-mitigation-cost/florida/bay-county","GONE_410","","modeled local cost surface retired"
"/radon-mitigation-cost/florida/bradford-county","GONE_410","","modeled local cost surface retired"
"/radon-mitigation-cost/florida/brevard-county","GONE_410","","modeled local cost surface retired"
"/radon-mitigation-cost/florida/broward-county","GONE_410","","modeled local cost surface retired"
"/radon-mitigation-cost/florida/calhoun-county","GONE_410","","modeled local cost surface retired"
"/radon-mitigation-cost/florida/charlotte-county","GONE_410","","modeled local cost surface retired"
"/radon-mitigation-cost/florida/citrus-county","GONE_410","","modeled local cost surface retired"
"/radon-mitigation-cost/florida/clay-county","GONE_410","","modeled local cost surface retired"
"/radon-mitigation-cost/florida/collier-county","GONE_410","","modeled local cost surface retired"
"/radon-mitigation-cost/florida/columbia-county","GONE_410","","modeled local cost surface retired"
"/radon-mitigation-cost/florida/desoto-county","GONE_410","","modeled local cost surface retired"
"/radon-mitigation-cost/florida/dixie-county","GONE_410","","modeled local cost surface retired"
"/radon-mitigation-cost/florida/duval-county","GONE_410","","modeled local cost surface retired"
"/radon-mitigation-cost/florida/escambia-county","GONE_410","","modeled local cost surface retired"
"/radon-mitigation-cost/florida/flagler-county","GONE_410","","modeled local cost surface retired"
"/radon-mitigation-cost/florida/franklin-county","GONE_410","","modeled local cost surface retired"
"/radon-mitigation-cost/florida/gadsden-county","GONE_410","","modeled local cost surface retired"
"/radon-mitigation-cost/florida/gilchrist-county","GONE_410","","modeled local cost surface retired"
"/radon-mitigation-cost/florida/glades-county","GONE_410","","modeled local cost surface retired"
"/radon-mitigation-cost/florida/gulf-county","GONE_410","","modeled local cost surface retired"
"/radon-mitigation-cost/florida/hamilton-county","GONE_410","","modeled local cost surface retired"
"/radon-mitigation-cost/florida/hardee-county","GONE_410","","modeled local cost surface retired"
"/radon-mitigation-cost/florida/hendry-county","GONE_410","","modeled local cost surface retired"
"/radon-mitigation-cost/florida/hernando-county","GONE_410","","modeled local cost surface retired"
"/radon-mitigation-cost/florida/highlands-county","GONE_410","","modeled local cost surface retired"
"/radon-mitigation-cost/florida/hillsborough-county","GONE_410","","modeled local cost surface retired"
"/radon-mitigation-cost/florida/holmes-county","GONE_410","","modeled local cost surface retired"
"/radon-mitigation-cost/florida/indian-river-county","GONE_410","","modeled local cost surface retired"
"/radon-mitigation-cost/florida/jackson-county","GONE_410","","modeled local cost surface retired"
"/radon-mitigation-cost/florida/jefferson-county","GONE_410","","modeled local cost surface retired"
"/radon-mitigation-cost/florida/lafayette-county","GONE_410","","modeled local cost surface retired"
"/radon-mitigation-cost/florida/lake-county","GONE_410","","modeled local cost surface retired"
"/radon-mitigation-cost/florida/lee-county","GONE_410","","modeled local cost surface retired"
"/radon-mitigation-cost/florida/leon-county","GONE_410","","modeled local cost surface retired"
"/radon-mitigation-cost/florida/levy-county","GONE_410","","modeled local cost surface retired"
"/radon-mitigation-cost/florida/liberty-county","GONE_410","","modeled local cost surface retired"
"/radon-mitigation-cost/florida/madison-county","GONE_410","","modeled local cost surface retired"
"/radon-mitigation-cost/florida/manatee-county","GONE_410","","modeled local cost surface retired"
"/radon-mitigation-cost/florida/marion-county","GONE_410","","modeled local cost surface retired"
"/radon-mitigation-cost/florida/martin-county","GONE_410","","modeled local cost surface retired"
"/radon-mitigation-cost/florida/miami-dade-county","GONE_410","","modeled local cost surface retired"
"/radon-mitigation-cost/florida/monroe-county","GONE_410","","modeled local cost surface retired"
"/radon-mitigation-cost/florida/nassau-county","GONE_410","","modeled local cost surface retired"
"/radon-mitigation-cost/florida/okaloosa-county","GONE_410","","modeled local cost surface retired"
"/radon-mitigation-cost/florida/okeechobee-county","GONE_410","","modeled local cost surface retired"
"/radon-mitigation-cost/florida/orange-county","GONE_410","","modeled local cost surface retired"
"/radon-mitigation-cost/florida/osceola-county","GONE_410","","modeled local cost surface retired"
"/radon-mitigation-cost/florida/palm-beach-county","GONE_410","","modeled local cost surface retired"
"/radon-mitigation-cost/florida/pasco-county","GONE_410","","modeled local cost surface retired"
"/radon-mitigation-cost/florida/pinellas-county","GONE_410","","modeled local cost surface retired"
"/radon-mitigation-cost/florida/polk-county","GONE_410","","modeled local cost surface retired"
"/radon-mitigation-cost/florida/putnam-county","GONE_410","","modeled local cost surface retired"
"/radon-mitigation-cost/florida/santa-rosa-county","GONE_410","","modeled local cost surface retired"
"/radon-mitigation-cost/florida/sarasota-county","GONE_410","","modeled local cost surface retired"
"/radon-mitigation-cost/florida/seminole-county","GONE_410","","modeled local cost surface retired"
"/radon-mitigation-cost/florida/st-johns-county","GONE_410","","modeled local cost surface retired"
"/radon-mitigation-cost/florida/st-lucie-county","GONE_410","","modeled local cost surface retired"
"/radon-mitigation-cost/florida/sumter-county","GONE_410","","modeled local cost surface retired"
"/radon-mitigation-cost/florida/suwannee-county","GONE_410","","modeled local cost surface retired"
"/radon-mitigation-cost/florida/taylor-county","GONE_410","","modeled local cost surface retired"
"/radon-mitigation-cost/florida/union-county","GONE_410","","modeled local cost surface retired"
"/radon-mitigation-cost/florida/volusia-county","GONE_410","","modeled local cost surface retired"
"/radon-mitigation-cost/florida/wakulla-county","GONE_410","","modeled local cost surface retired"
"/radon-mitigation-cost/florida/walton-county","GONE_410","","modeled local cost surface retired"
"/radon-mitigation-cost/florida/washington-county","GONE_410","","modeled local cost surface retired"
"/radon-mitigation-cost/georgia","GONE_410","","modeled state cost hub retired"
"/radon-mitigation-cost/georgia/appling-county","GONE_410","","modeled local cost surface retired"
"/radon-mitigation-cost/georgia/atkinson-county","GONE_410","","modeled local cost surface retired"
"/radon-mitigation-cost/georgia/bacon-county","GONE_410","","modeled local cost surface retired"
"/radon-mitigation-cost/georgia/baker-county","GONE_410","","modeled local cost surface retired"
"/radon-mitigation-cost/georgia/baldwin-county","GONE_410","","modeled local cost surface retired"
"/radon-mitigation-cost/georgia/banks-county","GONE_410","","modeled local cost surface retired"
"/radon-mitigation-cost/georgia/barrow-county","GONE_410","","modeled local cost surface retired"
"/radon-mitigation-cost/georgia/bartow-county","GONE_410","","modeled local cost surface retired"
"/radon-mitigation-cost/georgia/ben-hill-county","GONE_410","","modeled local cost surface retired"
"/radon-mitigation-cost/georgia/berrien-county","GONE_410","","modeled local cost surface retired"
"/radon-mitigation-cost/georgia/bibb-county","GONE_410","","modeled local cost surface retired"
"/radon-mitigation-cost/georgia/bleckley-county","GONE_410","","modeled local cost surface retired"
"/radon-mitigation-cost/georgia/brantley-county","GONE_410","","modeled local cost surface retired"
"/radon-mitigation-cost/georgia/brooks-county","GONE_410","","modeled local cost surface retired"
"/radon-mitigation-cost/georgia/bryan-county","GONE_410","","modeled local cost surface retired"
"/radon-mitigation-cost/georgia/bulloch-county","GONE_410","","modeled local cost surface retired"
"/radon-mitigation-cost/georgia/burke-county","GONE_410","","modeled local cost surface retired"
"/radon-mitigation-cost/georgia/butts-county","GONE_410","","modeled local cost surface retired"
"/radon-mitigation-cost/georgia/calhoun-county","GONE_410","","modeled local cost surface retired"
"/radon-mitigation-cost/georgia/camden-county","GONE_410","","modeled local cost surface retired"
"/radon-mitigation-cost/georgia/candler-county","GONE_410","","modeled local cost surface retired"
"/radon-mitigation-cost/georgia/carroll-county","GONE_410","","modeled local cost surface retired"
"/radon-mitigation-cost/georgia/catoosa-county","GONE_410","","modeled local cost surface retired"
"/radon-mitigation-cost/georgia/charlton-county","GONE_410","","modeled local cost surface retired"
"/radon-mitigation-cost/georgia/chatham-county","GONE_410","","modeled local cost surface retired"
"/radon-mitigation-cost/georgia/chattahoochee-county","GONE_410","","modeled local cost surface retired"
"/radon-mitigation-cost/georgia/chattooga-county","GONE_410","","modeled local cost surface retired"
"/radon-mitigation-cost/georgia/cherokee-county","GONE_410","","modeled local cost surface retired"
"/radon-mitigation-cost/georgia/clarke-county","GONE_410","","modeled local cost surface retired"
"/radon-mitigation-cost/georgia/clay-county","GONE_410","","modeled local cost surface retired"
"/radon-mitigation-cost/georgia/clayton-county","GONE_410","","modeled local cost surface retired"
"/radon-mitigation-cost/georgia/clinch-county","GONE_410","","modeled local cost surface retired"
"/radon-mitigation-cost/georgia/cobb-county","GONE_410","","modeled local cost surface retired"
"/radon-mitigation-cost/georgia/coffee-county","GONE_410","","modeled local cost surface retired"
"/radon-mitigation-cost/georgia/colquitt-county","GONE_410","","modeled local cost surface retired"
"/radon-mitigation-cost/georgia/columbia-county","GONE_410","","modeled local cost surface retired"
"/radon-mitigation-cost/georgia/cook-county","GONE_410","","modeled local cost surface retired"
"/radon-mitigation-cost/georgia/coweta-county","GONE_410","","modeled local cost surface retired"
"/radon-mitigation-cost/georgia/crawford-county","GONE_410","","modeled local cost surface retired"
"/radon-mitigation-cost/georgia/crisp-county","GONE_410","","modeled local cost surface retired"
"/radon-mitigation-cost/georgia/dade-county","GONE_410","","modeled local cost surface retired"
"/radon-mitigation-cost/georgia/dawson-county","GONE_410","","modeled local cost surface retired"
"/radon-mitigation-cost/georgia/decatur-county","GONE_410","","modeled local cost surface retired"
"/radon-mitigation-cost/georgia/dekalb-county","GONE_410","","modeled local cost surface retired"
"/radon-mitigation-cost/georgia/dodge-county","GONE_410","","modeled local cost surface retired"
"/radon-mitigation-cost/georgia/dooly-county","GONE_410","","modeled local cost surface retired"
"/radon-mitigation-cost/georgia/dougherty-county","GONE_410","","modeled local cost surface retired"
"/radon-mitigation-cost/georgia/douglas-county","GONE_410","","modeled local cost surface retired"
"/radon-mitigation-cost/georgia/early-county","GONE_410","","modeled local cost surface retired"
"/radon-mitigation-cost/georgia/echols-county","GONE_410","","modeled local cost surface retired"
"/radon-mitigation-cost/georgia/effingham-county","GONE_410","","modeled local cost surface retired"
"/radon-mitigation-cost/georgia/elbert-county","GONE_410","","modeled local cost surface retired"
"/radon-mitigation-cost/georgia/emanuel-county","GONE_410","","modeled local cost surface retired"
"/radon-mitigation-cost/georgia/evans-county","GONE_410","","modeled local cost surface retired"
"/radon-mitigation-cost/georgia/fannin-county","GONE_410","","modeled local cost surface retired"
"/radon-mitigation-cost/georgia/fayette-county","GONE_410","","modeled local cost surface retired"
"/radon-mitigation-cost/georgia/floyd-county","GONE_410","","modeled local cost surface retired"
"/radon-mitigation-cost/georgia/forsyth-county","GONE_410","","modeled local cost surface retired"
"/radon-mitigation-cost/georgia/franklin-county","GONE_410","","modeled local cost surface retired"
"/radon-mitigation-cost/georgia/fulton-county","GONE_410","","modeled local cost surface retired"
"/radon-mitigation-cost/georgia/gilmer-county","GONE_410","","modeled local cost surface retired"
"/radon-mitigation-cost/georgia/glascock-county","GONE_410","","modeled local cost surface retired"
"/radon-mitigation-cost/georgia/glynn-county","GONE_410","","modeled local cost surface retired"
"/radon-mitigation-cost/georgia/gordon-county","GONE_410","","modeled local cost surface retired"
"/radon-mitigation-cost/georgia/grady-county","GONE_410","","modeled local cost surface retired"
"/radon-mitigation-cost/georgia/greene-county","GONE_410","","modeled local cost surface retired"
"/radon-mitigation-cost/georgia/gwinnett-county","GONE_410","","modeled local cost surface retired"
"/radon-mitigation-cost/georgia/habersham-county","GONE_410","","modeled local cost surface retired"
"/radon-mitigation-cost/georgia/hall-county","GONE_410","","modeled local cost surface retired"
"/radon-mitigation-cost/georgia/hancock-county","GONE_410","","modeled local cost surface retired"
"/radon-mitigation-cost/georgia/haralson-county","GONE_410","","modeled local cost surface retired"
"/radon-mitigation-cost/georgia/harris-county","GONE_410","","modeled local cost surface retired"
"/radon-mitigation-cost/georgia/hart-county","GONE_410","","modeled local cost surface retired"
"/radon-mitigation-cost/georgia/heard-county","GONE_410","","modeled local cost surface retired"
"/radon-mitigation-cost/georgia/henry-county","GONE_410","","modeled local cost surface retired"
"/radon-mitigation-cost/georgia/houston-county","GONE_410","","modeled local cost surface retired"
"/radon-mitigation-cost/georgia/irwin-county","GONE_410","","modeled local cost surface retired"
"/radon-mitigation-cost/georgia/jackson-county","GONE_410","","modeled local cost surface retired"
"/radon-mitigation-cost/georgia/jasper-county","GONE_410","","modeled local cost surface retired"
"/radon-mitigation-cost/georgia/jeff-davis-county","GONE_410","","modeled local cost surface retired"
"/radon-mitigation-cost/georgia/jefferson-county","GONE_410","","modeled local cost surface retired"
"/radon-mitigation-cost/georgia/jenkins-county","GONE_410","","modeled local cost surface retired"
"/radon-mitigation-cost/georgia/johnson-county","GONE_410","","modeled local cost surface retired"
"/radon-mitigation-cost/georgia/jones-county","GONE_410","","modeled local cost surface retired"
"/radon-mitigation-cost/georgia/lamar-county","GONE_410","","modeled local cost surface retired"
"/radon-mitigation-cost/georgia/lanier-county","GONE_410","","modeled local cost surface retired"
"/radon-mitigation-cost/georgia/laurens-county","GONE_410","","modeled local cost surface retired"
"/radon-mitigation-cost/georgia/lee-county","GONE_410","","modeled local cost surface retired"
"/radon-mitigation-cost/georgia/liberty-county","GONE_410","","modeled local cost surface retired"
"/radon-mitigation-cost/georgia/lincoln-county","GONE_410","","modeled local cost surface retired"
"/radon-mitigation-cost/georgia/long-county","GONE_410","","modeled local cost surface retired"
"/radon-mitigation-cost/georgia/lowndes-county","GONE_410","","modeled local cost surface retired"
"/radon-mitigation-cost/georgia/lumpkin-county","GONE_410","","modeled local cost surface retired"
"/radon-mitigation-cost/georgia/macon-county","GONE_410","","modeled local cost surface retired"
"/radon-mitigation-cost/georgia/madison-county","GONE_410","","modeled local cost surface retired"
"/radon-mitigation-cost/georgia/marion-county","GONE_410","","modeled local cost surface retired"
"/radon-mitigation-cost/georgia/mcduffie-county","GONE_410","","modeled local cost surface retired"
"/radon-mitigation-cost/georgia/mcintosh-county","GONE_410","","modeled local cost surface retired"
"/radon-mitigation-cost/georgia/meriwether-county","GONE_410","","modeled local cost surface retired"
"/radon-mitigation-cost/georgia/miller-county","GONE_410","","modeled local cost surface retired"
"/radon-mitigation-cost/georgia/mitchell-county","GONE_410","","modeled local cost surface retired"
"/radon-mitigation-cost/georgia/monroe-county","GONE_410","","modeled local cost surface retired"
"/radon-mitigation-cost/georgia/montgomery-county","GONE_410","","modeled local cost surface retired"
"/radon-mitigation-cost/georgia/morgan-county","GONE_410","","modeled local cost surface retired"
"/radon-mitigation-cost/georgia/murray-county","GONE_410","","modeled local cost surface retired"
"/radon-mitigation-cost/georgia/muscogee-county","GONE_410","","modeled local cost surface retired"
"/radon-mitigation-cost/georgia/newton-county","GONE_410","","modeled local cost surface retired"
"/radon-mitigation-cost/georgia/oconee-county","GONE_410","","modeled local cost surface retired"
"/radon-mitigation-cost/georgia/oglethorpe-county","GONE_410","","modeled local cost surface retired"
"/radon-mitigation-cost/georgia/paulding-county","GONE_410","","modeled local cost surface retired"
"/radon-mitigation-cost/georgia/peach-county","GONE_410","","modeled local cost surface retired"
"/radon-mitigation-cost/georgia/pickens-county","GONE_410","","modeled local cost surface retired"
"/radon-mitigation-cost/georgia/pierce-county","GONE_410","","modeled local cost surface retired"
"/radon-mitigation-cost/georgia/pike-county","GONE_410","","modeled local cost surface retired"
"/radon-mitigation-cost/georgia/polk-county","GONE_410","","modeled local cost surface retired"
"/radon-mitigation-cost/georgia/pulaski-county","GONE_410","","modeled local cost surface retired"
"/radon-mitigation-cost/georgia/putnam-county","GONE_410","","modeled local cost surface retired"
"/radon-mitigation-cost/georgia/quitman-county","GONE_410","","modeled local cost surface retired"
"/radon-mitigation-cost/georgia/rabun-county","GONE_410","","modeled local cost surface retired"
"/radon-mitigation-cost/georgia/randolph-county","GONE_410","","modeled local cost surface retired"
"/radon-mitigation-cost/georgia/richmond-county","GONE_410","","modeled local cost surface retired"
"/radon-mitigation-cost/georgia/rockdale-county","GONE_410","","modeled local cost surface retired"
"/radon-mitigation-cost/georgia/schley-county","GONE_410","","modeled local cost surface retired"
"/radon-mitigation-cost/georgia/screven-county","GONE_410","","modeled local cost surface retired"
"/radon-mitigation-cost/georgia/seminole-county","GONE_410","","modeled local cost surface retired"
"/radon-mitigation-cost/georgia/spalding-county","GONE_410","","modeled local cost surface retired"
"/radon-mitigation-cost/georgia/stephens-county","GONE_410","","modeled local cost surface retired"
"/radon-mitigation-cost/georgia/stewart-county","GONE_410","","modeled local cost surface retired"
"/radon-mitigation-cost/georgia/sumter-county","GONE_410","","modeled local cost surface retired"
"/radon-mitigation-cost/georgia/talbot-county","GONE_410","","modeled local cost surface retired"
"/radon-mitigation-cost/georgia/taliaferro-county","GONE_410","","modeled local cost surface retired"
"/radon-mitigation-cost/georgia/tattnall-county","GONE_410","","modeled local cost surface retired"
"/radon-mitigation-cost/georgia/taylor-county","GONE_410","","modeled local cost surface retired"
"/radon-mitigation-cost/georgia/telfair-county","GONE_410","","modeled local cost surface retired"
"/radon-mitigation-cost/georgia/terrell-county","GONE_410","","modeled local cost surface retired"
"/radon-mitigation-cost/georgia/thomas-county","GONE_410","","modeled local cost surface retired"
"/radon-mitigation-cost/georgia/tift-county","GONE_410","","modeled local cost surface retired"
"/radon-mitigation-cost/georgia/toombs-county","GONE_410","","modeled local cost surface retired"
"/radon-mitigation-cost/georgia/towns-county","GONE_410","","modeled local cost surface retired"
"/radon-mitigation-cost/georgia/treutlen-county","GONE_410","","modeled local cost surface retired"
"/radon-mitigation-cost/georgia/troup-county","GONE_410","","modeled local cost surface retired"
"/radon-mitigation-cost/georgia/turner-county","GONE_410","","modeled local cost surface retired"
"/radon-mitigation-cost/georgia/twiggs-county","GONE_410","","modeled local cost surface retired"
"/radon-mitigation-cost/georgia/union-county","GONE_410","","modeled local cost surface retired"
"/radon-mitigation-cost/georgia/upson-county","GONE_410","","modeled local cost surface retired"
"/radon-mitigation-cost/georgia/walker-county","GONE_410","","modeled local cost surface retired"
"/radon-mitigation-cost/georgia/walton-county","GONE_410","","modeled local cost surface retired"
"/radon-mitigation-cost/georgia/ware-county","GONE_410","","modeled local cost surface retired"
"/radon-mitigation-cost/georgia/warren-county","GONE_410","","modeled local cost surface retired"
"/radon-mitigation-cost/georgia/washington-county","GONE_410","","modeled local cost surface retired"
"/radon-mitigation-cost/georgia/wayne-county","GONE_410","","modeled local cost surface retired"
"/radon-mitigation-cost/georgia/webster-county","GONE_410","","modeled local cost surface retired"
"/radon-mitigation-cost/georgia/wheeler-county","GONE_410","","modeled local cost surface retired"
"/radon-mitigation-cost/georgia/white-county","GONE_410","","modeled local cost surface retired"
"/radon-mitigation-cost/georgia/whitfield-county","GONE_410","","modeled local cost surface retired"
"/radon-mitigation-cost/georgia/wilcox-county","GONE_410","","modeled local cost surface retired"
"/radon-mitigation-cost/georgia/wilkes-county","GONE_410","","modeled local cost surface retired"
"/radon-mitigation-cost/georgia/wilkinson-county","GONE_410","","modeled local cost surface retired"
"/radon-mitigation-cost/georgia/worth-county","GONE_410","","modeled local cost surface retired"
"/radon-mitigation-cost/guam","GONE_410","","modeled state cost hub retired"
"/radon-mitigation-cost/guam/guam","GONE_410","","modeled local cost surface retired"
"/radon-mitigation-cost/hawaii","GONE_410","","modeled state cost hub retired"
"/radon-mitigation-cost/hawaii/hawaii-county","GONE_410","","modeled local cost surface retired"
"/radon-mitigation-cost/hawaii/honolulu-county","GONE_410","","modeled local cost surface retired"
"/radon-mitigation-cost/hawaii/kalawao-county","GONE_410","","modeled local cost surface retired"
"/radon-mitigation-cost/hawaii/kauai-county","GONE_410","","modeled local cost surface retired"
"/radon-mitigation-cost/hawaii/maui-county","GONE_410","","modeled local cost surface retired"
"/radon-mitigation-cost/idaho","GONE_410","","modeled state cost hub retired"
"/radon-mitigation-cost/idaho/ada-county","GONE_410","","modeled local cost surface retired"
"/radon-mitigation-cost/idaho/adams-county","GONE_410","","modeled local cost surface retired"
"/radon-mitigation-cost/idaho/bannock-county","GONE_410","","modeled local cost surface retired"
"/radon-mitigation-cost/idaho/bear-lake-county","GONE_410","","modeled local cost surface retired"
"/radon-mitigation-cost/idaho/benewah-county","GONE_410","","modeled local cost surface retired"
"/radon-mitigation-cost/idaho/bingham-county","GONE_410","","modeled local cost surface retired"
"/radon-mitigation-cost/idaho/blaine-county","GONE_410","","modeled local cost surface retired"
"/radon-mitigation-cost/idaho/boise-county","GONE_410","","modeled local cost surface retired"
"/radon-mitigation-cost/idaho/bonner-county","GONE_410","","modeled local cost surface retired"
"/radon-mitigation-cost/idaho/bonneville-county","GONE_410","","modeled local cost surface retired"
"/radon-mitigation-cost/idaho/boundary-county","GONE_410","","modeled local cost surface retired"
"/radon-mitigation-cost/idaho/butte-county","GONE_410","","modeled local cost surface retired"
"/radon-mitigation-cost/idaho/camas-county","GONE_410","","modeled local cost surface retired"
"/radon-mitigation-cost/idaho/canyon-county","GONE_410","","modeled local cost surface retired"
"/radon-mitigation-cost/idaho/caribou-county","GONE_410","","modeled local cost surface retired"
"/radon-mitigation-cost/idaho/cassia-county","GONE_410","","modeled local cost surface retired"
"/radon-mitigation-cost/idaho/clark-county","GONE_410","","modeled local cost surface retired"
"/radon-mitigation-cost/idaho/clearwater-county","GONE_410","","modeled local cost surface retired"
"/radon-mitigation-cost/idaho/custer-county","GONE_410","","modeled local cost surface retired"
"/radon-mitigation-cost/idaho/elmore-county","GONE_410","","modeled local cost surface retired"
"/radon-mitigation-cost/idaho/franklin-county","GONE_410","","modeled local cost surface retired"
"/radon-mitigation-cost/idaho/fremont-county","GONE_410","","modeled local cost surface retired"
"/radon-mitigation-cost/idaho/gem-county","GONE_410","","modeled local cost surface retired"
"/radon-mitigation-cost/idaho/gooding-county","GONE_410","","modeled local cost surface retired"
"/radon-mitigation-cost/idaho/idaho-county","GONE_410","","modeled local cost surface retired"
"/radon-mitigation-cost/idaho/jefferson-county","GONE_410","","modeled local cost surface retired"
"/radon-mitigation-cost/idaho/jerome-county","GONE_410","","modeled local cost surface retired"
"/radon-mitigation-cost/idaho/kootenai-county","GONE_410","","modeled local cost surface retired"
"/radon-mitigation-cost/idaho/latah-county","GONE_410","","modeled local cost surface retired"
"/radon-mitigation-cost/idaho/lemhi-county","GONE_410","","modeled local cost surface retired"
"/radon-mitigation-cost/idaho/lewis-county","GONE_410","","modeled local cost surface retired"
"/radon-mitigation-cost/idaho/lincoln-county","GONE_410","","modeled local cost surface retired"
"/radon-mitigation-cost/idaho/madison-county","GONE_410","","modeled local cost surface retired"
"/radon-mitigation-cost/idaho/minidoka-county","GONE_410","","modeled local cost surface retired"
"/radon-mitigation-cost/idaho/nez-perce-county","GONE_410","","modeled local cost surface retired"
"/radon-mitigation-cost/idaho/oneida-county","GONE_410","","modeled local cost surface retired"
"/radon-mitigation-cost/idaho/owyhee-county","GONE_410","","modeled local cost surface retired"
"/radon-mitigation-cost/idaho/payette-county","GONE_410","","modeled local cost surface retired"
"/radon-mitigation-cost/idaho/power-county","GONE_410","","modeled local cost surface retired"
"/radon-mitigation-cost/idaho/shoshone-county","GONE_410","","modeled local cost surface retired"
"/radon-mitigation-cost/idaho/teton-county","GONE_410","","modeled local cost surface retired"
"/radon-mitigation-cost/idaho/twin-falls-county","GONE_410","","modeled local cost surface retired"
"/radon-mitigation-cost/idaho/valley-county","GONE_410","","modeled local cost surface retired"
"/radon-mitigation-cost/idaho/washington-county","GONE_410","","modeled local cost surface retired"
"/radon-mitigation-cost/illinois","GONE_410","","modeled state cost hub retired"
"/radon-mitigation-cost/illinois/adams-county","GONE_410","","modeled local cost surface retired"
"/radon-mitigation-cost/illinois/alexander-county","GONE_410","","modeled local cost surface retired"
"/radon-mitigation-cost/illinois/bond-county","GONE_410","","modeled local cost surface retired"
"/radon-mitigation-cost/illinois/boone-county","GONE_410","","modeled local cost surface retired"
"/radon-mitigation-cost/illinois/brown-county","GONE_410","","modeled local cost surface retired"
"/radon-mitigation-cost/illinois/bureau-county","GONE_410","","modeled local cost surface retired"
"/radon-mitigation-cost/illinois/calhoun-county","GONE_410","","modeled local cost surface retired"
"/radon-mitigation-cost/illinois/carroll-county","GONE_410","","modeled local cost surface retired"
"/radon-mitigation-cost/illinois/cass-county","GONE_410","","modeled local cost surface retired"
"/radon-mitigation-cost/illinois/champaign-county","GONE_410","","modeled local cost surface retired"
"/radon-mitigation-cost/illinois/christian-county","GONE_410","","modeled local cost surface retired"
"/radon-mitigation-cost/illinois/clark-county","GONE_410","","modeled local cost surface retired"
"/radon-mitigation-cost/illinois/clay-county","GONE_410","","modeled local cost surface retired"
"/radon-mitigation-cost/illinois/clinton-county","GONE_410","","modeled local cost surface retired"
"/radon-mitigation-cost/illinois/coles-county","GONE_410","","modeled local cost surface retired"
"/radon-mitigation-cost/illinois/cook-county","GONE_410","","modeled local cost surface retired"
"/radon-mitigation-cost/illinois/crawford-county","GONE_410","","modeled local cost surface retired"
"/radon-mitigation-cost/illinois/cumberland-county","GONE_410","","modeled local cost surface retired"
"/radon-mitigation-cost/illinois/de-witt-county","GONE_410","","modeled local cost surface retired"
"/radon-mitigation-cost/illinois/dekalb-county","GONE_410","","modeled local cost surface retired"
"/radon-mitigation-cost/illinois/douglas-county","GONE_410","","modeled local cost surface retired"
"/radon-mitigation-cost/illinois/dupage-county","GONE_410","","modeled local cost surface retired"
"/radon-mitigation-cost/illinois/edgar-county","GONE_410","","modeled local cost surface retired"
"/radon-mitigation-cost/illinois/edwards-county","GONE_410","","modeled local cost surface retired"
"/radon-mitigation-cost/illinois/effingham-county","GONE_410","","modeled local cost surface retired"
"/radon-mitigation-cost/illinois/fayette-county","GONE_410","","modeled local cost surface retired"
"/radon-mitigation-cost/illinois/ford-county","GONE_410","","modeled local cost surface retired"
"/radon-mitigation-cost/illinois/franklin-county","GONE_410","","modeled local cost surface retired"
"/radon-mitigation-cost/illinois/fulton-county","GONE_410","","modeled local cost surface retired"
"/radon-mitigation-cost/illinois/gallatin-county","GONE_410","","modeled local cost surface retired"
"/radon-mitigation-cost/illinois/greene-county","GONE_410","","modeled local cost surface retired"
"/radon-mitigation-cost/illinois/grundy-county","GONE_410","","modeled local cost surface retired"
"/radon-mitigation-cost/illinois/hamilton-county","GONE_410","","modeled local cost surface retired"
"/radon-mitigation-cost/illinois/hancock-county","GONE_410","","modeled local cost surface retired"
"/radon-mitigation-cost/illinois/hardin-county","GONE_410","","modeled local cost surface retired"
"/radon-mitigation-cost/illinois/henderson-county","GONE_410","","modeled local cost surface retired"
"/radon-mitigation-cost/illinois/henry-county","GONE_410","","modeled local cost surface retired"
"/radon-mitigation-cost/illinois/iroquois-county","GONE_410","","modeled local cost surface retired"
"/radon-mitigation-cost/illinois/jackson-county","GONE_410","","modeled local cost surface retired"
"/radon-mitigation-cost/illinois/jasper-county","GONE_410","","modeled local cost surface retired"
"/radon-mitigation-cost/illinois/jefferson-county","GONE_410","","modeled local cost surface retired"
"/radon-mitigation-cost/illinois/jersey-county","GONE_410","","modeled local cost surface retired"
"/radon-mitigation-cost/illinois/jo-daviess-county","GONE_410","","modeled local cost surface retired"
"/radon-mitigation-cost/illinois/johnson-county","GONE_410","","modeled local cost surface retired"
"/radon-mitigation-cost/illinois/kane-county","GONE_410","","modeled local cost surface retired"
"/radon-mitigation-cost/illinois/kankakee-county","GONE_410","","modeled local cost surface retired"
"/radon-mitigation-cost/illinois/kendall-county","GONE_410","","modeled local cost surface retired"
"/radon-mitigation-cost/illinois/knox-county","GONE_410","","modeled local cost surface retired"
"/radon-mitigation-cost/illinois/lake-county","GONE_410","","modeled local cost surface retired"
"/radon-mitigation-cost/illinois/lasalle-county","GONE_410","","modeled local cost surface retired"
"/radon-mitigation-cost/illinois/lawrence-county","GONE_410","","modeled local cost surface retired"
"/radon-mitigation-cost/illinois/lee-county","GONE_410","","modeled local cost surface retired"
"/radon-mitigation-cost/illinois/livingston-county","GONE_410","","modeled local cost surface retired"
"/radon-mitigation-cost/illinois/logan-county","GONE_410","","modeled local cost surface retired"
"/radon-mitigation-cost/illinois/macon-county","GONE_410","","modeled local cost surface retired"
"/radon-mitigation-cost/illinois/macoupin-county","GONE_410","","modeled local cost surface retired"
"/radon-mitigation-cost/illinois/madison-county","GONE_410","","modeled local cost surface retired"
"/radon-mitigation-cost/illinois/marion-county","GONE_410","","modeled local cost surface retired"
"/radon-mitigation-cost/illinois/marshall-county","GONE_410","","modeled local cost surface retired"
"/radon-mitigation-cost/illinois/mason-county","GONE_410","","modeled local cost surface retired"
"/radon-mitigation-cost/illinois/massac-county","GONE_410","","modeled local cost surface retired"
"/radon-mitigation-cost/illinois/mcdonough-county","GONE_410","","modeled local cost surface retired"
"/radon-mitigation-cost/illinois/mchenry-county","GONE_410","","modeled local cost surface retired"
"/radon-mitigation-cost/illinois/mclean-county","GONE_410","","modeled local cost surface retired"
"/radon-mitigation-cost/illinois/menard-county","GONE_410","","modeled local cost surface retired"
"/radon-mitigation-cost/illinois/mercer-county","GONE_410","","modeled local cost surface retired"
"/radon-mitigation-cost/illinois/monroe-county","GONE_410","","modeled local cost surface retired"
"/radon-mitigation-cost/illinois/montgomery-county","GONE_410","","modeled local cost surface retired"
"/radon-mitigation-cost/illinois/morgan-county","GONE_410","","modeled local cost surface retired"
"/radon-mitigation-cost/illinois/moultrie-county","GONE_410","","modeled local cost surface retired"
"/radon-mitigation-cost/illinois/ogle-county","GONE_410","","modeled local cost surface retired"
"/radon-mitigation-cost/illinois/peoria-county","GONE_410","","modeled local cost surface retired"
"/radon-mitigation-cost/illinois/perry-county","GONE_410","","modeled local cost surface retired"
"/radon-mitigation-cost/illinois/piatt-county","GONE_410","","modeled local cost surface retired"
"/radon-mitigation-cost/illinois/pike-county","GONE_410","","modeled local cost surface retired"
"/radon-mitigation-cost/illinois/pope-county","GONE_410","","modeled local cost surface retired"
"/radon-mitigation-cost/illinois/pulaski-county","GONE_410","","modeled local cost surface retired"
"/radon-mitigation-cost/illinois/putnam-county","GONE_410","","modeled local cost surface retired"
"/radon-mitigation-cost/illinois/randolph-county","GONE_410","","modeled local cost surface retired"
"/radon-mitigation-cost/illinois/richland-county","GONE_410","","modeled local cost surface retired"
"/radon-mitigation-cost/illinois/rock-island-county","GONE_410","","modeled local cost surface retired"
"/radon-mitigation-cost/illinois/saline-county","GONE_410","","modeled local cost surface retired"
"/radon-mitigation-cost/illinois/sangamon-county","GONE_410","","modeled local cost surface retired"
"/radon-mitigation-cost/illinois/schuyler-county","GONE_410","","modeled local cost surface retired"
"/radon-mitigation-cost/illinois/scott-county","GONE_410","","modeled local cost surface retired"
"/radon-mitigation-cost/illinois/shelby-county","GONE_410","","modeled local cost surface retired"
"/radon-mitigation-cost/illinois/st-clair-county","GONE_410","","modeled local cost surface retired"
"/radon-mitigation-cost/illinois/stark-county","GONE_410","","modeled local cost surface retired"
"/radon-mitigation-cost/illinois/stephenson-county","GONE_410","","modeled local cost surface retired"
"/radon-mitigation-cost/illinois/tazewell-county","GONE_410","","modeled local cost surface retired"
"/radon-mitigation-cost/illinois/union-county","GONE_410","","modeled local cost surface retired"
"/radon-mitigation-cost/illinois/vermilion-county","GONE_410","","modeled local cost surface retired"
"/radon-mitigation-cost/illinois/wabash-county","GONE_410","","modeled local cost surface retired"
"/radon-mitigation-cost/illinois/warren-county","GONE_410","","modeled local cost surface retired"
"/radon-mitigation-cost/illinois/washington-county","GONE_410","","modeled local cost surface retired"
"/radon-mitigation-cost/illinois/wayne-county","GONE_410","","modeled local cost surface retired"
"/radon-mitigation-cost/illinois/white-county","GONE_410","","modeled local cost surface retired"
"/radon-mitigation-cost/illinois/whiteside-county","GONE_410","","modeled local cost surface retired"
"/radon-mitigation-cost/illinois/will-county","GONE_410","","modeled local cost surface retired"
"/radon-mitigation-cost/illinois/williamson-county","GONE_410","","modeled local cost surface retired"
"/radon-mitigation-cost/illinois/winnebago-county","GONE_410","","modeled local cost surface retired"
"/radon-mitigation-cost/illinois/woodford-county","GONE_410","","modeled local cost surface retired"
"/radon-mitigation-cost/indiana","GONE_410","","modeled state cost hub retired"
"/radon-mitigation-cost/indiana/adams-county","GONE_410","","modeled local cost surface retired"
"/radon-mitigation-cost/indiana/allen-county","GONE_410","","modeled local cost surface retired"
"/radon-mitigation-cost/indiana/bartholomew-county","GONE_410","","modeled local cost surface retired"
"/radon-mitigation-cost/indiana/benton-county","GONE_410","","modeled local cost surface retired"
"/radon-mitigation-cost/indiana/blackford-county","GONE_410","","modeled local cost surface retired"
"/radon-mitigation-cost/indiana/boone-county","GONE_410","","modeled local cost surface retired"
"/radon-mitigation-cost/indiana/brown-county","GONE_410","","modeled local cost surface retired"
"/radon-mitigation-cost/indiana/carroll-county","GONE_410","","modeled local cost surface retired"
"/radon-mitigation-cost/indiana/cass-county","GONE_410","","modeled local cost surface retired"
"/radon-mitigation-cost/indiana/clark-county","GONE_410","","modeled local cost surface retired"
"/radon-mitigation-cost/indiana/clay-county","GONE_410","","modeled local cost surface retired"
"/radon-mitigation-cost/indiana/clinton-county","GONE_410","","modeled local cost surface retired"
"/radon-mitigation-cost/indiana/crawford-county","GONE_410","","modeled local cost surface retired"
"/radon-mitigation-cost/indiana/daviess-county","GONE_410","","modeled local cost surface retired"
"/radon-mitigation-cost/indiana/dearborn-county","GONE_410","","modeled local cost surface retired"
"/radon-mitigation-cost/indiana/decatur-county","GONE_410","","modeled local cost surface retired"
"/radon-mitigation-cost/indiana/dekalb-county","GONE_410","","modeled local cost surface retired"
"/radon-mitigation-cost/indiana/delaware-county","GONE_410","","modeled local cost surface retired"
"/radon-mitigation-cost/indiana/dubois-county","GONE_410","","modeled local cost surface retired"
"/radon-mitigation-cost/indiana/elkhart-county","GONE_410","","modeled local cost surface retired"
"/radon-mitigation-cost/indiana/fayette-county","GONE_410","","modeled local cost surface retired"
"/radon-mitigation-cost/indiana/floyd-county","GONE_410","","modeled local cost surface retired"
"/radon-mitigation-cost/indiana/fountain-county","GONE_410","","modeled local cost surface retired"
"/radon-mitigation-cost/indiana/franklin-county","GONE_410","","modeled local cost surface retired"
"/radon-mitigation-cost/indiana/fulton-county","GONE_410","","modeled local cost surface retired"
"/radon-mitigation-cost/indiana/gibson-county","GONE_410","","modeled local cost surface retired"
"/radon-mitigation-cost/indiana/grant-county","GONE_410","","modeled local cost surface retired"
"/radon-mitigation-cost/indiana/greene-county","GONE_410","","modeled local cost surface retired"
"/radon-mitigation-cost/indiana/hamilton-county","GONE_410","","modeled local cost surface retired"
"/radon-mitigation-cost/indiana/hancock-county","GONE_410","","modeled local cost surface retired"
"/radon-mitigation-cost/indiana/harrison-county","GONE_410","","modeled local cost surface retired"
"/radon-mitigation-cost/indiana/hendricks-county","GONE_410","","modeled local cost surface retired"
"/radon-mitigation-cost/indiana/henry-county","GONE_410","","modeled local cost surface retired"
"/radon-mitigation-cost/indiana/howard-county","GONE_410","","modeled local cost surface retired"
"/radon-mitigation-cost/indiana/huntington-county","GONE_410","","modeled local cost surface retired"
"/radon-mitigation-cost/indiana/jackson-county","GONE_410","","modeled local cost surface retired"
"/radon-mitigation-cost/indiana/jasper-county","GONE_410","","modeled local cost surface retired"
"/radon-mitigation-cost/indiana/jay-county","GONE_410","","modeled local cost surface retired"
"/radon-mitigation-cost/indiana/jefferson-county","GONE_410","","modeled local cost surface retired"
"/radon-mitigation-cost/indiana/jennings-county","GONE_410","","modeled local cost surface retired"
"/radon-mitigation-cost/indiana/johnson-county","GONE_410","","modeled local cost surface retired"
"/radon-mitigation-cost/indiana/knox-county","GONE_410","","modeled local cost surface retired"
"/radon-mitigation-cost/indiana/kosciusko-county","GONE_410","","modeled local cost surface retired"
"/radon-mitigation-cost/indiana/lagrange-county","GONE_410","","modeled local cost surface retired"
"/radon-mitigation-cost/indiana/lake-county","GONE_410","","modeled local cost surface retired"
"/radon-mitigation-cost/indiana/laporte-county","GONE_410","","modeled local cost surface retired"
"/radon-mitigation-cost/indiana/lawrence-county","GONE_410","","modeled local cost surface retired"
"/radon-mitigation-cost/indiana/madison-county","GONE_410","","modeled local cost surface retired"
"/radon-mitigation-cost/indiana/marion-county","GONE_410","","modeled local cost surface retired"
"/radon-mitigation-cost/indiana/marshall-county","GONE_410","","modeled local cost surface retired"
"/radon-mitigation-cost/indiana/martin-county","GONE_410","","modeled local cost surface retired"
"/radon-mitigation-cost/indiana/miami-county","GONE_410","","modeled local cost surface retired"
"/radon-mitigation-cost/indiana/monroe-county","GONE_410","","modeled local cost surface retired"
"/radon-mitigation-cost/indiana/montgomery-county","GONE_410","","modeled local cost surface retired"
"/radon-mitigation-cost/indiana/morgan-county","GONE_410","","modeled local cost surface retired"
"/radon-mitigation-cost/indiana/newton-county","GONE_410","","modeled local cost surface retired"
"/radon-mitigation-cost/indiana/noble-county","GONE_410","","modeled local cost surface retired"
"/radon-mitigation-cost/indiana/ohio-county","GONE_410","","modeled local cost surface retired"
"/radon-mitigation-cost/indiana/orange-county","GONE_410","","modeled local cost surface retired"
"/radon-mitigation-cost/indiana/owen-county","GONE_410","","modeled local cost surface retired"
"/radon-mitigation-cost/indiana/parke-county","GONE_410","","modeled local cost surface retired"
"/radon-mitigation-cost/indiana/perry-county","GONE_410","","modeled local cost surface retired"
"/radon-mitigation-cost/indiana/pike-county","GONE_410","","modeled local cost surface retired"
"/radon-mitigation-cost/indiana/porter-county","GONE_410","","modeled local cost surface retired"
"/radon-mitigation-cost/indiana/posey-county","GONE_410","","modeled local cost surface retired"
"/radon-mitigation-cost/indiana/pulaski-county","GONE_410","","modeled local cost surface retired"
"/radon-mitigation-cost/indiana/putnam-county","GONE_410","","modeled local cost surface retired"
"/radon-mitigation-cost/indiana/randolph-county","GONE_410","","modeled local cost surface retired"
"/radon-mitigation-cost/indiana/ripley-county","GONE_410","","modeled local cost surface retired"
"/radon-mitigation-cost/indiana/rush-county","GONE_410","","modeled local cost surface retired"
"/radon-mitigation-cost/indiana/scott-county","GONE_410","","modeled local cost surface retired"
"/radon-mitigation-cost/indiana/shelby-county","GONE_410","","modeled local cost surface retired"
"/radon-mitigation-cost/indiana/spencer-county","GONE_410","","modeled local cost surface retired"
"/radon-mitigation-cost/indiana/st-joseph-county","GONE_410","","modeled local cost surface retired"
"/radon-mitigation-cost/indiana/starke-county","GONE_410","","modeled local cost surface retired"
"/radon-mitigation-cost/indiana/steuben-county","GONE_410","","modeled local cost surface retired"
"/radon-mitigation-cost/indiana/sullivan-county","GONE_410","","modeled local cost surface retired"
"/radon-mitigation-cost/indiana/switzerland-county","GONE_410","","modeled local cost surface retired"
"/radon-mitigation-cost/indiana/tippecanoe-county","GONE_410","","modeled local cost surface retired"
"/radon-mitigation-cost/indiana/tipton-county","GONE_410","","modeled local cost surface retired"
"/radon-mitigation-cost/indiana/union-county","GONE_410","","modeled local cost surface retired"
"/radon-mitigation-cost/indiana/vanderburgh-county","GONE_410","","modeled local cost surface retired"
"/radon-mitigation-cost/indiana/vermillion-county","GONE_410","","modeled local cost surface retired"
"/radon-mitigation-cost/indiana/vigo-county","GONE_410","","modeled local cost surface retired"
"/radon-mitigation-cost/indiana/wabash-county","GONE_410","","modeled local cost surface retired"
"/radon-mitigation-cost/indiana/warren-county","GONE_410","","modeled local cost surface retired"
"/radon-mitigation-cost/indiana/warrick-county","GONE_410","","modeled local cost surface retired"
"/radon-mitigation-cost/indiana/washington-county","GONE_410","","modeled local cost surface retired"
"/radon-mitigation-cost/indiana/wayne-county","GONE_410","","modeled local cost surface retired"
"/radon-mitigation-cost/indiana/wells-county","GONE_410","","modeled local cost surface retired"
"/radon-mitigation-cost/indiana/white-county","GONE_410","","modeled local cost surface retired"
"/radon-mitigation-cost/indiana/whitley-county","GONE_410","","modeled local cost surface retired"
"/radon-mitigation-cost/iowa","GONE_410","","modeled state cost hub retired"
"/radon-mitigation-cost/iowa/adair-county","GONE_410","","modeled local cost surface retired"
"/radon-mitigation-cost/iowa/adams-county","GONE_410","","modeled local cost surface retired"
"/radon-mitigation-cost/iowa/allamakee-county","GONE_410","","modeled local cost surface retired"
"/radon-mitigation-cost/iowa/appanoose-county","GONE_410","","modeled local cost surface retired"
"/radon-mitigation-cost/iowa/audubon-county","GONE_410","","modeled local cost surface retired"
"/radon-mitigation-cost/iowa/benton-county","GONE_410","","modeled local cost surface retired"
"/radon-mitigation-cost/iowa/black-hawk-county","GONE_410","","modeled local cost surface retired"
"/radon-mitigation-cost/iowa/boone-county","GONE_410","","modeled local cost surface retired"
"/radon-mitigation-cost/iowa/bremer-county","GONE_410","","modeled local cost surface retired"
"/radon-mitigation-cost/iowa/buchanan-county","GONE_410","","modeled local cost surface retired"
"/radon-mitigation-cost/iowa/buena-vista-county","GONE_410","","modeled local cost surface retired"
"/radon-mitigation-cost/iowa/butler-county","GONE_410","","modeled local cost surface retired"
"/radon-mitigation-cost/iowa/calhoun-county","GONE_410","","modeled local cost surface retired"
"/radon-mitigation-cost/iowa/carroll-county","GONE_410","","modeled local cost surface retired"
"/radon-mitigation-cost/iowa/cass-county","GONE_410","","modeled local cost surface retired"
"/radon-mitigation-cost/iowa/cedar-county","GONE_410","","modeled local cost surface retired"
"/radon-mitigation-cost/iowa/cerro-gordo-county","GONE_410","","modeled local cost surface retired"
"/radon-mitigation-cost/iowa/cherokee-county","GONE_410","","modeled local cost surface retired"
"/radon-mitigation-cost/iowa/chickasaw-county","GONE_410","","modeled local cost surface retired"
"/radon-mitigation-cost/iowa/clarke-county","GONE_410","","modeled local cost surface retired"
"/radon-mitigation-cost/iowa/clay-county","GONE_410","","modeled local cost surface retired"
"/radon-mitigation-cost/iowa/clayton-county","GONE_410","","modeled local cost surface retired"
"/radon-mitigation-cost/iowa/clinton-county","GONE_410","","modeled local cost surface retired"
"/radon-mitigation-cost/iowa/crawford-county","GONE_410","","modeled local cost surface retired"
"/radon-mitigation-cost/iowa/dallas-county","GONE_410","","modeled local cost surface retired"
"/radon-mitigation-cost/iowa/davis-county","GONE_410","","modeled local cost surface retired"
"/radon-mitigation-cost/iowa/decatur-county","GONE_410","","modeled local cost surface retired"
"/radon-mitigation-cost/iowa/delaware-county","GONE_410","","modeled local cost surface retired"
"/radon-mitigation-cost/iowa/des-moines-county","GONE_410","","modeled local cost surface retired"
"/radon-mitigation-cost/iowa/dickinson-county","GONE_410","","modeled local cost surface retired"
"/radon-mitigation-cost/iowa/dubuque-county","GONE_410","","modeled local cost surface retired"
"/radon-mitigation-cost/iowa/emmet-county","GONE_410","","modeled local cost surface retired"
"/radon-mitigation-cost/iowa/fayette-county","GONE_410","","modeled local cost surface retired"
"/radon-mitigation-cost/iowa/floyd-county","GONE_410","","modeled local cost surface retired"
"/radon-mitigation-cost/iowa/franklin-county","GONE_410","","modeled local cost surface retired"
"/radon-mitigation-cost/iowa/fremont-county","GONE_410","","modeled local cost surface retired"
"/radon-mitigation-cost/iowa/greene-county","GONE_410","","modeled local cost surface retired"
"/radon-mitigation-cost/iowa/grundy-county","GONE_410","","modeled local cost surface retired"
"/radon-mitigation-cost/iowa/guthrie-county","GONE_410","","modeled local cost surface retired"
"/radon-mitigation-cost/iowa/hamilton-county","GONE_410","","modeled local cost surface retired"
"/radon-mitigation-cost/iowa/hancock-county","GONE_410","","modeled local cost surface retired"
"/radon-mitigation-cost/iowa/hardin-county","GONE_410","","modeled local cost surface retired"
"/radon-mitigation-cost/iowa/harrison-county","GONE_410","","modeled local cost surface retired"
"/radon-mitigation-cost/iowa/henry-county","GONE_410","","modeled local cost surface retired"
"/radon-mitigation-cost/iowa/howard-county","GONE_410","","modeled local cost surface retired"
"/radon-mitigation-cost/iowa/humboldt-county","GONE_410","","modeled local cost surface retired"
"/radon-mitigation-cost/iowa/ida-county","GONE_410","","modeled local cost surface retired"
"/radon-mitigation-cost/iowa/iowa-county","GONE_410","","modeled local cost surface retired"
"/radon-mitigation-cost/iowa/jackson-county","GONE_410","","modeled local cost surface retired"
"/radon-mitigation-cost/iowa/jasper-county","GONE_410","","modeled local cost surface retired"
"/radon-mitigation-cost/iowa/jefferson-county","GONE_410","","modeled local cost surface retired"
"/radon-mitigation-cost/iowa/johnson-county","GONE_410","","modeled local cost surface retired"
"/radon-mitigation-cost/iowa/jones-county","GONE_410","","modeled local cost surface retired"
"/radon-mitigation-cost/iowa/keokuk-county","GONE_410","","modeled local cost surface retired"
"/radon-mitigation-cost/iowa/kossuth-county","GONE_410","","modeled local cost surface retired"
"/radon-mitigation-cost/iowa/lee-county","GONE_410","","modeled local cost surface retired"
"/radon-mitigation-cost/iowa/linn-county","GONE_410","","modeled local cost surface retired"
"/radon-mitigation-cost/iowa/louisa-county","GONE_410","","modeled local cost surface retired"
"/radon-mitigation-cost/iowa/lucas-county","GONE_410","","modeled local cost surface retired"
"/radon-mitigation-cost/iowa/lyon-county","GONE_410","","modeled local cost surface retired"
"/radon-mitigation-cost/iowa/madison-county","GONE_410","","modeled local cost surface retired"
"/radon-mitigation-cost/iowa/mahaska-county","GONE_410","","modeled local cost surface retired"
"/radon-mitigation-cost/iowa/marion-county","GONE_410","","modeled local cost surface retired"
"/radon-mitigation-cost/iowa/marshall-county","GONE_410","","modeled local cost surface retired"
"/radon-mitigation-cost/iowa/mills-county","GONE_410","","modeled local cost surface retired"
"/radon-mitigation-cost/iowa/mitchell-county","GONE_410","","modeled local cost surface retired"
"/radon-mitigation-cost/iowa/monona-county","GONE_410","","modeled local cost surface retired"
"/radon-mitigation-cost/iowa/monroe-county","GONE_410","","modeled local cost surface retired"
"/radon-mitigation-cost/iowa/montgomery-county","GONE_410","","modeled local cost surface retired"
"/radon-mitigation-cost/iowa/muscatine-county","GONE_410","","modeled local cost surface retired"
"/radon-mitigation-cost/iowa/obrien-county","GONE_410","","modeled local cost surface retired"
"/radon-mitigation-cost/iowa/osceola-county","GONE_410","","modeled local cost surface retired"
"/radon-mitigation-cost/iowa/page-county","GONE_410","","modeled local cost surface retired"
"/radon-mitigation-cost/iowa/palo-alto-county","GONE_410","","modeled local cost surface retired"
"/radon-mitigation-cost/iowa/plymouth-county","GONE_410","","modeled local cost surface retired"
"/radon-mitigation-cost/iowa/pocahontas-county","GONE_410","","modeled local cost surface retired"
"/radon-mitigation-cost/iowa/polk-county","GONE_410","","modeled local cost surface retired"
"/radon-mitigation-cost/iowa/pottawattamie-county","GONE_410","","modeled local cost surface retired"
"/radon-mitigation-cost/iowa/poweshiek-county","GONE_410","","modeled local cost surface retired"
"/radon-mitigation-cost/iowa/ringgold-county","GONE_410","","modeled local cost surface retired"
"/radon-mitigation-cost/iowa/sac-county","GONE_410","","modeled local cost surface retired"
"/radon-mitigation-cost/iowa/scott-county","GONE_410","","modeled local cost surface retired"
"/radon-mitigation-cost/iowa/shelby-county","GONE_410","","modeled local cost surface retired"
"/radon-mitigation-cost/iowa/sioux-county","GONE_410","","modeled local cost surface retired"
"/radon-mitigation-cost/iowa/story-county","GONE_410","","modeled local cost surface retired"
"/radon-mitigation-cost/iowa/tama-county","GONE_410","","modeled local cost surface retired"
"/radon-mitigation-cost/iowa/taylor-county","GONE_410","","modeled local cost surface retired"
"/radon-mitigation-cost/iowa/union-county","GONE_410","","modeled local cost surface retired"
"/radon-mitigation-cost/iowa/van-buren-county","GONE_410","","modeled local cost surface retired"
"/radon-mitigation-cost/iowa/wapello-county","GONE_410","","modeled local cost surface retired"
"/radon-mitigation-cost/iowa/warren-county","GONE_410","","modeled local cost surface retired"
"/radon-mitigation-cost/iowa/washington-county","GONE_410","","modeled local cost surface retired"
"/radon-mitigation-cost/iowa/wayne-county","GONE_410","","modeled local cost surface retired"
"/radon-mitigation-cost/iowa/webster-county","GONE_410","","modeled local cost surface retired"
"/radon-mitigation-cost/iowa/winnebago-county","GONE_410","","modeled local cost surface retired"
"/radon-mitigation-cost/iowa/winneshiek-county","GONE_410","","modeled local cost surface retired"
"/radon-mitigation-cost/iowa/woodbury-county","GONE_410","","modeled local cost surface retired"
"/radon-mitigation-cost/iowa/worth-county","GONE_410","","modeled local cost surface retired"
"/radon-mitigation-cost/iowa/wright-county","GONE_410","","modeled local cost surface retired"
"/radon-mitigation-cost/kansas","GONE_410","","modeled state cost hub retired"
"/radon-mitigation-cost/kansas/allen-county","GONE_410","","modeled local cost surface retired"
"/radon-mitigation-cost/kansas/anderson-county","GONE_410","","modeled local cost surface retired"
"/radon-mitigation-cost/kansas/atchison-county","GONE_410","","modeled local cost surface retired"
"/radon-mitigation-cost/kansas/barber-county","GONE_410","","modeled local cost surface retired"
"/radon-mitigation-cost/kansas/barton-county","GONE_410","","modeled local cost surface retired"
"/radon-mitigation-cost/kansas/bourbon-county","GONE_410","","modeled local cost surface retired"
"/radon-mitigation-cost/kansas/brown-county","GONE_410","","modeled local cost surface retired"
"/radon-mitigation-cost/kansas/butler-county","GONE_410","","modeled local cost surface retired"
"/radon-mitigation-cost/kansas/chase-county","GONE_410","","modeled local cost surface retired"
"/radon-mitigation-cost/kansas/chautauqua-county","GONE_410","","modeled local cost surface retired"
"/radon-mitigation-cost/kansas/cherokee-county","GONE_410","","modeled local cost surface retired"
"/radon-mitigation-cost/kansas/cheyenne-county","GONE_410","","modeled local cost surface retired"
"/radon-mitigation-cost/kansas/clark-county","GONE_410","","modeled local cost surface retired"
"/radon-mitigation-cost/kansas/clay-county","GONE_410","","modeled local cost surface retired"
"/radon-mitigation-cost/kansas/cloud-county","GONE_410","","modeled local cost surface retired"
"/radon-mitigation-cost/kansas/coffey-county","GONE_410","","modeled local cost surface retired"
"/radon-mitigation-cost/kansas/comanche-county","GONE_410","","modeled local cost surface retired"
"/radon-mitigation-cost/kansas/cowley-county","GONE_410","","modeled local cost surface retired"
"/radon-mitigation-cost/kansas/crawford-county","GONE_410","","modeled local cost surface retired"
"/radon-mitigation-cost/kansas/decatur-county","GONE_410","","modeled local cost surface retired"
"/radon-mitigation-cost/kansas/dickinson-county","GONE_410","","modeled local cost surface retired"
"/radon-mitigation-cost/kansas/doniphan-county","GONE_410","","modeled local cost surface retired"
"/radon-mitigation-cost/kansas/douglas-county","GONE_410","","modeled local cost surface retired"
"/radon-mitigation-cost/kansas/edwards-county","GONE_410","","modeled local cost surface retired"
"/radon-mitigation-cost/kansas/elk-county","GONE_410","","modeled local cost surface retired"
"/radon-mitigation-cost/kansas/ellis-county","GONE_410","","modeled local cost surface retired"
"/radon-mitigation-cost/kansas/ellsworth-county","GONE_410","","modeled local cost surface retired"
"/radon-mitigation-cost/kansas/finney-county","GONE_410","","modeled local cost surface retired"
"/radon-mitigation-cost/kansas/ford-county","GONE_410","","modeled local cost surface retired"
"/radon-mitigation-cost/kansas/franklin-county","GONE_410","","modeled local cost surface retired"
"/radon-mitigation-cost/kansas/geary-county","GONE_410","","modeled local cost surface retired"
"/radon-mitigation-cost/kansas/gove-county","GONE_410","","modeled local cost surface retired"
"/radon-mitigation-cost/kansas/graham-county","GONE_410","","modeled local cost surface retired"
"/radon-mitigation-cost/kansas/grant-county","GONE_410","","modeled local cost surface retired"
"/radon-mitigation-cost/kansas/gray-county","GONE_410","","modeled local cost surface retired"
"/radon-mitigation-cost/kansas/greeley-county","GONE_410","","modeled local cost surface retired"
"/radon-mitigation-cost/kansas/greenwood-county","GONE_410","","modeled local cost surface retired"
"/radon-mitigation-cost/kansas/hamilton-county","GONE_410","","modeled local cost surface retired"
"/radon-mitigation-cost/kansas/harper-county","GONE_410","","modeled local cost surface retired"
"/radon-mitigation-cost/kansas/harvey-county","GONE_410","","modeled local cost surface retired"
"/radon-mitigation-cost/kansas/haskell-county","GONE_410","","modeled local cost surface retired"
"/radon-mitigation-cost/kansas/hodgeman-county","GONE_410","","modeled local cost surface retired"
"/radon-mitigation-cost/kansas/jackson-county","GONE_410","","modeled local cost surface retired"
"/radon-mitigation-cost/kansas/jefferson-county","GONE_410","","modeled local cost surface retired"
"/radon-mitigation-cost/kansas/jewell-county","GONE_410","","modeled local cost surface retired"
"/radon-mitigation-cost/kansas/johnson-county","GONE_410","","modeled local cost surface retired"
"/radon-mitigation-cost/kansas/kearny-county","GONE_410","","modeled local cost surface retired"
"/radon-mitigation-cost/kansas/kingman-county","GONE_410","","modeled local cost surface retired"
"/radon-mitigation-cost/kansas/kiowa-county","GONE_410","","modeled local cost surface retired"
"/radon-mitigation-cost/kansas/labette-county","GONE_410","","modeled local cost surface retired"
"/radon-mitigation-cost/kansas/lane-county","GONE_410","","modeled local cost surface retired"
"/radon-mitigation-cost/kansas/leavenworth-county","GONE_410","","modeled local cost surface retired"
"/radon-mitigation-cost/kansas/lincoln-county","GONE_410","","modeled local cost surface retired"
"/radon-mitigation-cost/kansas/linn-county","GONE_410","","modeled local cost surface retired"
"/radon-mitigation-cost/kansas/logan-county","GONE_410","","modeled local cost surface retired"
"/radon-mitigation-cost/kansas/lyon-county","GONE_410","","modeled local cost surface retired"
"/radon-mitigation-cost/kansas/marion-county","GONE_410","","modeled local cost surface retired"
"/radon-mitigation-cost/kansas/marshall-county","GONE_410","","modeled local cost surface retired"
"/radon-mitigation-cost/kansas/mcpherson-county","GONE_410","","modeled local cost surface retired"
"/radon-mitigation-cost/kansas/meade-county","GONE_410","","modeled local cost surface retired"
"/radon-mitigation-cost/kansas/miami-county","GONE_410","","modeled local cost surface retired"
"/radon-mitigation-cost/kansas/mitchell-county","GONE_410","","modeled local cost surface retired"
"/radon-mitigation-cost/kansas/montgomery-county","GONE_410","","modeled local cost surface retired"
"/radon-mitigation-cost/kansas/morris-county","GONE_410","","modeled local cost surface retired"
"/radon-mitigation-cost/kansas/morton-county","GONE_410","","modeled local cost surface retired"
"/radon-mitigation-cost/kansas/nemaha-county","GONE_410","","modeled local cost surface retired"
"/radon-mitigation-cost/kansas/neosho-county","GONE_410","","modeled local cost surface retired"
"/radon-mitigation-cost/kansas/ness-county","GONE_410","","modeled local cost surface retired"
"/radon-mitigation-cost/kansas/norton-county","GONE_410","","modeled local cost surface retired"
"/radon-mitigation-cost/kansas/osage-county","GONE_410","","modeled local cost surface retired"
"/radon-mitigation-cost/kansas/osborne-county","GONE_410","","modeled local cost surface retired"
"/radon-mitigation-cost/kansas/ottawa-county","GONE_410","","modeled local cost surface retired"
"/radon-mitigation-cost/kansas/pawnee-county","GONE_410","","modeled local cost surface retired"
"/radon-mitigation-cost/kansas/phillips-county","GONE_410","","modeled local cost surface retired"
"/radon-mitigation-cost/kansas/pottawatomie-county","GONE_410","","modeled local cost surface retired"
"/radon-mitigation-cost/kansas/pratt-county","GONE_410","","modeled local cost surface retired"
"/radon-mitigation-cost/kansas/rawlins-county","GONE_410","","modeled local cost surface retired"
"/radon-mitigation-cost/kansas/reno-county","GONE_410","","modeled local cost surface retired"
"/radon-mitigation-cost/kansas/republic-county","GONE_410","","modeled local cost surface retired"
"/radon-mitigation-cost/kansas/rice-county","GONE_410","","modeled local cost surface retired"
"/radon-mitigation-cost/kansas/riley-county","GONE_410","","modeled local cost surface retired"
"/radon-mitigation-cost/kansas/rooks-county","GONE_410","","modeled local cost surface retired"
"/radon-mitigation-cost/kansas/rush-county","GONE_410","","modeled local cost surface retired"
"/radon-mitigation-cost/kansas/russell-county","GONE_410","","modeled local cost surface retired"
"/radon-mitigation-cost/kansas/saline-county","GONE_410","","modeled local cost surface retired"
"/radon-mitigation-cost/kansas/scott-county","GONE_410","","modeled local cost surface retired"
"/radon-mitigation-cost/kansas/sedgwick-county","GONE_410","","modeled local cost surface retired"
"/radon-mitigation-cost/kansas/seward-county","GONE_410","","modeled local cost surface retired"
"/radon-mitigation-cost/kansas/shawnee-county","GONE_410","","modeled local cost surface retired"
"/radon-mitigation-cost/kansas/sheridan-county","GONE_410","","modeled local cost surface retired"
"/radon-mitigation-cost/kansas/sherman-county","GONE_410","","modeled local cost surface retired"
"/radon-mitigation-cost/kansas/smith-county","GONE_410","","modeled local cost surface retired"
"/radon-mitigation-cost/kansas/stafford-county","GONE_410","","modeled local cost surface retired"
"/radon-mitigation-cost/kansas/stanton-county","GONE_410","","modeled local cost surface retired"
"/radon-mitigation-cost/kansas/stevens-county","GONE_410","","modeled local cost surface retired"
"/radon-mitigation-cost/kansas/sumner-county","GONE_410","","modeled local cost surface retired"
"/radon-mitigation-cost/kansas/thomas-county","GONE_410","","modeled local cost surface retired"
"/radon-mitigation-cost/kansas/trego-county","GONE_410","","modeled local cost surface retired"
"/radon-mitigation-cost/kansas/wabaunsee-county","GONE_410","","modeled local cost surface retired"
"/radon-mitigation-cost/kansas/wallace-county","GONE_410","","modeled local cost surface retired"
"/radon-mitigation-cost/kansas/washington-county","GONE_410","","modeled local cost surface retired"
"/radon-mitigation-cost/kansas/wichita-county","GONE_410","","modeled local cost surface retired"
"/radon-mitigation-cost/kansas/wilson-county","GONE_410","","modeled local cost surface retired"
"/radon-mitigation-cost/kansas/woodson-county","GONE_410","","modeled local cost surface retired"
"/radon-mitigation-cost/kansas/wyandotte-county","GONE_410","","modeled local cost surface retired"
"/radon-mitigation-cost/kentucky","GONE_410","","modeled state cost hub retired"
"/radon-mitigation-cost/kentucky/adair-county","GONE_410","","modeled local cost surface retired"
"/radon-mitigation-cost/kentucky/allen-county","GONE_410","","modeled local cost surface retired"
"/radon-mitigation-cost/kentucky/anderson-county","GONE_410","","modeled local cost surface retired"
"/radon-mitigation-cost/kentucky/ballard-county","GONE_410","","modeled local cost surface retired"
"/radon-mitigation-cost/kentucky/barren-county","GONE_410","","modeled local cost surface retired"
"/radon-mitigation-cost/kentucky/bath-county","GONE_410","","modeled local cost surface retired"
"/radon-mitigation-cost/kentucky/bell-county","GONE_410","","modeled local cost surface retired"
"/radon-mitigation-cost/kentucky/boone-county","GONE_410","","modeled local cost surface retired"
"/radon-mitigation-cost/kentucky/bourbon-county","GONE_410","","modeled local cost surface retired"
"/radon-mitigation-cost/kentucky/boyd-county","GONE_410","","modeled local cost surface retired"
"/radon-mitigation-cost/kentucky/boyle-county","GONE_410","","modeled local cost surface retired"
"/radon-mitigation-cost/kentucky/bracken-county","GONE_410","","modeled local cost surface retired"
"/radon-mitigation-cost/kentucky/breathitt-county","GONE_410","","modeled local cost surface retired"
"/radon-mitigation-cost/kentucky/breckinridge-county","GONE_410","","modeled local cost surface retired"
"/radon-mitigation-cost/kentucky/bullitt-county","GONE_410","","modeled local cost surface retired"
"/radon-mitigation-cost/kentucky/butler-county","GONE_410","","modeled local cost surface retired"
"/radon-mitigation-cost/kentucky/caldwell-county","GONE_410","","modeled local cost surface retired"
"/radon-mitigation-cost/kentucky/calloway-county","GONE_410","","modeled local cost surface retired"
"/radon-mitigation-cost/kentucky/campbell-county","GONE_410","","modeled local cost surface retired"
"/radon-mitigation-cost/kentucky/carlisle-county","GONE_410","","modeled local cost surface retired"
"/radon-mitigation-cost/kentucky/carroll-county","GONE_410","","modeled local cost surface retired"
"/radon-mitigation-cost/kentucky/carter-county","GONE_410","","modeled local cost surface retired"
"/radon-mitigation-cost/kentucky/casey-county","GONE_410","","modeled local cost surface retired"
"/radon-mitigation-cost/kentucky/christian-county","GONE_410","","modeled local cost surface retired"
"/radon-mitigation-cost/kentucky/clark-county","GONE_410","","modeled local cost surface retired"
"/radon-mitigation-cost/kentucky/clay-county","GONE_410","","modeled local cost surface retired"
"/radon-mitigation-cost/kentucky/clinton-county","GONE_410","","modeled local cost surface retired"
"/radon-mitigation-cost/kentucky/crittenden-county","GONE_410","","modeled local cost surface retired"
"/radon-mitigation-cost/kentucky/cumberland-county","GONE_410","","modeled local cost surface retired"
"/radon-mitigation-cost/kentucky/daviess-county","GONE_410","","modeled local cost surface retired"
"/radon-mitigation-cost/kentucky/edmonson-county","GONE_410","","modeled local cost surface retired"
"/radon-mitigation-cost/kentucky/elliott-county","GONE_410","","modeled local cost surface retired"
"/radon-mitigation-cost/kentucky/estill-county","GONE_410","","modeled local cost surface retired"
"/radon-mitigation-cost/kentucky/fayette-county","GONE_410","","modeled local cost surface retired"
"/radon-mitigation-cost/kentucky/fleming-county","GONE_410","","modeled local cost surface retired"
"/radon-mitigation-cost/kentucky/floyd-county","GONE_410","","modeled local cost surface retired"
"/radon-mitigation-cost/kentucky/franklin-county","GONE_410","","modeled local cost surface retired"
"/radon-mitigation-cost/kentucky/fulton-county","GONE_410","","modeled local cost surface retired"
"/radon-mitigation-cost/kentucky/gallatin-county","GONE_410","","modeled local cost surface retired"
"/radon-mitigation-cost/kentucky/garrard-county","GONE_410","","modeled local cost surface retired"
"/radon-mitigation-cost/kentucky/grant-county","GONE_410","","modeled local cost surface retired"
"/radon-mitigation-cost/kentucky/graves-county","GONE_410","","modeled local cost surface retired"
"/radon-mitigation-cost/kentucky/grayson-county","GONE_410","","modeled local cost surface retired"
"/radon-mitigation-cost/kentucky/green-county","GONE_410","","modeled local cost surface retired"
"/radon-mitigation-cost/kentucky/greenup-county","GONE_410","","modeled local cost surface retired"
"/radon-mitigation-cost/kentucky/hancock-county","GONE_410","","modeled local cost surface retired"
"/radon-mitigation-cost/kentucky/hardin-county","GONE_410","","modeled local cost surface retired"
"/radon-mitigation-cost/kentucky/harlan-county","GONE_410","","modeled local cost surface retired"
"/radon-mitigation-cost/kentucky/harrison-county","GONE_410","","modeled local cost surface retired"
"/radon-mitigation-cost/kentucky/hart-county","GONE_410","","modeled local cost surface retired"
"/radon-mitigation-cost/kentucky/henderson-county","GONE_410","","modeled local cost surface retired"
"/radon-mitigation-cost/kentucky/henry-county","GONE_410","","modeled local cost surface retired"
"/radon-mitigation-cost/kentucky/hickman-county","GONE_410","","modeled local cost surface retired"
"/radon-mitigation-cost/kentucky/hopkins-county","GONE_410","","modeled local cost surface retired"
"/radon-mitigation-cost/kentucky/jackson-county","GONE_410","","modeled local cost surface retired"
"/radon-mitigation-cost/kentucky/jefferson-county","GONE_410","","modeled local cost surface retired"
"/radon-mitigation-cost/kentucky/jessamine-county","GONE_410","","modeled local cost surface retired"
"/radon-mitigation-cost/kentucky/johnson-county","GONE_410","","modeled local cost surface retired"
"/radon-mitigation-cost/kentucky/kenton-county","GONE_410","","modeled local cost surface retired"
"/radon-mitigation-cost/kentucky/knott-county","GONE_410","","modeled local cost surface retired"
"/radon-mitigation-cost/kentucky/knox-county","GONE_410","","modeled local cost surface retired"
"/radon-mitigation-cost/kentucky/larue-county","GONE_410","","modeled local cost surface retired"
"/radon-mitigation-cost/kentucky/laurel-county","GONE_410","","modeled local cost surface retired"
"/radon-mitigation-cost/kentucky/lawrence-county","GONE_410","","modeled local cost surface retired"
"/radon-mitigation-cost/kentucky/lee-county","GONE_410","","modeled local cost surface retired"
"/radon-mitigation-cost/kentucky/leslie-county","GONE_410","","modeled local cost surface retired"
"/radon-mitigation-cost/kentucky/letcher-county","GONE_410","","modeled local cost surface retired"
"/radon-mitigation-cost/kentucky/lewis-county","GONE_410","","modeled local cost surface retired"
"/radon-mitigation-cost/kentucky/lincoln-county","GONE_410","","modeled local cost surface retired"
"/radon-mitigation-cost/kentucky/livingston-county","GONE_410","","modeled local cost surface retired"
"/radon-mitigation-cost/kentucky/logan-county","GONE_410","","modeled local cost surface retired"
"/radon-mitigation-cost/kentucky/lyon-county","GONE_410","","modeled local cost surface retired"
"/radon-mitigation-cost/kentucky/madison-county","GONE_410","","modeled local cost surface retired"
"/radon-mitigation-cost/kentucky/magoffin-county","GONE_410","","modeled local cost surface retired"
"/radon-mitigation-cost/kentucky/marion-county","GONE_410","","modeled local cost surface retired"
"/radon-mitigation-cost/kentucky/marshall-county","GONE_410","","modeled local cost surface retired"
"/radon-mitigation-cost/kentucky/martin-county","GONE_410","","modeled local cost surface retired"
"/radon-mitigation-cost/kentucky/mason-county","GONE_410","","modeled local cost surface retired"
"/radon-mitigation-cost/kentucky/mccracken-county","GONE_410","","modeled local cost surface retired"
"/radon-mitigation-cost/kentucky/mccreary-county","GONE_410","","modeled local cost surface retired"
"/radon-mitigation-cost/kentucky/mclean-county","GONE_410","","modeled local cost surface retired"
"/radon-mitigation-cost/kentucky/meade-county","GONE_410","","modeled local cost surface retired"
"/radon-mitigation-cost/kentucky/menifee-county","GONE_410","","modeled local cost surface retired"
"/radon-mitigation-cost/kentucky/mercer-county","GONE_410","","modeled local cost surface retired"
"/radon-mitigation-cost/kentucky/metcalfe-county","GONE_410","","modeled local cost surface retired"
"/radon-mitigation-cost/kentucky/monroe-county","GONE_410","","modeled local cost surface retired"
"/radon-mitigation-cost/kentucky/montgomery-county","GONE_410","","modeled local cost surface retired"
"/radon-mitigation-cost/kentucky/morgan-county","GONE_410","","modeled local cost surface retired"
"/radon-mitigation-cost/kentucky/muhlenberg-county","GONE_410","","modeled local cost surface retired"
"/radon-mitigation-cost/kentucky/nelson-county","GONE_410","","modeled local cost surface retired"
"/radon-mitigation-cost/kentucky/nicholas-county","GONE_410","","modeled local cost surface retired"
"/radon-mitigation-cost/kentucky/ohio-county","GONE_410","","modeled local cost surface retired"
"/radon-mitigation-cost/kentucky/oldham-county","GONE_410","","modeled local cost surface retired"
"/radon-mitigation-cost/kentucky/owen-county","GONE_410","","modeled local cost surface retired"
"/radon-mitigation-cost/kentucky/owsley-county","GONE_410","","modeled local cost surface retired"
"/radon-mitigation-cost/kentucky/pendleton-county","GONE_410","","modeled local cost surface retired"
"/radon-mitigation-cost/kentucky/perry-county","GONE_410","","modeled local cost surface retired"
"/radon-mitigation-cost/kentucky/pike-county","GONE_410","","modeled local cost surface retired"
"/radon-mitigation-cost/kentucky/powell-county","GONE_410","","modeled local cost surface retired"
"/radon-mitigation-cost/kentucky/pulaski-county","GONE_410","","modeled local cost surface retired"
"/radon-mitigation-cost/kentucky/robertson-county","GONE_410","","modeled local cost surface retired"
"/radon-mitigation-cost/kentucky/rockcastle-county","GONE_410","","modeled local cost surface retired"
"/radon-mitigation-cost/kentucky/rowan-county","GONE_410","","modeled local cost surface retired"
"/radon-mitigation-cost/kentucky/russell-county","GONE_410","","modeled local cost surface retired"
"/radon-mitigation-cost/kentucky/scott-county","GONE_410","","modeled local cost surface retired"
"/radon-mitigation-cost/kentucky/shelby-county","GONE_410","","modeled local cost surface retired"
"/radon-mitigation-cost/kentucky/simpson-county","GONE_410","","modeled local cost surface retired"
"/radon-mitigation-cost/kentucky/spencer-county","GONE_410","","modeled local cost surface retired"
"/radon-mitigation-cost/kentucky/taylor-county","GONE_410","","modeled local cost surface retired"
"/radon-mitigation-cost/kentucky/todd-county","GONE_410","","modeled local cost surface retired"
"/radon-mitigation-cost/kentucky/trigg-county","GONE_410","","modeled local cost surface retired"
"/radon-mitigation-cost/kentucky/trimble-county","GONE_410","","modeled local cost surface retired"
"/radon-mitigation-cost/kentucky/union-county","GONE_410","","modeled local cost surface retired"
"/radon-mitigation-cost/kentucky/warren-county","GONE_410","","modeled local cost surface retired"
"/radon-mitigation-cost/kentucky/washington-county","GONE_410","","modeled local cost surface retired"
"/radon-mitigation-cost/kentucky/wayne-county","GONE_410","","modeled local cost surface retired"
"/radon-mitigation-cost/kentucky/webster-county","GONE_410","","modeled local cost surface retired"
"/radon-mitigation-cost/kentucky/whitley-county","GONE_410","","modeled local cost surface retired"
"/radon-mitigation-cost/kentucky/wolfe-county","GONE_410","","modeled local cost surface retired"
"/radon-mitigation-cost/kentucky/woodford-county","GONE_410","","modeled local cost surface retired"
"/radon-mitigation-cost/louisiana","GONE_410","","modeled state cost hub retired"
"/radon-mitigation-cost/louisiana/acadia-parish","GONE_410","","modeled local cost surface retired"
"/radon-mitigation-cost/louisiana/allen-parish","GONE_410","","modeled local cost surface retired"
"/radon-mitigation-cost/louisiana/ascension-parish","GONE_410","","modeled local cost surface retired"
"/radon-mitigation-cost/louisiana/assumption-parish","GONE_410","","modeled local cost surface retired"
"/radon-mitigation-cost/louisiana/avoyelles-parish","GONE_410","","modeled local cost surface retired"
"/radon-mitigation-cost/louisiana/beauregard-parish","GONE_410","","modeled local cost surface retired"
"/radon-mitigation-cost/louisiana/bienville-parish","GONE_410","","modeled local cost surface retired"
"/radon-mitigation-cost/louisiana/bossier-parish","GONE_410","","modeled local cost surface retired"
"/radon-mitigation-cost/louisiana/caddo-parish","GONE_410","","modeled local cost surface retired"
"/radon-mitigation-cost/louisiana/calcasieu-parish","GONE_410","","modeled local cost surface retired"
"/radon-mitigation-cost/louisiana/caldwell-parish","GONE_410","","modeled local cost surface retired"
"/radon-mitigation-cost/louisiana/cameron-parish","GONE_410","","modeled local cost surface retired"
"/radon-mitigation-cost/louisiana/catahoula-parish","GONE_410","","modeled local cost surface retired"
"/radon-mitigation-cost/louisiana/claiborne-parish","GONE_410","","modeled local cost surface retired"
"/radon-mitigation-cost/louisiana/concordia-parish","GONE_410","","modeled local cost surface retired"
"/radon-mitigation-cost/louisiana/de-soto-parish","GONE_410","","modeled local cost surface retired"
"/radon-mitigation-cost/louisiana/east-baton-rouge-parish","GONE_410","","modeled local cost surface retired"
"/radon-mitigation-cost/louisiana/east-carroll-parish","GONE_410","","modeled local cost surface retired"
"/radon-mitigation-cost/louisiana/east-feliciana-parish","GONE_410","","modeled local cost surface retired"
"/radon-mitigation-cost/louisiana/evangeline-parish","GONE_410","","modeled local cost surface retired"
"/radon-mitigation-cost/louisiana/franklin-parish","GONE_410","","modeled local cost surface retired"
"/radon-mitigation-cost/louisiana/grant-parish","GONE_410","","modeled local cost surface retired"
"/radon-mitigation-cost/louisiana/iberia-parish","GONE_410","","modeled local cost surface retired"
"/radon-mitigation-cost/louisiana/iberville-parish","GONE_410","","modeled local cost surface retired"
"/radon-mitigation-cost/louisiana/jackson-parish","GONE_410","","modeled local cost surface retired"
"/radon-mitigation-cost/louisiana/jefferson-davis-parish","GONE_410","","modeled local cost surface retired"
"/radon-mitigation-cost/louisiana/jefferson-parish","GONE_410","","modeled local cost surface retired"
"/radon-mitigation-cost/louisiana/la-salle-parish","GONE_410","","modeled local cost surface retired"
"/radon-mitigation-cost/louisiana/lafayette-parish","GONE_410","","modeled local cost surface retired"
"/radon-mitigation-cost/louisiana/lafourche-parish","GONE_410","","modeled local cost surface retired"
"/radon-mitigation-cost/louisiana/lincoln-parish","GONE_410","","modeled local cost surface retired"
"/radon-mitigation-cost/louisiana/livingston-parish","GONE_410","","modeled local cost surface retired"
"/radon-mitigation-cost/louisiana/madison-parish","GONE_410","","modeled local cost surface retired"
"/radon-mitigation-cost/louisiana/morehouse-parish","GONE_410","","modeled local cost surface retired"
"/radon-mitigation-cost/louisiana/natchitoches-parish","GONE_410","","modeled local cost surface retired"
"/radon-mitigation-cost/louisiana/orleans-parish","GONE_410","","modeled local cost surface retired"
"/radon-mitigation-cost/louisiana/ouachita-parish","GONE_410","","modeled local cost surface retired"
"/radon-mitigation-cost/louisiana/plaquemines-parish","GONE_410","","modeled local cost surface retired"
"/radon-mitigation-cost/louisiana/pointe-coupee-parish","GONE_410","","modeled local cost surface retired"
"/radon-mitigation-cost/louisiana/rapides-parish","GONE_410","","modeled local cost surface retired"
"/radon-mitigation-cost/louisiana/red-river-parish","GONE_410","","modeled local cost surface retired"
"/radon-mitigation-cost/louisiana/richland-parish","GONE_410","","modeled local cost surface retired"
"/radon-mitigation-cost/louisiana/sabine-parish","GONE_410","","modeled local cost surface retired"
"/radon-mitigation-cost/louisiana/st-bernard-parish","GONE_410","","modeled local cost surface retired"
"/radon-mitigation-cost/louisiana/st-charles-parish","GONE_410","","modeled local cost surface retired"
"/radon-mitigation-cost/louisiana/st-helena-parish","GONE_410","","modeled local cost surface retired"
"/radon-mitigation-cost/louisiana/st-james-parish","GONE_410","","modeled local cost surface retired"
"/radon-mitigation-cost/louisiana/st-john-the-baptist-parish","GONE_410","","modeled local cost surface retired"
"/radon-mitigation-cost/louisiana/st-landry-parish","GONE_410","","modeled local cost surface retired"
"/radon-mitigation-cost/louisiana/st-martin-parish","GONE_410","","modeled local cost surface retired"
"/radon-mitigation-cost/louisiana/st-mary-parish","GONE_410","","modeled local cost surface retired"
"/radon-mitigation-cost/louisiana/st-tammany-parish","GONE_410","","modeled local cost surface retired"
"/radon-mitigation-cost/louisiana/tangipahoa-parish","GONE_410","","modeled local cost surface retired"
"/radon-mitigation-cost/louisiana/tensas-parish","GONE_410","","modeled local cost surface retired"
"/radon-mitigation-cost/louisiana/terrebonne-parish","GONE_410","","modeled local cost surface retired"
"/radon-mitigation-cost/louisiana/union-parish","GONE_410","","modeled local cost surface retired"
"/radon-mitigation-cost/louisiana/vermilion-parish","GONE_410","","modeled local cost surface retired"
"/radon-mitigation-cost/louisiana/vernon-parish","GONE_410","","modeled local cost surface retired"
"/radon-mitigation-cost/louisiana/washington-parish","GONE_410","","modeled local cost surface retired"
"/radon-mitigation-cost/louisiana/webster-parish","GONE_410","","modeled local cost surface retired"
"/radon-mitigation-cost/louisiana/west-baton-rouge-parish","GONE_410","","modeled local cost surface retired"
"/radon-mitigation-cost/louisiana/west-carroll-parish","GONE_410","","modeled local cost surface retired"
"/radon-mitigation-cost/louisiana/west-feliciana-parish","GONE_410","","modeled local cost surface retired"
"/radon-mitigation-cost/louisiana/winn-parish","GONE_410","","modeled local cost surface retired"
"/radon-mitigation-cost/maine","GONE_410","","modeled state cost hub retired"
"/radon-mitigation-cost/maine/androscoggin-county","GONE_410","","modeled local cost surface retired"
"/radon-mitigation-cost/maine/aroostook-county","GONE_410","","modeled local cost surface retired"
"/radon-mitigation-cost/maine/cumberland-county","GONE_410","","modeled local cost surface retired"
"/radon-mitigation-cost/maine/franklin-county","GONE_410","","modeled local cost surface retired"
"/radon-mitigation-cost/maine/hancock-county","GONE_410","","modeled local cost surface retired"
"/radon-mitigation-cost/maine/kennebec-county","GONE_410","","modeled local cost surface retired"
"/radon-mitigation-cost/maine/knox-county","GONE_410","","modeled local cost surface retired"
"/radon-mitigation-cost/maine/lincoln-county","GONE_410","","modeled local cost surface retired"
"/radon-mitigation-cost/maine/oxford-county","GONE_410","","modeled local cost surface retired"
"/radon-mitigation-cost/maine/penobscot-county","GONE_410","","modeled local cost surface retired"
"/radon-mitigation-cost/maine/piscataquis-county","GONE_410","","modeled local cost surface retired"
"/radon-mitigation-cost/maine/sagadahoc-county","GONE_410","","modeled local cost surface retired"
"/radon-mitigation-cost/maine/somerset-county","GONE_410","","modeled local cost surface retired"
"/radon-mitigation-cost/maine/waldo-county","GONE_410","","modeled local cost surface retired"
"/radon-mitigation-cost/maine/washington-county","GONE_410","","modeled local cost surface retired"
"/radon-mitigation-cost/maine/york-county","GONE_410","","modeled local cost surface retired"
"/radon-mitigation-cost/maryland","GONE_410","","modeled state cost hub retired"
"/radon-mitigation-cost/maryland/allegany-county","GONE_410","","modeled local cost surface retired"
"/radon-mitigation-cost/maryland/anne-arundel-county","GONE_410","","modeled local cost surface retired"
"/radon-mitigation-cost/maryland/baltimore-city","GONE_410","","modeled local cost surface retired"
"/radon-mitigation-cost/maryland/baltimore-county","GONE_410","","modeled local cost surface retired"
"/radon-mitigation-cost/maryland/calvert-county","GONE_410","","modeled local cost surface retired"
"/radon-mitigation-cost/maryland/caroline-county","GONE_410","","modeled local cost surface retired"
"/radon-mitigation-cost/maryland/carroll-county","GONE_410","","modeled local cost surface retired"
"/radon-mitigation-cost/maryland/cecil-county","GONE_410","","modeled local cost surface retired"
"/radon-mitigation-cost/maryland/charles-county","GONE_410","","modeled local cost surface retired"
"/radon-mitigation-cost/maryland/dorchester-county","GONE_410","","modeled local cost surface retired"
"/radon-mitigation-cost/maryland/frederick-county","GONE_410","","modeled local cost surface retired"
"/radon-mitigation-cost/maryland/garrett-county","GONE_410","","modeled local cost surface retired"
"/radon-mitigation-cost/maryland/harford-county","GONE_410","","modeled local cost surface retired"
"/radon-mitigation-cost/maryland/howard-county","GONE_410","","modeled local cost surface retired"
"/radon-mitigation-cost/maryland/kent-county","GONE_410","","modeled local cost surface retired"
"/radon-mitigation-cost/maryland/montgomery-county","GONE_410","","modeled local cost surface retired"
"/radon-mitigation-cost/maryland/prince-georges-county","GONE_410","","modeled local cost surface retired"
"/radon-mitigation-cost/maryland/queen-annes-county","GONE_410","","modeled local cost surface retired"
"/radon-mitigation-cost/maryland/somerset-county","GONE_410","","modeled local cost surface retired"
"/radon-mitigation-cost/maryland/st-marys-county","GONE_410","","modeled local cost surface retired"
"/radon-mitigation-cost/maryland/talbot-county","GONE_410","","modeled local cost surface retired"
"/radon-mitigation-cost/maryland/washington-county","GONE_410","","modeled local cost surface retired"
"/radon-mitigation-cost/maryland/wicomico-county","GONE_410","","modeled local cost surface retired"
"/radon-mitigation-cost/maryland/worcester-county","GONE_410","","modeled local cost surface retired"
"/radon-mitigation-cost/massachusetts","GONE_410","","modeled state cost hub retired"
"/radon-mitigation-cost/massachusetts/barnstable-county","GONE_410","","modeled local cost surface retired"
"/radon-mitigation-cost/massachusetts/berkshire-county","GONE_410","","modeled local cost surface retired"
"/radon-mitigation-cost/massachusetts/bristol-county","GONE_410","","modeled local cost surface retired"
"/radon-mitigation-cost/massachusetts/dukes-county","GONE_410","","modeled local cost surface retired"
"/radon-mitigation-cost/massachusetts/essex-county","GONE_410","","modeled local cost surface retired"
"/radon-mitigation-cost/massachusetts/franklin-county","GONE_410","","modeled local cost surface retired"
"/radon-mitigation-cost/massachusetts/hampden-county","GONE_410","","modeled local cost surface retired"
"/radon-mitigation-cost/massachusetts/hampshire-county","GONE_410","","modeled local cost surface retired"
"/radon-mitigation-cost/massachusetts/middlesex-county","GONE_410","","modeled local cost surface retired"
"/radon-mitigation-cost/massachusetts/nantucket-county","GONE_410","","modeled local cost surface retired"
"/radon-mitigation-cost/massachusetts/norfolk-county","GONE_410","","modeled local cost surface retired"
"/radon-mitigation-cost/massachusetts/plymouth-county","GONE_410","","modeled local cost surface retired"
"/radon-mitigation-cost/massachusetts/suffolk-county","GONE_410","","modeled local cost surface retired"
"/radon-mitigation-cost/massachusetts/worcester-county","GONE_410","","modeled local cost surface retired"
"/radon-mitigation-cost/michigan","GONE_410","","modeled state cost hub retired"
"/radon-mitigation-cost/michigan/alcona-county","GONE_410","","modeled local cost surface retired"
"/radon-mitigation-cost/michigan/alger-county","GONE_410","","modeled local cost surface retired"
"/radon-mitigation-cost/michigan/allegan-county","GONE_410","","modeled local cost surface retired"
"/radon-mitigation-cost/michigan/alpena-county","GONE_410","","modeled local cost surface retired"
"/radon-mitigation-cost/michigan/antrim-county","GONE_410","","modeled local cost surface retired"
"/radon-mitigation-cost/michigan/arenac-county","GONE_410","","modeled local cost surface retired"
"/radon-mitigation-cost/michigan/baraga-county","GONE_410","","modeled local cost surface retired"
"/radon-mitigation-cost/michigan/barry-county","GONE_410","","modeled local cost surface retired"
"/radon-mitigation-cost/michigan/bay-county","GONE_410","","modeled local cost surface retired"
"/radon-mitigation-cost/michigan/benzie-county","GONE_410","","modeled local cost surface retired"
"/radon-mitigation-cost/michigan/berrien-county","GONE_410","","modeled local cost surface retired"
"/radon-mitigation-cost/michigan/branch-county","GONE_410","","modeled local cost surface retired"
"/radon-mitigation-cost/michigan/calhoun-county","GONE_410","","modeled local cost surface retired"
"/radon-mitigation-cost/michigan/cass-county","GONE_410","","modeled local cost surface retired"
"/radon-mitigation-cost/michigan/charlevoix-county","GONE_410","","modeled local cost surface retired"
"/radon-mitigation-cost/michigan/cheboygan-county","GONE_410","","modeled local cost surface retired"
"/radon-mitigation-cost/michigan/chippewa-county","GONE_410","","modeled local cost surface retired"
"/radon-mitigation-cost/michigan/clare-county","GONE_410","","modeled local cost surface retired"
"/radon-mitigation-cost/michigan/clinton-county","GONE_410","","modeled local cost surface retired"
"/radon-mitigation-cost/michigan/crawford-county","GONE_410","","modeled local cost surface retired"
"/radon-mitigation-cost/michigan/delta-county","GONE_410","","modeled local cost surface retired"
"/radon-mitigation-cost/michigan/dickinson-county","GONE_410","","modeled local cost surface retired"
"/radon-mitigation-cost/michigan/eaton-county","GONE_410","","modeled local cost surface retired"
"/radon-mitigation-cost/michigan/emmet-county","GONE_410","","modeled local cost surface retired"
"/radon-mitigation-cost/michigan/genesee-county","GONE_410","","modeled local cost surface retired"
"/radon-mitigation-cost/michigan/gladwin-county","GONE_410","","modeled local cost surface retired"
"/radon-mitigation-cost/michigan/gogebic-county","GONE_410","","modeled local cost surface retired"
"/radon-mitigation-cost/michigan/grand-traverse-county","GONE_410","","modeled local cost surface retired"
"/radon-mitigation-cost/michigan/gratiot-county","GONE_410","","modeled local cost surface retired"
"/radon-mitigation-cost/michigan/hillsdale-county","GONE_410","","modeled local cost surface retired"
"/radon-mitigation-cost/michigan/houghton-county","GONE_410","","modeled local cost surface retired"
"/radon-mitigation-cost/michigan/huron-county","GONE_410","","modeled local cost surface retired"
"/radon-mitigation-cost/michigan/ingham-county","GONE_410","","modeled local cost surface retired"
"/radon-mitigation-cost/michigan/ionia-county","GONE_410","","modeled local cost surface retired"
"/radon-mitigation-cost/michigan/iosco-county","GONE_410","","modeled local cost surface retired"
"/radon-mitigation-cost/michigan/iron-county","GONE_410","","modeled local cost surface retired"
"/radon-mitigation-cost/michigan/isabella-county","GONE_410","","modeled local cost surface retired"
"/radon-mitigation-cost/michigan/jackson-county","GONE_410","","modeled local cost surface retired"
"/radon-mitigation-cost/michigan/kalamazoo-county","GONE_410","","modeled local cost surface retired"
"/radon-mitigation-cost/michigan/kalkaska-county","GONE_410","","modeled local cost surface retired"
"/radon-mitigation-cost/michigan/kent-county","GONE_410","","modeled local cost surface retired"
"/radon-mitigation-cost/michigan/keweenaw-county","GONE_410","","modeled local cost surface retired"
"/radon-mitigation-cost/michigan/lake-county","GONE_410","","modeled local cost surface retired"
"/radon-mitigation-cost/michigan/lapeer-county","GONE_410","","modeled local cost surface retired"
"/radon-mitigation-cost/michigan/leelanau-county","GONE_410","","modeled local cost surface retired"
"/radon-mitigation-cost/michigan/lenawee-county","GONE_410","","modeled local cost surface retired"
"/radon-mitigation-cost/michigan/livingston-county","GONE_410","","modeled local cost surface retired"
"/radon-mitigation-cost/michigan/luce-county","GONE_410","","modeled local cost surface retired"
"/radon-mitigation-cost/michigan/mackinac-county","GONE_410","","modeled local cost surface retired"
"/radon-mitigation-cost/michigan/macomb-county","GONE_410","","modeled local cost surface retired"
"/radon-mitigation-cost/michigan/manistee-county","GONE_410","","modeled local cost surface retired"
"/radon-mitigation-cost/michigan/marquette-county","GONE_410","","modeled local cost surface retired"
"/radon-mitigation-cost/michigan/mason-county","GONE_410","","modeled local cost surface retired"
"/radon-mitigation-cost/michigan/mecosta-county","GONE_410","","modeled local cost surface retired"
"/radon-mitigation-cost/michigan/menominee-county","GONE_410","","modeled local cost surface retired"
"/radon-mitigation-cost/michigan/midland-county","GONE_410","","modeled local cost surface retired"
"/radon-mitigation-cost/michigan/missaukee-county","GONE_410","","modeled local cost surface retired"
"/radon-mitigation-cost/michigan/monroe-county","GONE_410","","modeled local cost surface retired"
"/radon-mitigation-cost/michigan/montcalm-county","GONE_410","","modeled local cost surface retired"
"/radon-mitigation-cost/michigan/montmorency-county","GONE_410","","modeled local cost surface retired"
"/radon-mitigation-cost/michigan/muskegon-county","GONE_410","","modeled local cost surface retired"
"/radon-mitigation-cost/michigan/newaygo-county","GONE_410","","modeled local cost surface retired"
"/radon-mitigation-cost/michigan/oakland-county","GONE_410","","modeled local cost surface retired"
"/radon-mitigation-cost/michigan/oceana-county","GONE_410","","modeled local cost surface retired"
"/radon-mitigation-cost/michigan/ogemaw-county","GONE_410","","modeled local cost surface retired"
"/radon-mitigation-cost/michigan/ontonagon-county","GONE_410","","modeled local cost surface retired"
"/radon-mitigation-cost/michigan/osceola-county","GONE_410","","modeled local cost surface retired"
"/radon-mitigation-cost/michigan/oscoda-county","GONE_410","","modeled local cost surface retired"
"/radon-mitigation-cost/michigan/otsego-county","GONE_410","","modeled local cost surface retired"
"/radon-mitigation-cost/michigan/ottawa-county","GONE_410","","modeled local cost surface retired"
"/radon-mitigation-cost/michigan/presque-isle-county","GONE_410","","modeled local cost surface retired"
"/radon-mitigation-cost/michigan/roscommon-county","GONE_410","","modeled local cost surface retired"
"/radon-mitigation-cost/michigan/saginaw-county","GONE_410","","modeled local cost surface retired"
"/radon-mitigation-cost/michigan/sanilac-county","GONE_410","","modeled local cost surface retired"
"/radon-mitigation-cost/michigan/schoolcraft-county","GONE_410","","modeled local cost surface retired"
"/radon-mitigation-cost/michigan/shiawassee-county","GONE_410","","modeled local cost surface retired"
"/radon-mitigation-cost/michigan/st-clair-county","GONE_410","","modeled local cost surface retired"
"/radon-mitigation-cost/michigan/st-joseph-county","GONE_410","","modeled local cost surface retired"
"/radon-mitigation-cost/michigan/tuscola-county","GONE_410","","modeled local cost surface retired"
"/radon-mitigation-cost/michigan/van-buren-county","GONE_410","","modeled local cost surface retired"
"/radon-mitigation-cost/michigan/washtenaw-county","GONE_410","","modeled local cost surface retired"
"/radon-mitigation-cost/michigan/wayne-county","GONE_410","","modeled local cost surface retired"
"/radon-mitigation-cost/michigan/wexford-county","GONE_410","","modeled local cost surface retired"
"/radon-mitigation-cost/minnesota","GONE_410","","modeled state cost hub retired"
"/radon-mitigation-cost/minnesota/aitkin-county","GONE_410","","modeled local cost surface retired"
"/radon-mitigation-cost/minnesota/anoka-county","GONE_410","","modeled local cost surface retired"
"/radon-mitigation-cost/minnesota/becker-county","GONE_410","","modeled local cost surface retired"
"/radon-mitigation-cost/minnesota/beltrami-county","GONE_410","","modeled local cost surface retired"
"/radon-mitigation-cost/minnesota/benton-county","GONE_410","","modeled local cost surface retired"
"/radon-mitigation-cost/minnesota/big-stone-county","GONE_410","","modeled local cost surface retired"
"/radon-mitigation-cost/minnesota/blue-earth-county","GONE_410","","modeled local cost surface retired"
"/radon-mitigation-cost/minnesota/brown-county","GONE_410","","modeled local cost surface retired"
"/radon-mitigation-cost/minnesota/carlton-county","GONE_410","","modeled local cost surface retired"
"/radon-mitigation-cost/minnesota/carver-county","GONE_410","","modeled local cost surface retired"
"/radon-mitigation-cost/minnesota/cass-county","GONE_410","","modeled local cost surface retired"
"/radon-mitigation-cost/minnesota/chippewa-county","GONE_410","","modeled local cost surface retired"
"/radon-mitigation-cost/minnesota/chisago-county","GONE_410","","modeled local cost surface retired"
"/radon-mitigation-cost/minnesota/clay-county","GONE_410","","modeled local cost surface retired"
"/radon-mitigation-cost/minnesota/clearwater-county","GONE_410","","modeled local cost surface retired"
"/radon-mitigation-cost/minnesota/cook-county","GONE_410","","modeled local cost surface retired"
"/radon-mitigation-cost/minnesota/cottonwood-county","GONE_410","","modeled local cost surface retired"
"/radon-mitigation-cost/minnesota/crow-wing-county","GONE_410","","modeled local cost surface retired"
"/radon-mitigation-cost/minnesota/dakota-county","GONE_410","","modeled local cost surface retired"
"/radon-mitigation-cost/minnesota/dodge-county","GONE_410","","modeled local cost surface retired"
"/radon-mitigation-cost/minnesota/douglas-county","GONE_410","","modeled local cost surface retired"
"/radon-mitigation-cost/minnesota/faribault-county","GONE_410","","modeled local cost surface retired"
"/radon-mitigation-cost/minnesota/fillmore-county","GONE_410","","modeled local cost surface retired"
"/radon-mitigation-cost/minnesota/freeborn-county","GONE_410","","modeled local cost surface retired"
"/radon-mitigation-cost/minnesota/goodhue-county","GONE_410","","modeled local cost surface retired"
"/radon-mitigation-cost/minnesota/grant-county","GONE_410","","modeled local cost surface retired"
"/radon-mitigation-cost/minnesota/hennepin-county","GONE_410","","modeled local cost surface retired"
"/radon-mitigation-cost/minnesota/houston-county","GONE_410","","modeled local cost surface retired"
"/radon-mitigation-cost/minnesota/hubbard-county","GONE_410","","modeled local cost surface retired"
"/radon-mitigation-cost/minnesota/isanti-county","GONE_410","","modeled local cost surface retired"
"/radon-mitigation-cost/minnesota/itasca-county","GONE_410","","modeled local cost surface retired"
"/radon-mitigation-cost/minnesota/jackson-county","GONE_410","","modeled local cost surface retired"
"/radon-mitigation-cost/minnesota/kanabec-county","GONE_410","","modeled local cost surface retired"
"/radon-mitigation-cost/minnesota/kandiyohi-county","GONE_410","","modeled local cost surface retired"
"/radon-mitigation-cost/minnesota/kittson-county","GONE_410","","modeled local cost surface retired"
"/radon-mitigation-cost/minnesota/koochiching-county","GONE_410","","modeled local cost surface retired"
"/radon-mitigation-cost/minnesota/lac-qui-parle-county","GONE_410","","modeled local cost surface retired"
"/radon-mitigation-cost/minnesota/lake-county","GONE_410","","modeled local cost surface retired"
"/radon-mitigation-cost/minnesota/lake-of-the-woods-county","GONE_410","","modeled local cost surface retired"
"/radon-mitigation-cost/minnesota/le-sueur-county","GONE_410","","modeled local cost surface retired"
"/radon-mitigation-cost/minnesota/lincoln-county","GONE_410","","modeled local cost surface retired"
"/radon-mitigation-cost/minnesota/lyon-county","GONE_410","","modeled local cost surface retired"
"/radon-mitigation-cost/minnesota/mahnomen-county","GONE_410","","modeled local cost surface retired"
"/radon-mitigation-cost/minnesota/marshall-county","GONE_410","","modeled local cost surface retired"
"/radon-mitigation-cost/minnesota/martin-county","GONE_410","","modeled local cost surface retired"
"/radon-mitigation-cost/minnesota/mcleod-county","GONE_410","","modeled local cost surface retired"
"/radon-mitigation-cost/minnesota/meeker-county","GONE_410","","modeled local cost surface retired"
"/radon-mitigation-cost/minnesota/mille-lacs-county","GONE_410","","modeled local cost surface retired"
"/radon-mitigation-cost/minnesota/morrison-county","GONE_410","","modeled local cost surface retired"
"/radon-mitigation-cost/minnesota/mower-county","GONE_410","","modeled local cost surface retired"
"/radon-mitigation-cost/minnesota/murray-county","GONE_410","","modeled local cost surface retired"
"/radon-mitigation-cost/minnesota/nicollet-county","GONE_410","","modeled local cost surface retired"
"/radon-mitigation-cost/minnesota/nobles-county","GONE_410","","modeled local cost surface retired"
"/radon-mitigation-cost/minnesota/norman-county","GONE_410","","modeled local cost surface retired"
"/radon-mitigation-cost/minnesota/olmsted-county","GONE_410","","modeled local cost surface retired"
"/radon-mitigation-cost/minnesota/otter-tail-county","GONE_410","","modeled local cost surface retired"
"/radon-mitigation-cost/minnesota/pennington-county","GONE_410","","modeled local cost surface retired"
"/radon-mitigation-cost/minnesota/pine-county","GONE_410","","modeled local cost surface retired"
"/radon-mitigation-cost/minnesota/pipestone-county","GONE_410","","modeled local cost surface retired"
"/radon-mitigation-cost/minnesota/polk-county","GONE_410","","modeled local cost surface retired"
"/radon-mitigation-cost/minnesota/pope-county","GONE_410","","modeled local cost surface retired"
"/radon-mitigation-cost/minnesota/ramsey-county","GONE_410","","modeled local cost surface retired"
"/radon-mitigation-cost/minnesota/red-lake-county","GONE_410","","modeled local cost surface retired"
"/radon-mitigation-cost/minnesota/redwood-county","GONE_410","","modeled local cost surface retired"
"/radon-mitigation-cost/minnesota/renville-county","GONE_410","","modeled local cost surface retired"
"/radon-mitigation-cost/minnesota/rice-county","GONE_410","","modeled local cost surface retired"
"/radon-mitigation-cost/minnesota/rock-county","GONE_410","","modeled local cost surface retired"
"/radon-mitigation-cost/minnesota/roseau-county","GONE_410","","modeled local cost surface retired"
"/radon-mitigation-cost/minnesota/scott-county","GONE_410","","modeled local cost surface retired"
"/radon-mitigation-cost/minnesota/sherburne-county","GONE_410","","modeled local cost surface retired"
"/radon-mitigation-cost/minnesota/sibley-county","GONE_410","","modeled local cost surface retired"
"/radon-mitigation-cost/minnesota/st-louis-county","GONE_410","","modeled local cost surface retired"
"/radon-mitigation-cost/minnesota/stearns-county","GONE_410","","modeled local cost surface retired"
"/radon-mitigation-cost/minnesota/steele-county","GONE_410","","modeled local cost surface retired"
"/radon-mitigation-cost/minnesota/stevens-county","GONE_410","","modeled local cost surface retired"
"/radon-mitigation-cost/minnesota/swift-county","GONE_410","","modeled local cost surface retired"
"/radon-mitigation-cost/minnesota/todd-county","GONE_410","","modeled local cost surface retired"
"/radon-mitigation-cost/minnesota/traverse-county","GONE_410","","modeled local cost surface retired"
"/radon-mitigation-cost/minnesota/wabasha-county","GONE_410","","modeled local cost surface retired"
"/radon-mitigation-cost/minnesota/wadena-county","GONE_410","","modeled local cost surface retired"
"/radon-mitigation-cost/minnesota/waseca-county","GONE_410","","modeled local cost surface retired"
"/radon-mitigation-cost/minnesota/washington-county","GONE_410","","modeled local cost surface retired"
"/radon-mitigation-cost/minnesota/watonwan-county","GONE_410","","modeled local cost surface retired"
"/radon-mitigation-cost/minnesota/wilkin-county","GONE_410","","modeled local cost surface retired"
"/radon-mitigation-cost/minnesota/winona-county","GONE_410","","modeled local cost surface retired"
"/radon-mitigation-cost/minnesota/wright-county","GONE_410","","modeled local cost surface retired"
"/radon-mitigation-cost/minnesota/yellow-medicine-county","GONE_410","","modeled local cost surface retired"
"/radon-mitigation-cost/mississippi","GONE_410","","modeled state cost hub retired"
"/radon-mitigation-cost/mississippi/adams-county","GONE_410","","modeled local cost surface retired"
"/radon-mitigation-cost/mississippi/alcorn-county","GONE_410","","modeled local cost surface retired"
"/radon-mitigation-cost/mississippi/amite-county","GONE_410","","modeled local cost surface retired"
"/radon-mitigation-cost/mississippi/attala-county","GONE_410","","modeled local cost surface retired"
"/radon-mitigation-cost/mississippi/benton-county","GONE_410","","modeled local cost surface retired"
"/radon-mitigation-cost/mississippi/bolivar-county","GONE_410","","modeled local cost surface retired"
"/radon-mitigation-cost/mississippi/calhoun-county","GONE_410","","modeled local cost surface retired"
"/radon-mitigation-cost/mississippi/carroll-county","GONE_410","","modeled local cost surface retired"
"/radon-mitigation-cost/mississippi/chickasaw-county","GONE_410","","modeled local cost surface retired"
"/radon-mitigation-cost/mississippi/choctaw-county","GONE_410","","modeled local cost surface retired"
"/radon-mitigation-cost/mississippi/claiborne-county","GONE_410","","modeled local cost surface retired"
"/radon-mitigation-cost/mississippi/clarke-county","GONE_410","","modeled local cost surface retired"
"/radon-mitigation-cost/mississippi/clay-county","GONE_410","","modeled local cost surface retired"
"/radon-mitigation-cost/mississippi/coahoma-county","GONE_410","","modeled local cost surface retired"
"/radon-mitigation-cost/mississippi/copiah-county","GONE_410","","modeled local cost surface retired"
"/radon-mitigation-cost/mississippi/covington-county","GONE_410","","modeled local cost surface retired"
"/radon-mitigation-cost/mississippi/desoto-county","GONE_410","","modeled local cost surface retired"
"/radon-mitigation-cost/mississippi/forrest-county","GONE_410","","modeled local cost surface retired"
"/radon-mitigation-cost/mississippi/franklin-county","GONE_410","","modeled local cost surface retired"
"/radon-mitigation-cost/mississippi/george-county","GONE_410","","modeled local cost surface retired"
"/radon-mitigation-cost/mississippi/greene-county","GONE_410","","modeled local cost surface retired"
"/radon-mitigation-cost/mississippi/grenada-county","GONE_410","","modeled local cost surface retired"
"/radon-mitigation-cost/mississippi/hancock-county","GONE_410","","modeled local cost surface retired"
"/radon-mitigation-cost/mississippi/harrison-county","GONE_410","","modeled local cost surface retired"
"/radon-mitigation-cost/mississippi/hinds-county","GONE_410","","modeled local cost surface retired"
"/radon-mitigation-cost/mississippi/holmes-county","GONE_410","","modeled local cost surface retired"
"/radon-mitigation-cost/mississippi/humphreys-county","GONE_410","","modeled local cost surface retired"
"/radon-mitigation-cost/mississippi/issaquena-county","GONE_410","","modeled local cost surface retired"
"/radon-mitigation-cost/mississippi/itawamba-county","GONE_410","","modeled local cost surface retired"
"/radon-mitigation-cost/mississippi/jackson-county","GONE_410","","modeled local cost surface retired"
"/radon-mitigation-cost/mississippi/jasper-county","GONE_410","","modeled local cost surface retired"
"/radon-mitigation-cost/mississippi/jefferson-county","GONE_410","","modeled local cost surface retired"
"/radon-mitigation-cost/mississippi/jefferson-davis-county","GONE_410","","modeled local cost surface retired"
"/radon-mitigation-cost/mississippi/jones-county","GONE_410","","modeled local cost surface retired"
"/radon-mitigation-cost/mississippi/kemper-county","GONE_410","","modeled local cost surface retired"
"/radon-mitigation-cost/mississippi/lafayette-county","GONE_410","","modeled local cost surface retired"
"/radon-mitigation-cost/mississippi/lamar-county","GONE_410","","modeled local cost surface retired"
"/radon-mitigation-cost/mississippi/lauderdale-county","GONE_410","","modeled local cost surface retired"
"/radon-mitigation-cost/mississippi/lawrence-county","GONE_410","","modeled local cost surface retired"
"/radon-mitigation-cost/mississippi/leake-county","GONE_410","","modeled local cost surface retired"
"/radon-mitigation-cost/mississippi/lee-county","GONE_410","","modeled local cost surface retired"
"/radon-mitigation-cost/mississippi/leflore-county","GONE_410","","modeled local cost surface retired"
"/radon-mitigation-cost/mississippi/lincoln-county","GONE_410","","modeled local cost surface retired"
"/radon-mitigation-cost/mississippi/lowndes-county","GONE_410","","modeled local cost surface retired"
"/radon-mitigation-cost/mississippi/madison-county","GONE_410","","modeled local cost surface retired"
"/radon-mitigation-cost/mississippi/marion-county","GONE_410","","modeled local cost surface retired"
"/radon-mitigation-cost/mississippi/marshall-county","GONE_410","","modeled local cost surface retired"
"/radon-mitigation-cost/mississippi/monroe-county","GONE_410","","modeled local cost surface retired"
"/radon-mitigation-cost/mississippi/montgomery-county","GONE_410","","modeled local cost surface retired"
"/radon-mitigation-cost/mississippi/neshoba-county","GONE_410","","modeled local cost surface retired"
"/radon-mitigation-cost/mississippi/newton-county","GONE_410","","modeled local cost surface retired"
"/radon-mitigation-cost/mississippi/noxubee-county","GONE_410","","modeled local cost surface retired"
"/radon-mitigation-cost/mississippi/oktibbeha-county","GONE_410","","modeled local cost surface retired"
"/radon-mitigation-cost/mississippi/panola-county","GONE_410","","modeled local cost surface retired"
"/radon-mitigation-cost/mississippi/pearl-river-county","GONE_410","","modeled local cost surface retired"
"/radon-mitigation-cost/mississippi/perry-county","GONE_410","","modeled local cost surface retired"
"/radon-mitigation-cost/mississippi/pike-county","GONE_410","","modeled local cost surface retired"
"/radon-mitigation-cost/mississippi/pontotoc-county","GONE_410","","modeled local cost surface retired"
"/radon-mitigation-cost/mississippi/prentiss-county","GONE_410","","modeled local cost surface retired"
"/radon-mitigation-cost/mississippi/quitman-county","GONE_410","","modeled local cost surface retired"
"/radon-mitigation-cost/mississippi/rankin-county","GONE_410","","modeled local cost surface retired"
"/radon-mitigation-cost/mississippi/scott-county","GONE_410","","modeled local cost surface retired"
"/radon-mitigation-cost/mississippi/sharkey-county","GONE_410","","modeled local cost surface retired"
"/radon-mitigation-cost/mississippi/simpson-county","GONE_410","","modeled local cost surface retired"
"/radon-mitigation-cost/mississippi/smith-county","GONE_410","","modeled local cost surface retired"
"/radon-mitigation-cost/mississippi/stone-county","GONE_410","","modeled local cost surface retired"
"/radon-mitigation-cost/mississippi/sunflower-county","GONE_410","","modeled local cost surface retired"
"/radon-mitigation-cost/mississippi/tallahatchie-county","GONE_410","","modeled local cost surface retired"
"/radon-mitigation-cost/mississippi/tate-county","GONE_410","","modeled local cost surface retired"
"/radon-mitigation-cost/mississippi/tippah-county","GONE_410","","modeled local cost surface retired"
"/radon-mitigation-cost/mississippi/tishomingo-county","GONE_410","","modeled local cost surface retired"
"/radon-mitigation-cost/mississippi/tunica-county","GONE_410","","modeled local cost surface retired"
"/radon-mitigation-cost/mississippi/union-county","GONE_410","","modeled local cost surface retired"
"/radon-mitigation-cost/mississippi/walthall-county","GONE_410","","modeled local cost surface retired"
"/radon-mitigation-cost/mississippi/warren-county","GONE_410","","modeled local cost surface retired"
"/radon-mitigation-cost/mississippi/washington-county","GONE_410","","modeled local cost surface retired"
"/radon-mitigation-cost/mississippi/wayne-county","GONE_410","","modeled local cost surface retired"
"/radon-mitigation-cost/mississippi/webster-county","GONE_410","","modeled local cost surface retired"
"/radon-mitigation-cost/mississippi/wilkinson-county","GONE_410","","modeled local cost surface retired"
"/radon-mitigation-cost/mississippi/winston-county","GONE_410","","modeled local cost surface retired"
"/radon-mitigation-cost/mississippi/yalobusha-county","GONE_410","","modeled local cost surface retired"
"/radon-mitigation-cost/mississippi/yazoo-county","GONE_410","","modeled local cost surface retired"
"/radon-mitigation-cost/missouri","GONE_410","","modeled state cost hub retired"
"/radon-mitigation-cost/missouri/adair-county","GONE_410","","modeled local cost surface retired"
"/radon-mitigation-cost/missouri/andrew-county","GONE_410","","modeled local cost surface retired"
"/radon-mitigation-cost/missouri/atchison-county","GONE_410","","modeled local cost surface retired"
"/radon-mitigation-cost/missouri/audrain-county","GONE_410","","modeled local cost surface retired"
"/radon-mitigation-cost/missouri/barry-county","GONE_410","","modeled local cost surface retired"
"/radon-mitigation-cost/missouri/barton-county","GONE_410","","modeled local cost surface retired"
"/radon-mitigation-cost/missouri/bates-county","GONE_410","","modeled local cost surface retired"
"/radon-mitigation-cost/missouri/benton-county","GONE_410","","modeled local cost surface retired"
"/radon-mitigation-cost/missouri/bollinger-county","GONE_410","","modeled local cost surface retired"
"/radon-mitigation-cost/missouri/boone-county","GONE_410","","modeled local cost surface retired"
"/radon-mitigation-cost/missouri/buchanan-county","GONE_410","","modeled local cost surface retired"
"/radon-mitigation-cost/missouri/butler-county","GONE_410","","modeled local cost surface retired"
"/radon-mitigation-cost/missouri/caldwell-county","GONE_410","","modeled local cost surface retired"
"/radon-mitigation-cost/missouri/callaway-county","GONE_410","","modeled local cost surface retired"
"/radon-mitigation-cost/missouri/camden-county","GONE_410","","modeled local cost surface retired"
"/radon-mitigation-cost/missouri/cape-girardeau-county","GONE_410","","modeled local cost surface retired"
"/radon-mitigation-cost/missouri/carroll-county","GONE_410","","modeled local cost surface retired"
"/radon-mitigation-cost/missouri/carter-county","GONE_410","","modeled local cost surface retired"
"/radon-mitigation-cost/missouri/cass-county","GONE_410","","modeled local cost surface retired"
"/radon-mitigation-cost/missouri/cedar-county","GONE_410","","modeled local cost surface retired"
"/radon-mitigation-cost/missouri/chariton-county","GONE_410","","modeled local cost surface retired"
"/radon-mitigation-cost/missouri/christian-county","GONE_410","","modeled local cost surface retired"
"/radon-mitigation-cost/missouri/clark-county","GONE_410","","modeled local cost surface retired"
"/radon-mitigation-cost/missouri/clay-county","GONE_410","","modeled local cost surface retired"
"/radon-mitigation-cost/missouri/clinton-county","GONE_410","","modeled local cost surface retired"
"/radon-mitigation-cost/missouri/cole-county","GONE_410","","modeled local cost surface retired"
"/radon-mitigation-cost/missouri/cooper-county","GONE_410","","modeled local cost surface retired"
"/radon-mitigation-cost/missouri/crawford-county","GONE_410","","modeled local cost surface retired"
"/radon-mitigation-cost/missouri/dade-county","GONE_410","","modeled local cost surface retired"
"/radon-mitigation-cost/missouri/dallas-county","GONE_410","","modeled local cost surface retired"
"/radon-mitigation-cost/missouri/daviess-county","GONE_410","","modeled local cost surface retired"
"/radon-mitigation-cost/missouri/dekalb-county","GONE_410","","modeled local cost surface retired"
"/radon-mitigation-cost/missouri/dent-county","GONE_410","","modeled local cost surface retired"
"/radon-mitigation-cost/missouri/douglas-county","GONE_410","","modeled local cost surface retired"
"/radon-mitigation-cost/missouri/dunklin-county","GONE_410","","modeled local cost surface retired"
"/radon-mitigation-cost/missouri/franklin-county","GONE_410","","modeled local cost surface retired"
"/radon-mitigation-cost/missouri/gasconade-county","GONE_410","","modeled local cost surface retired"
"/radon-mitigation-cost/missouri/gentry-county","GONE_410","","modeled local cost surface retired"
"/radon-mitigation-cost/missouri/greene-county","GONE_410","","modeled local cost surface retired"
"/radon-mitigation-cost/missouri/grundy-county","GONE_410","","modeled local cost surface retired"
"/radon-mitigation-cost/missouri/harrison-county","GONE_410","","modeled local cost surface retired"
"/radon-mitigation-cost/missouri/henry-county","GONE_410","","modeled local cost surface retired"
"/radon-mitigation-cost/missouri/hickory-county","GONE_410","","modeled local cost surface retired"
"/radon-mitigation-cost/missouri/holt-county","GONE_410","","modeled local cost surface retired"
"/radon-mitigation-cost/missouri/howard-county","GONE_410","","modeled local cost surface retired"
"/radon-mitigation-cost/missouri/howell-county","GONE_410","","modeled local cost surface retired"
"/radon-mitigation-cost/missouri/iron-county","GONE_410","","modeled local cost surface retired"
"/radon-mitigation-cost/missouri/jackson-county","GONE_410","","modeled local cost surface retired"
"/radon-mitigation-cost/missouri/jasper-county","GONE_410","","modeled local cost surface retired"
"/radon-mitigation-cost/missouri/jefferson-county","GONE_410","","modeled local cost surface retired"
"/radon-mitigation-cost/missouri/johnson-county","GONE_410","","modeled local cost surface retired"
"/radon-mitigation-cost/missouri/knox-county","GONE_410","","modeled local cost surface retired"
"/radon-mitigation-cost/missouri/laclede-county","GONE_410","","modeled local cost surface retired"
"/radon-mitigation-cost/missouri/lafayette-county","GONE_410","","modeled local cost surface retired"
"/radon-mitigation-cost/missouri/lawrence-county","GONE_410","","modeled local cost surface retired"
"/radon-mitigation-cost/missouri/lewis-county","GONE_410","","modeled local cost surface retired"
"/radon-mitigation-cost/missouri/lincoln-county","GONE_410","","modeled local cost surface retired"
"/radon-mitigation-cost/missouri/linn-county","GONE_410","","modeled local cost surface retired"
"/radon-mitigation-cost/missouri/livingston-county","GONE_410","","modeled local cost surface retired"
"/radon-mitigation-cost/missouri/macon-county","GONE_410","","modeled local cost surface retired"
"/radon-mitigation-cost/missouri/madison-county","GONE_410","","modeled local cost surface retired"
"/radon-mitigation-cost/missouri/maries-county","GONE_410","","modeled local cost surface retired"
"/radon-mitigation-cost/missouri/marion-county","GONE_410","","modeled local cost surface retired"
"/radon-mitigation-cost/missouri/mcdonald-county","GONE_410","","modeled local cost surface retired"
"/radon-mitigation-cost/missouri/mercer-county","GONE_410","","modeled local cost surface retired"
"/radon-mitigation-cost/missouri/miller-county","GONE_410","","modeled local cost surface retired"
"/radon-mitigation-cost/missouri/mississippi-county","GONE_410","","modeled local cost surface retired"
"/radon-mitigation-cost/missouri/moniteau-county","GONE_410","","modeled local cost surface retired"
"/radon-mitigation-cost/missouri/monroe-county","GONE_410","","modeled local cost surface retired"
"/radon-mitigation-cost/missouri/montgomery-county","GONE_410","","modeled local cost surface retired"
"/radon-mitigation-cost/missouri/morgan-county","GONE_410","","modeled local cost surface retired"
"/radon-mitigation-cost/missouri/new-madrid-county","GONE_410","","modeled local cost surface retired"
"/radon-mitigation-cost/missouri/newton-county","GONE_410","","modeled local cost surface retired"
"/radon-mitigation-cost/missouri/nodaway-county","GONE_410","","modeled local cost surface retired"
"/radon-mitigation-cost/missouri/oregon-county","GONE_410","","modeled local cost surface retired"
"/radon-mitigation-cost/missouri/osage-county","GONE_410","","modeled local cost surface retired"
"/radon-mitigation-cost/missouri/ozark-county","GONE_410","","modeled local cost surface retired"
"/radon-mitigation-cost/missouri/pemiscot-county","GONE_410","","modeled local cost surface retired"
"/radon-mitigation-cost/missouri/perry-county","GONE_410","","modeled local cost surface retired"
"/radon-mitigation-cost/missouri/pettis-county","GONE_410","","modeled local cost surface retired"
"/radon-mitigation-cost/missouri/phelps-county","GONE_410","","modeled local cost surface retired"
"/radon-mitigation-cost/missouri/pike-county","GONE_410","","modeled local cost surface retired"
"/radon-mitigation-cost/missouri/platte-county","GONE_410","","modeled local cost surface retired"
"/radon-mitigation-cost/missouri/polk-county","GONE_410","","modeled local cost surface retired"
"/radon-mitigation-cost/missouri/pulaski-county","GONE_410","","modeled local cost surface retired"
"/radon-mitigation-cost/missouri/putnam-county","GONE_410","","modeled local cost surface retired"
"/radon-mitigation-cost/missouri/ralls-county","GONE_410","","modeled local cost surface retired"
"/radon-mitigation-cost/missouri/randolph-county","GONE_410","","modeled local cost surface retired"
"/radon-mitigation-cost/missouri/ray-county","GONE_410","","modeled local cost surface retired"
"/radon-mitigation-cost/missouri/reynolds-county","GONE_410","","modeled local cost surface retired"
"/radon-mitigation-cost/missouri/ripley-county","GONE_410","","modeled local cost surface retired"
"/radon-mitigation-cost/missouri/saline-county","GONE_410","","modeled local cost surface retired"
"/radon-mitigation-cost/missouri/schuyler-county","GONE_410","","modeled local cost surface retired"
"/radon-mitigation-cost/missouri/scotland-county","GONE_410","","modeled local cost surface retired"
"/radon-mitigation-cost/missouri/scott-county","GONE_410","","modeled local cost surface retired"
"/radon-mitigation-cost/missouri/shannon-county","GONE_410","","modeled local cost surface retired"
"/radon-mitigation-cost/missouri/shelby-county","GONE_410","","modeled local cost surface retired"
"/radon-mitigation-cost/missouri/st-charles-county","GONE_410","","modeled local cost surface retired"
"/radon-mitigation-cost/missouri/st-clair-county","GONE_410","","modeled local cost surface retired"
"/radon-mitigation-cost/missouri/st-francois-county","GONE_410","","modeled local cost surface retired"
"/radon-mitigation-cost/missouri/st-louis-city","GONE_410","","modeled local cost surface retired"
"/radon-mitigation-cost/missouri/st-louis-county","GONE_410","","modeled local cost surface retired"
"/radon-mitigation-cost/missouri/ste-genevieve-county","GONE_410","","modeled local cost surface retired"
"/radon-mitigation-cost/missouri/stoddard-county","GONE_410","","modeled local cost surface retired"
"/radon-mitigation-cost/missouri/stone-county","GONE_410","","modeled local cost surface retired"
"/radon-mitigation-cost/missouri/sullivan-county","GONE_410","","modeled local cost surface retired"
"/radon-mitigation-cost/missouri/taney-county","GONE_410","","modeled local cost surface retired"
"/radon-mitigation-cost/missouri/texas-county","GONE_410","","modeled local cost surface retired"
"/radon-mitigation-cost/missouri/vernon-county","GONE_410","","modeled local cost surface retired"
"/radon-mitigation-cost/missouri/warren-county","GONE_410","","modeled local cost surface retired"
"/radon-mitigation-cost/missouri/washington-county","GONE_410","","modeled local cost surface retired"
"/radon-mitigation-cost/missouri/wayne-county","GONE_410","","modeled local cost surface retired"
"/radon-mitigation-cost/missouri/webster-county","GONE_410","","modeled local cost surface retired"
"/radon-mitigation-cost/missouri/worth-county","GONE_410","","modeled local cost surface retired"
"/radon-mitigation-cost/missouri/wright-county","GONE_410","","modeled local cost surface retired"
"/radon-mitigation-cost/montana","GONE_410","","modeled state cost hub retired"
"/radon-mitigation-cost/montana/beaverhead-county","GONE_410","","modeled local cost surface retired"
"/radon-mitigation-cost/montana/big-horn-county","GONE_410","","modeled local cost surface retired"
"/radon-mitigation-cost/montana/blaine-county","GONE_410","","modeled local cost surface retired"
"/radon-mitigation-cost/montana/broadwater-county","GONE_410","","modeled local cost surface retired"
"/radon-mitigation-cost/montana/carbon-county","GONE_410","","modeled local cost surface retired"
"/radon-mitigation-cost/montana/carter-county","GONE_410","","modeled local cost surface retired"
"/radon-mitigation-cost/montana/cascade-county","GONE_410","","modeled local cost surface retired"
"/radon-mitigation-cost/montana/chouteau-county","GONE_410","","modeled local cost surface retired"
"/radon-mitigation-cost/montana/custer-county","GONE_410","","modeled local cost surface retired"
"/radon-mitigation-cost/montana/daniels-county","GONE_410","","modeled local cost surface retired"
"/radon-mitigation-cost/montana/dawson-county","GONE_410","","modeled local cost surface retired"
"/radon-mitigation-cost/montana/deer-lodge-county","GONE_410","","modeled local cost surface retired"
"/radon-mitigation-cost/montana/fallon-county","GONE_410","","modeled local cost surface retired"
"/radon-mitigation-cost/montana/fergus-county","GONE_410","","modeled local cost surface retired"
"/radon-mitigation-cost/montana/flathead-county","GONE_410","","modeled local cost surface retired"
"/radon-mitigation-cost/montana/gallatin-county","GONE_410","","modeled local cost surface retired"
"/radon-mitigation-cost/montana/garfield-county","GONE_410","","modeled local cost surface retired"
"/radon-mitigation-cost/montana/glacier-county","GONE_410","","modeled local cost surface retired"
"/radon-mitigation-cost/montana/golden-valley-county","GONE_410","","modeled local cost surface retired"
"/radon-mitigation-cost/montana/granite-county","GONE_410","","modeled local cost surface retired"
"/radon-mitigation-cost/montana/hill-county","GONE_410","","modeled local cost surface retired"
"/radon-mitigation-cost/montana/jefferson-county","GONE_410","","modeled local cost surface retired"
"/radon-mitigation-cost/montana/judith-basin-county","GONE_410","","modeled local cost surface retired"
"/radon-mitigation-cost/montana/lake-county","GONE_410","","modeled local cost surface retired"
"/radon-mitigation-cost/montana/lewis-and-clark-county","GONE_410","","modeled local cost surface retired"
"/radon-mitigation-cost/montana/liberty-county","GONE_410","","modeled local cost surface retired"
"/radon-mitigation-cost/montana/lincoln-county","GONE_410","","modeled local cost surface retired"
"/radon-mitigation-cost/montana/madison-county","GONE_410","","modeled local cost surface retired"
"/radon-mitigation-cost/montana/mccone-county","GONE_410","","modeled local cost surface retired"
"/radon-mitigation-cost/montana/meagher-county","GONE_410","","modeled local cost surface retired"
"/radon-mitigation-cost/montana/mineral-county","GONE_410","","modeled local cost surface retired"
"/radon-mitigation-cost/montana/missoula-county","GONE_410","","modeled local cost surface retired"
"/radon-mitigation-cost/montana/musselshell-county","GONE_410","","modeled local cost surface retired"
"/radon-mitigation-cost/montana/park-county","GONE_410","","modeled local cost surface retired"
"/radon-mitigation-cost/montana/petroleum-county","GONE_410","","modeled local cost surface retired"
"/radon-mitigation-cost/montana/phillips-county","GONE_410","","modeled local cost surface retired"
"/radon-mitigation-cost/montana/pondera-county","GONE_410","","modeled local cost surface retired"
"/radon-mitigation-cost/montana/powder-river-county","GONE_410","","modeled local cost surface retired"
"/radon-mitigation-cost/montana/powell-county","GONE_410","","modeled local cost surface retired"
"/radon-mitigation-cost/montana/prairie-county","GONE_410","","modeled local cost surface retired"
"/radon-mitigation-cost/montana/ravalli-county","GONE_410","","modeled local cost surface retired"
"/radon-mitigation-cost/montana/richland-county","GONE_410","","modeled local cost surface retired"
"/radon-mitigation-cost/montana/roosevelt-county","GONE_410","","modeled local cost surface retired"
"/radon-mitigation-cost/montana/rosebud-county","GONE_410","","modeled local cost surface retired"
"/radon-mitigation-cost/montana/sanders-county","GONE_410","","modeled local cost surface retired"
"/radon-mitigation-cost/montana/sheridan-county","GONE_410","","modeled local cost surface retired"
"/radon-mitigation-cost/montana/silver-bow-county","GONE_410","","modeled local cost surface retired"
"/radon-mitigation-cost/montana/stillwater-county","GONE_410","","modeled local cost surface retired"
"/radon-mitigation-cost/montana/sweet-grass-county","GONE_410","","modeled local cost surface retired"
"/radon-mitigation-cost/montana/teton-county","GONE_410","","modeled local cost surface retired"
"/radon-mitigation-cost/montana/toole-county","GONE_410","","modeled local cost surface retired"
"/radon-mitigation-cost/montana/treasure-county","GONE_410","","modeled local cost surface retired"
"/radon-mitigation-cost/montana/valley-county","GONE_410","","modeled local cost surface retired"
"/radon-mitigation-cost/montana/wheatland-county","GONE_410","","modeled local cost surface retired"
"/radon-mitigation-cost/montana/wibaux-county","GONE_410","","modeled local cost surface retired"
"/radon-mitigation-cost/montana/yellowstone-county","GONE_410","","modeled local cost surface retired"
"/radon-mitigation-cost/nebraska","GONE_410","","modeled state cost hub retired"
"/radon-mitigation-cost/nebraska/adams-county","GONE_410","","modeled local cost surface retired"
"/radon-mitigation-cost/nebraska/antelope-county","GONE_410","","modeled local cost surface retired"
"/radon-mitigation-cost/nebraska/arthur-county","GONE_410","","modeled local cost surface retired"
"/radon-mitigation-cost/nebraska/banner-county","GONE_410","","modeled local cost surface retired"
"/radon-mitigation-cost/nebraska/blaine-county","GONE_410","","modeled local cost surface retired"
"/radon-mitigation-cost/nebraska/boone-county","GONE_410","","modeled local cost surface retired"
"/radon-mitigation-cost/nebraska/box-butte-county","GONE_410","","modeled local cost surface retired"
"/radon-mitigation-cost/nebraska/boyd-county","GONE_410","","modeled local cost surface retired"
"/radon-mitigation-cost/nebraska/brown-county","GONE_410","","modeled local cost surface retired"
"/radon-mitigation-cost/nebraska/buffalo-county","GONE_410","","modeled local cost surface retired"
"/radon-mitigation-cost/nebraska/burt-county","GONE_410","","modeled local cost surface retired"
"/radon-mitigation-cost/nebraska/butler-county","GONE_410","","modeled local cost surface retired"
"/radon-mitigation-cost/nebraska/cass-county","GONE_410","","modeled local cost surface retired"
"/radon-mitigation-cost/nebraska/cedar-county","GONE_410","","modeled local cost surface retired"
"/radon-mitigation-cost/nebraska/chase-county","GONE_410","","modeled local cost surface retired"
"/radon-mitigation-cost/nebraska/cherry-county","GONE_410","","modeled local cost surface retired"
"/radon-mitigation-cost/nebraska/cheyenne-county","GONE_410","","modeled local cost surface retired"
"/radon-mitigation-cost/nebraska/clay-county","GONE_410","","modeled local cost surface retired"
"/radon-mitigation-cost/nebraska/colfax-county","GONE_410","","modeled local cost surface retired"
"/radon-mitigation-cost/nebraska/cuming-county","GONE_410","","modeled local cost surface retired"
"/radon-mitigation-cost/nebraska/custer-county","GONE_410","","modeled local cost surface retired"
"/radon-mitigation-cost/nebraska/dakota-county","GONE_410","","modeled local cost surface retired"
"/radon-mitigation-cost/nebraska/dawes-county","GONE_410","","modeled local cost surface retired"
"/radon-mitigation-cost/nebraska/dawson-county","GONE_410","","modeled local cost surface retired"
"/radon-mitigation-cost/nebraska/deuel-county","GONE_410","","modeled local cost surface retired"
"/radon-mitigation-cost/nebraska/dixon-county","GONE_410","","modeled local cost surface retired"
"/radon-mitigation-cost/nebraska/dodge-county","GONE_410","","modeled local cost surface retired"
"/radon-mitigation-cost/nebraska/douglas-county","GONE_410","","modeled local cost surface retired"
"/radon-mitigation-cost/nebraska/dundy-county","GONE_410","","modeled local cost surface retired"
"/radon-mitigation-cost/nebraska/fillmore-county","GONE_410","","modeled local cost surface retired"
"/radon-mitigation-cost/nebraska/franklin-county","GONE_410","","modeled local cost surface retired"
"/radon-mitigation-cost/nebraska/frontier-county","GONE_410","","modeled local cost surface retired"
"/radon-mitigation-cost/nebraska/furnas-county","GONE_410","","modeled local cost surface retired"
"/radon-mitigation-cost/nebraska/gage-county","GONE_410","","modeled local cost surface retired"
"/radon-mitigation-cost/nebraska/garden-county","GONE_410","","modeled local cost surface retired"
"/radon-mitigation-cost/nebraska/garfield-county","GONE_410","","modeled local cost surface retired"
"/radon-mitigation-cost/nebraska/gosper-county","GONE_410","","modeled local cost surface retired"
"/radon-mitigation-cost/nebraska/grant-county","GONE_410","","modeled local cost surface retired"
"/radon-mitigation-cost/nebraska/greeley-county","GONE_410","","modeled local cost surface retired"
"/radon-mitigation-cost/nebraska/hall-county","GONE_410","","modeled local cost surface retired"
"/radon-mitigation-cost/nebraska/hamilton-county","GONE_410","","modeled local cost surface retired"
"/radon-mitigation-cost/nebraska/harlan-county","GONE_410","","modeled local cost surface retired"
"/radon-mitigation-cost/nebraska/hayes-county","GONE_410","","modeled local cost surface retired"
"/radon-mitigation-cost/nebraska/hitchcock-county","GONE_410","","modeled local cost surface retired"
"/radon-mitigation-cost/nebraska/holt-county","GONE_410","","modeled local cost surface retired"
"/radon-mitigation-cost/nebraska/hooker-county","GONE_410","","modeled local cost surface retired"
"/radon-mitigation-cost/nebraska/howard-county","GONE_410","","modeled local cost surface retired"
"/radon-mitigation-cost/nebraska/jefferson-county","GONE_410","","modeled local cost surface retired"
"/radon-mitigation-cost/nebraska/johnson-county","GONE_410","","modeled local cost surface retired"
"/radon-mitigation-cost/nebraska/kearney-county","GONE_410","","modeled local cost surface retired"
"/radon-mitigation-cost/nebraska/keith-county","GONE_410","","modeled local cost surface retired"
"/radon-mitigation-cost/nebraska/keya-paha-county","GONE_410","","modeled local cost surface retired"
"/radon-mitigation-cost/nebraska/kimball-county","GONE_410","","modeled local cost surface retired"
"/radon-mitigation-cost/nebraska/knox-county","GONE_410","","modeled local cost surface retired"
"/radon-mitigation-cost/nebraska/lancaster-county","GONE_410","","modeled local cost surface retired"
"/radon-mitigation-cost/nebraska/lincoln-county","GONE_410","","modeled local cost surface retired"
"/radon-mitigation-cost/nebraska/logan-county","GONE_410","","modeled local cost surface retired"
"/radon-mitigation-cost/nebraska/loup-county","GONE_410","","modeled local cost surface retired"
"/radon-mitigation-cost/nebraska/madison-county","GONE_410","","modeled local cost surface retired"
"/radon-mitigation-cost/nebraska/mcpherson-county","GONE_410","","modeled local cost surface retired"
"/radon-mitigation-cost/nebraska/merrick-county","GONE_410","","modeled local cost surface retired"
"/radon-mitigation-cost/nebraska/morrill-county","GONE_410","","modeled local cost surface retired"
"/radon-mitigation-cost/nebraska/nance-county","GONE_410","","modeled local cost surface retired"
"/radon-mitigation-cost/nebraska/nemaha-county","GONE_410","","modeled local cost surface retired"
"/radon-mitigation-cost/nebraska/nuckolls-county","GONE_410","","modeled local cost surface retired"
"/radon-mitigation-cost/nebraska/otoe-county","GONE_410","","modeled local cost surface retired"
"/radon-mitigation-cost/nebraska/pawnee-county","GONE_410","","modeled local cost surface retired"
"/radon-mitigation-cost/nebraska/perkins-county","GONE_410","","modeled local cost surface retired"
"/radon-mitigation-cost/nebraska/phelps-county","GONE_410","","modeled local cost surface retired"
"/radon-mitigation-cost/nebraska/pierce-county","GONE_410","","modeled local cost surface retired"
"/radon-mitigation-cost/nebraska/platte-county","GONE_410","","modeled local cost surface retired"
"/radon-mitigation-cost/nebraska/polk-county","GONE_410","","modeled local cost surface retired"
"/radon-mitigation-cost/nebraska/red-willow-county","GONE_410","","modeled local cost surface retired"
"/radon-mitigation-cost/nebraska/richardson-county","GONE_410","","modeled local cost surface retired"
"/radon-mitigation-cost/nebraska/rock-county","GONE_410","","modeled local cost surface retired"
"/radon-mitigation-cost/nebraska/saline-county","GONE_410","","modeled local cost surface retired"
"/radon-mitigation-cost/nebraska/sarpy-county","GONE_410","","modeled local cost surface retired"
"/radon-mitigation-cost/nebraska/saunders-county","GONE_410","","modeled local cost surface retired"
"/radon-mitigation-cost/nebraska/scotts-bluff-county","GONE_410","","modeled local cost surface retired"
"/radon-mitigation-cost/nebraska/seward-county","GONE_410","","modeled local cost surface retired"
"/radon-mitigation-cost/nebraska/sheridan-county","GONE_410","","modeled local cost surface retired"
"/radon-mitigation-cost/nebraska/sherman-county","GONE_410","","modeled local cost surface retired"
"/radon-mitigation-cost/nebraska/sioux-county","GONE_410","","modeled local cost surface retired"
"/radon-mitigation-cost/nebraska/stanton-county","GONE_410","","modeled local cost surface retired"
"/radon-mitigation-cost/nebraska/thayer-county","GONE_410","","modeled local cost surface retired"
"/radon-mitigation-cost/nebraska/thomas-county","GONE_410","","modeled local cost surface retired"
"/radon-mitigation-cost/nebraska/thurston-county","GONE_410","","modeled local cost surface retired"
"/radon-mitigation-cost/nebraska/valley-county","GONE_410","","modeled local cost surface retired"
"/radon-mitigation-cost/nebraska/washington-county","GONE_410","","modeled local cost surface retired"
"/radon-mitigation-cost/nebraska/wayne-county","GONE_410","","modeled local cost surface retired"
"/radon-mitigation-cost/nebraska/webster-county","GONE_410","","modeled local cost surface retired"
"/radon-mitigation-cost/nebraska/wheeler-county","GONE_410","","modeled local cost surface retired"
"/radon-mitigation-cost/nebraska/york-county","GONE_410","","modeled local cost surface retired"
"/radon-mitigation-cost/nevada","GONE_410","","modeled state cost hub retired"
"/radon-mitigation-cost/nevada/carson-city","GONE_410","","modeled local cost surface retired"
"/radon-mitigation-cost/nevada/churchill-county","GONE_410","","modeled local cost surface retired"
"/radon-mitigation-cost/nevada/clark-county","GONE_410","","modeled local cost surface retired"
"/radon-mitigation-cost/nevada/douglas-county","GONE_410","","modeled local cost surface retired"
"/radon-mitigation-cost/nevada/elko-county","GONE_410","","modeled local cost surface retired"
"/radon-mitigation-cost/nevada/esmeralda-county","GONE_410","","modeled local cost surface retired"
"/radon-mitigation-cost/nevada/eureka-county","GONE_410","","modeled local cost surface retired"
"/radon-mitigation-cost/nevada/humboldt-county","GONE_410","","modeled local cost surface retired"
"/radon-mitigation-cost/nevada/lander-county","GONE_410","","modeled local cost surface retired"
"/radon-mitigation-cost/nevada/lincoln-county","GONE_410","","modeled local cost surface retired"
"/radon-mitigation-cost/nevada/lyon-county","GONE_410","","modeled local cost surface retired"
"/radon-mitigation-cost/nevada/mineral-county","GONE_410","","modeled local cost surface retired"
"/radon-mitigation-cost/nevada/nye-county","GONE_410","","modeled local cost surface retired"
"/radon-mitigation-cost/nevada/pershing-county","GONE_410","","modeled local cost surface retired"
"/radon-mitigation-cost/nevada/storey-county","GONE_410","","modeled local cost surface retired"
"/radon-mitigation-cost/nevada/washoe-county","GONE_410","","modeled local cost surface retired"
"/radon-mitigation-cost/nevada/white-pine-county","GONE_410","","modeled local cost surface retired"
"/radon-mitigation-cost/new-hampshire","GONE_410","","modeled state cost hub retired"
"/radon-mitigation-cost/new-hampshire/belknap-county","GONE_410","","modeled local cost surface retired"
"/radon-mitigation-cost/new-hampshire/carroll-county","GONE_410","","modeled local cost surface retired"
"/radon-mitigation-cost/new-hampshire/cheshire-county","GONE_410","","modeled local cost surface retired"
"/radon-mitigation-cost/new-hampshire/coos-county","GONE_410","","modeled local cost surface retired"
"/radon-mitigation-cost/new-hampshire/grafton-county","GONE_410","","modeled local cost surface retired"
"/radon-mitigation-cost/new-hampshire/hillsborough-county","GONE_410","","modeled local cost surface retired"
"/radon-mitigation-cost/new-hampshire/merrimack-county","GONE_410","","modeled local cost surface retired"
"/radon-mitigation-cost/new-hampshire/rockingham-county","GONE_410","","modeled local cost surface retired"
"/radon-mitigation-cost/new-hampshire/strafford-county","GONE_410","","modeled local cost surface retired"
"/radon-mitigation-cost/new-hampshire/sullivan-county","GONE_410","","modeled local cost surface retired"
"/radon-mitigation-cost/new-jersey","GONE_410","","modeled state cost hub retired"
"/radon-mitigation-cost/new-jersey/atlantic-county","GONE_410","","modeled local cost surface retired"
"/radon-mitigation-cost/new-jersey/bergen-county","GONE_410","","modeled local cost surface retired"
"/radon-mitigation-cost/new-jersey/burlington-county","GONE_410","","modeled local cost surface retired"
"/radon-mitigation-cost/new-jersey/camden-county","GONE_410","","modeled local cost surface retired"
"/radon-mitigation-cost/new-jersey/cape-may-county","GONE_410","","modeled local cost surface retired"
"/radon-mitigation-cost/new-jersey/cumberland-county","GONE_410","","modeled local cost surface retired"
"/radon-mitigation-cost/new-jersey/essex-county","GONE_410","","modeled local cost surface retired"
"/radon-mitigation-cost/new-jersey/gloucester-county","GONE_410","","modeled local cost surface retired"
"/radon-mitigation-cost/new-jersey/hudson-county","GONE_410","","modeled local cost surface retired"
"/radon-mitigation-cost/new-jersey/hunterdon-county","GONE_410","","modeled local cost surface retired"
"/radon-mitigation-cost/new-jersey/mercer-county","GONE_410","","modeled local cost surface retired"
"/radon-mitigation-cost/new-jersey/middlesex-county","GONE_410","","modeled local cost surface retired"
"/radon-mitigation-cost/new-jersey/monmouth-county","GONE_410","","modeled local cost surface retired"
"/radon-mitigation-cost/new-jersey/morris-county","GONE_410","","modeled local cost surface retired"
"/radon-mitigation-cost/new-jersey/ocean-county","GONE_410","","modeled local cost surface retired"
"/radon-mitigation-cost/new-jersey/passaic-county","GONE_410","","modeled local cost surface retired"
"/radon-mitigation-cost/new-jersey/salem-county","GONE_410","","modeled local cost surface retired"
"/radon-mitigation-cost/new-jersey/somerset-county","GONE_410","","modeled local cost surface retired"
"/radon-mitigation-cost/new-jersey/sussex-county","GONE_410","","modeled local cost surface retired"
"/radon-mitigation-cost/new-jersey/union-county","GONE_410","","modeled local cost surface retired"
"/radon-mitigation-cost/new-jersey/warren-county","GONE_410","","modeled local cost surface retired"
"/radon-mitigation-cost/new-mexico","GONE_410","","modeled state cost hub retired"
"/radon-mitigation-cost/new-mexico/bernalillo-county","GONE_410","","modeled local cost surface retired"
"/radon-mitigation-cost/new-mexico/catron-county","GONE_410","","modeled local cost surface retired"
"/radon-mitigation-cost/new-mexico/chaves-county","GONE_410","","modeled local cost surface retired"
"/radon-mitigation-cost/new-mexico/cibola-county","GONE_410","","modeled local cost surface retired"
"/radon-mitigation-cost/new-mexico/colfax-county","GONE_410","","modeled local cost surface retired"
"/radon-mitigation-cost/new-mexico/curry-county","GONE_410","","modeled local cost surface retired"
"/radon-mitigation-cost/new-mexico/de-baca-county","GONE_410","","modeled local cost surface retired"
"/radon-mitigation-cost/new-mexico/dona-ana-county","GONE_410","","modeled local cost surface retired"
"/radon-mitigation-cost/new-mexico/eddy-county","GONE_410","","modeled local cost surface retired"
"/radon-mitigation-cost/new-mexico/grant-county","GONE_410","","modeled local cost surface retired"
"/radon-mitigation-cost/new-mexico/guadalupe-county","GONE_410","","modeled local cost surface retired"
"/radon-mitigation-cost/new-mexico/harding-county","GONE_410","","modeled local cost surface retired"
"/radon-mitigation-cost/new-mexico/hidalgo-county","GONE_410","","modeled local cost surface retired"
"/radon-mitigation-cost/new-mexico/lea-county","GONE_410","","modeled local cost surface retired"
"/radon-mitigation-cost/new-mexico/lincoln-county","GONE_410","","modeled local cost surface retired"
"/radon-mitigation-cost/new-mexico/los-alamos-county","GONE_410","","modeled local cost surface retired"
"/radon-mitigation-cost/new-mexico/luna-county","GONE_410","","modeled local cost surface retired"
"/radon-mitigation-cost/new-mexico/mckinley-county","GONE_410","","modeled local cost surface retired"
"/radon-mitigation-cost/new-mexico/mora-county","GONE_410","","modeled local cost surface retired"
"/radon-mitigation-cost/new-mexico/otero-county","GONE_410","","modeled local cost surface retired"
"/radon-mitigation-cost/new-mexico/quay-county","GONE_410","","modeled local cost surface retired"
"/radon-mitigation-cost/new-mexico/rio-arriba-county","GONE_410","","modeled local cost surface retired"
"/radon-mitigation-cost/new-mexico/roosevelt-county","GONE_410","","modeled local cost surface retired"
"/radon-mitigation-cost/new-mexico/san-juan-county","GONE_410","","modeled local cost surface retired"
"/radon-mitigation-cost/new-mexico/san-miguel-county","GONE_410","","modeled local cost surface retired"
"/radon-mitigation-cost/new-mexico/sandoval-county","GONE_410","","modeled local cost surface retired"
"/radon-mitigation-cost/new-mexico/santa-fe-county","GONE_410","","modeled local cost surface retired"
"/radon-mitigation-cost/new-mexico/sierra-county","GONE_410","","modeled local cost surface retired"
"/radon-mitigation-cost/new-mexico/socorro-county","GONE_410","","modeled local cost surface retired"
"/radon-mitigation-cost/new-mexico/taos-county","GONE_410","","modeled local cost surface retired"
"/radon-mitigation-cost/new-mexico/torrance-county","GONE_410","","modeled local cost surface retired"
"/radon-mitigation-cost/new-mexico/union-county","GONE_410","","modeled local cost surface retired"
"/radon-mitigation-cost/new-mexico/valencia-county","GONE_410","","modeled local cost surface retired"
"/radon-mitigation-cost/new-york","GONE_410","","modeled state cost hub retired"
"/radon-mitigation-cost/new-york/albany-county","GONE_410","","modeled local cost surface retired"
"/radon-mitigation-cost/new-york/allegany-county","GONE_410","","modeled local cost surface retired"
"/radon-mitigation-cost/new-york/bronx-county","GONE_410","","modeled local cost surface retired"
"/radon-mitigation-cost/new-york/broome-county","GONE_410","","modeled local cost surface retired"
"/radon-mitigation-cost/new-york/cattaraugus-county","GONE_410","","modeled local cost surface retired"
"/radon-mitigation-cost/new-york/cayuga-county","GONE_410","","modeled local cost surface retired"
"/radon-mitigation-cost/new-york/chautauqua-county","GONE_410","","modeled local cost surface retired"
"/radon-mitigation-cost/new-york/chemung-county","GONE_410","","modeled local cost surface retired"
"/radon-mitigation-cost/new-york/chenango-county","GONE_410","","modeled local cost surface retired"
"/radon-mitigation-cost/new-york/clinton-county","GONE_410","","modeled local cost surface retired"
"/radon-mitigation-cost/new-york/columbia-county","GONE_410","","modeled local cost surface retired"
"/radon-mitigation-cost/new-york/cortland-county","GONE_410","","modeled local cost surface retired"
"/radon-mitigation-cost/new-york/delaware-county","GONE_410","","modeled local cost surface retired"
"/radon-mitigation-cost/new-york/dutchess-county","GONE_410","","modeled local cost surface retired"
"/radon-mitigation-cost/new-york/erie-county","GONE_410","","modeled local cost surface retired"
"/radon-mitigation-cost/new-york/essex-county","GONE_410","","modeled local cost surface retired"
"/radon-mitigation-cost/new-york/franklin-county","GONE_410","","modeled local cost surface retired"
"/radon-mitigation-cost/new-york/fulton-county","GONE_410","","modeled local cost surface retired"
"/radon-mitigation-cost/new-york/genesee-county","GONE_410","","modeled local cost surface retired"
"/radon-mitigation-cost/new-york/greene-county","GONE_410","","modeled local cost surface retired"
"/radon-mitigation-cost/new-york/hamilton-county","GONE_410","","modeled local cost surface retired"
"/radon-mitigation-cost/new-york/herkimer-county","GONE_410","","modeled local cost surface retired"
"/radon-mitigation-cost/new-york/jefferson-county","GONE_410","","modeled local cost surface retired"
"/radon-mitigation-cost/new-york/kings-county","GONE_410","","modeled local cost surface retired"
"/radon-mitigation-cost/new-york/lewis-county","GONE_410","","modeled local cost surface retired"
"/radon-mitigation-cost/new-york/livingston-county","GONE_410","","modeled local cost surface retired"
"/radon-mitigation-cost/new-york/madison-county","GONE_410","","modeled local cost surface retired"
"/radon-mitigation-cost/new-york/monroe-county","GONE_410","","modeled local cost surface retired"
"/radon-mitigation-cost/new-york/montgomery-county","GONE_410","","modeled local cost surface retired"
"/radon-mitigation-cost/new-york/nassau-county","GONE_410","","modeled local cost surface retired"
"/radon-mitigation-cost/new-york/new-york-county","GONE_410","","modeled local cost surface retired"
"/radon-mitigation-cost/new-york/niagara-county","GONE_410","","modeled local cost surface retired"
"/radon-mitigation-cost/new-york/oneida-county","GONE_410","","modeled local cost surface retired"
"/radon-mitigation-cost/new-york/onondaga-county","GONE_410","","modeled local cost surface retired"
"/radon-mitigation-cost/new-york/ontario-county","GONE_410","","modeled local cost surface retired"
"/radon-mitigation-cost/new-york/orange-county","GONE_410","","modeled local cost surface retired"
"/radon-mitigation-cost/new-york/orleans-county","GONE_410","","modeled local cost surface retired"
"/radon-mitigation-cost/new-york/oswego-county","GONE_410","","modeled local cost surface retired"
"/radon-mitigation-cost/new-york/otsego-county","GONE_410","","modeled local cost surface retired"
"/radon-mitigation-cost/new-york/putnam-county","GONE_410","","modeled local cost surface retired"
"/radon-mitigation-cost/new-york/queens-county","GONE_410","","modeled local cost surface retired"
"/radon-mitigation-cost/new-york/rensselaer-county","GONE_410","","modeled local cost surface retired"
"/radon-mitigation-cost/new-york/richmond-county","GONE_410","","modeled local cost surface retired"
"/radon-mitigation-cost/new-york/rockland-county","GONE_410","","modeled local cost surface retired"
"/radon-mitigation-cost/new-york/saratoga-county","GONE_410","","modeled local cost surface retired"
"/radon-mitigation-cost/new-york/schenectady-county","GONE_410","","modeled local cost surface retired"
"/radon-mitigation-cost/new-york/schoharie-county","GONE_410","","modeled local cost surface retired"
"/radon-mitigation-cost/new-york/schuyler-county","GONE_410","","modeled local cost surface retired"
"/radon-mitigation-cost/new-york/seneca-county","GONE_410","","modeled local cost surface retired"
"/radon-mitigation-cost/new-york/st-lawrence-county","GONE_410","","modeled local cost surface retired"
"/radon-mitigation-cost/new-york/steuben-county","GONE_410","","modeled local cost surface retired"
"/radon-mitigation-cost/new-york/suffolk-county","GONE_410","","modeled local cost surface retired"
"/radon-mitigation-cost/new-york/sullivan-county","GONE_410","","modeled local cost surface retired"
"/radon-mitigation-cost/new-york/tioga-county","GONE_410","","modeled local cost surface retired"
"/radon-mitigation-cost/new-york/tompkins-county","GONE_410","","modeled local cost surface retired"
"/radon-mitigation-cost/new-york/ulster-county","GONE_410","","modeled local cost surface retired"
"/radon-mitigation-cost/new-york/warren-county","GONE_410","","modeled local cost surface retired"
"/radon-mitigation-cost/new-york/washington-county","GONE_410","","modeled local cost surface retired"
"/radon-mitigation-cost/new-york/wayne-county","GONE_410","","modeled local cost surface retired"
"/radon-mitigation-cost/new-york/westchester-county","GONE_410","","modeled local cost surface retired"
"/radon-mitigation-cost/new-york/wyoming-county","GONE_410","","modeled local cost surface retired"
"/radon-mitigation-cost/new-york/yates-county","GONE_410","","modeled local cost surface retired"
"/radon-mitigation-cost/north-carolina","GONE_410","","modeled state cost hub retired"
"/radon-mitigation-cost/north-carolina/alamance-county","GONE_410","","modeled local cost surface retired"
"/radon-mitigation-cost/north-carolina/alexander-county","GONE_410","","modeled local cost surface retired"
"/radon-mitigation-cost/north-carolina/alleghany-county","GONE_410","","modeled local cost surface retired"
"/radon-mitigation-cost/north-carolina/anson-county","GONE_410","","modeled local cost surface retired"
"/radon-mitigation-cost/north-carolina/ashe-county","GONE_410","","modeled local cost surface retired"
"/radon-mitigation-cost/north-carolina/avery-county","GONE_410","","modeled local cost surface retired"
"/radon-mitigation-cost/north-carolina/beaufort-county","GONE_410","","modeled local cost surface retired"
"/radon-mitigation-cost/north-carolina/bertie-county","GONE_410","","modeled local cost surface retired"
"/radon-mitigation-cost/north-carolina/bladen-county","GONE_410","","modeled local cost surface retired"
"/radon-mitigation-cost/north-carolina/brunswick-county","GONE_410","","modeled local cost surface retired"
"/radon-mitigation-cost/north-carolina/buncombe-county","GONE_410","","modeled local cost surface retired"
"/radon-mitigation-cost/north-carolina/burke-county","GONE_410","","modeled local cost surface retired"
"/radon-mitigation-cost/north-carolina/cabarrus-county","GONE_410","","modeled local cost surface retired"
"/radon-mitigation-cost/north-carolina/caldwell-county","GONE_410","","modeled local cost surface retired"
"/radon-mitigation-cost/north-carolina/camden-county","GONE_410","","modeled local cost surface retired"
"/radon-mitigation-cost/north-carolina/carteret-county","GONE_410","","modeled local cost surface retired"
"/radon-mitigation-cost/north-carolina/caswell-county","GONE_410","","modeled local cost surface retired"
"/radon-mitigation-cost/north-carolina/catawba-county","GONE_410","","modeled local cost surface retired"
"/radon-mitigation-cost/north-carolina/chatham-county","GONE_410","","modeled local cost surface retired"
"/radon-mitigation-cost/north-carolina/cherokee-county","GONE_410","","modeled local cost surface retired"
"/radon-mitigation-cost/north-carolina/chowan-county","GONE_410","","modeled local cost surface retired"
"/radon-mitigation-cost/north-carolina/clay-county","GONE_410","","modeled local cost surface retired"
"/radon-mitigation-cost/north-carolina/cleveland-county","GONE_410","","modeled local cost surface retired"
"/radon-mitigation-cost/north-carolina/columbus-county","GONE_410","","modeled local cost surface retired"
"/radon-mitigation-cost/north-carolina/craven-county","GONE_410","","modeled local cost surface retired"
"/radon-mitigation-cost/north-carolina/cumberland-county","GONE_410","","modeled local cost surface retired"
"/radon-mitigation-cost/north-carolina/currituck-county","GONE_410","","modeled local cost surface retired"
"/radon-mitigation-cost/north-carolina/dare-county","GONE_410","","modeled local cost surface retired"
"/radon-mitigation-cost/north-carolina/davidson-county","GONE_410","","modeled local cost surface retired"
"/radon-mitigation-cost/north-carolina/davie-county","GONE_410","","modeled local cost surface retired"
"/radon-mitigation-cost/north-carolina/duplin-county","GONE_410","","modeled local cost surface retired"
"/radon-mitigation-cost/north-carolina/durham-county","GONE_410","","modeled local cost surface retired"
"/radon-mitigation-cost/north-carolina/edgecombe-county","GONE_410","","modeled local cost surface retired"
"/radon-mitigation-cost/north-carolina/forsyth-county","GONE_410","","modeled local cost surface retired"
"/radon-mitigation-cost/north-carolina/franklin-county","GONE_410","","modeled local cost surface retired"
"/radon-mitigation-cost/north-carolina/gaston-county","GONE_410","","modeled local cost surface retired"
"/radon-mitigation-cost/north-carolina/gates-county","GONE_410","","modeled local cost surface retired"
"/radon-mitigation-cost/north-carolina/graham-county","GONE_410","","modeled local cost surface retired"
"/radon-mitigation-cost/north-carolina/granville-county","GONE_410","","modeled local cost surface retired"
"/radon-mitigation-cost/north-carolina/greene-county","GONE_410","","modeled local cost surface retired"
"/radon-mitigation-cost/north-carolina/guilford-county","GONE_410","","modeled local cost surface retired"
"/radon-mitigation-cost/north-carolina/halifax-county","GONE_410","","modeled local cost surface retired"
"/radon-mitigation-cost/north-carolina/harnett-county","GONE_410","","modeled local cost surface retired"
"/radon-mitigation-cost/north-carolina/haywood-county","GONE_410","","modeled local cost surface retired"
"/radon-mitigation-cost/north-carolina/henderson-county","GONE_410","","modeled local cost surface retired"
"/radon-mitigation-cost/north-carolina/hertford-county","GONE_410","","modeled local cost surface retired"
"/radon-mitigation-cost/north-carolina/hoke-county","GONE_410","","modeled local cost surface retired"
"/radon-mitigation-cost/north-carolina/hyde-county","GONE_410","","modeled local cost surface retired"
"/radon-mitigation-cost/north-carolina/iredell-county","GONE_410","","modeled local cost surface retired"
"/radon-mitigation-cost/north-carolina/jackson-county","GONE_410","","modeled local cost surface retired"
"/radon-mitigation-cost/north-carolina/johnston-county","GONE_410","","modeled local cost surface retired"
"/radon-mitigation-cost/north-carolina/jones-county","GONE_410","","modeled local cost surface retired"
"/radon-mitigation-cost/north-carolina/lee-county","GONE_410","","modeled local cost surface retired"
"/radon-mitigation-cost/north-carolina/lenoir-county","GONE_410","","modeled local cost surface retired"
"/radon-mitigation-cost/north-carolina/lincoln-county","GONE_410","","modeled local cost surface retired"
"/radon-mitigation-cost/north-carolina/macon-county","GONE_410","","modeled local cost surface retired"
"/radon-mitigation-cost/north-carolina/madison-county","GONE_410","","modeled local cost surface retired"
"/radon-mitigation-cost/north-carolina/martin-county","GONE_410","","modeled local cost surface retired"
"/radon-mitigation-cost/north-carolina/mcdowell-county","GONE_410","","modeled local cost surface retired"
"/radon-mitigation-cost/north-carolina/mecklenburg-county","GONE_410","","modeled local cost surface retired"
"/radon-mitigation-cost/north-carolina/mitchell-county","GONE_410","","modeled local cost surface retired"
"/radon-mitigation-cost/north-carolina/montgomery-county","GONE_410","","modeled local cost surface retired"
"/radon-mitigation-cost/north-carolina/moore-county","GONE_410","","modeled local cost surface retired"
"/radon-mitigation-cost/north-carolina/nash-county","GONE_410","","modeled local cost surface retired"
"/radon-mitigation-cost/north-carolina/new-hanover-county","GONE_410","","modeled local cost surface retired"
"/radon-mitigation-cost/north-carolina/northampton-county","GONE_410","","modeled local cost surface retired"
"/radon-mitigation-cost/north-carolina/onslow-county","GONE_410","","modeled local cost surface retired"
"/radon-mitigation-cost/north-carolina/orange-county","GONE_410","","modeled local cost surface retired"
"/radon-mitigation-cost/north-carolina/pamlico-county","GONE_410","","modeled local cost surface retired"
"/radon-mitigation-cost/north-carolina/pasquotank-county","GONE_410","","modeled local cost surface retired"
"/radon-mitigation-cost/north-carolina/pender-county","GONE_410","","modeled local cost surface retired"
"/radon-mitigation-cost/north-carolina/perquimans-county","GONE_410","","modeled local cost surface retired"
"/radon-mitigation-cost/north-carolina/person-county","GONE_410","","modeled local cost surface retired"
"/radon-mitigation-cost/north-carolina/pitt-county","GONE_410","","modeled local cost surface retired"
"/radon-mitigation-cost/north-carolina/polk-county","GONE_410","","modeled local cost surface retired"
"/radon-mitigation-cost/north-carolina/randolph-county","GONE_410","","modeled local cost surface retired"
"/radon-mitigation-cost/north-carolina/richmond-county","GONE_410","","modeled local cost surface retired"
"/radon-mitigation-cost/north-carolina/robeson-county","GONE_410","","modeled local cost surface retired"
"/radon-mitigation-cost/north-carolina/rockingham-county","GONE_410","","modeled local cost surface retired"
"/radon-mitigation-cost/north-carolina/rowan-county","GONE_410","","modeled local cost surface retired"
"/radon-mitigation-cost/north-carolina/rutherford-county","GONE_410","","modeled local cost surface retired"
"/radon-mitigation-cost/north-carolina/sampson-county","GONE_410","","modeled local cost surface retired"
"/radon-mitigation-cost/north-carolina/scotland-county","GONE_410","","modeled local cost surface retired"
"/radon-mitigation-cost/north-carolina/stanly-county","GONE_410","","modeled local cost surface retired"
"/radon-mitigation-cost/north-carolina/stokes-county","GONE_410","","modeled local cost surface retired"
"/radon-mitigation-cost/north-carolina/surry-county","GONE_410","","modeled local cost surface retired"
"/radon-mitigation-cost/north-carolina/swain-county","GONE_410","","modeled local cost surface retired"
"/radon-mitigation-cost/north-carolina/transylvania-county","GONE_410","","modeled local cost surface retired"
"/radon-mitigation-cost/north-carolina/tyrrell-county","GONE_410","","modeled local cost surface retired"
"/radon-mitigation-cost/north-carolina/union-county","GONE_410","","modeled local cost surface retired"
"/radon-mitigation-cost/north-carolina/vance-county","GONE_410","","modeled local cost surface retired"
"/radon-mitigation-cost/north-carolina/wake-county","GONE_410","","modeled local cost surface retired"
"/radon-mitigation-cost/north-carolina/warren-county","GONE_410","","modeled local cost surface retired"
"/radon-mitigation-cost/north-carolina/washington-county","GONE_410","","modeled local cost surface retired"
"/radon-mitigation-cost/north-carolina/watauga-county","GONE_410","","modeled local cost surface retired"
"/radon-mitigation-cost/north-carolina/wayne-county","GONE_410","","modeled local cost surface retired"
"/radon-mitigation-cost/north-carolina/wilkes-county","GONE_410","","modeled local cost surface retired"
"/radon-mitigation-cost/north-carolina/wilson-county","GONE_410","","modeled local cost surface retired"
"/radon-mitigation-cost/north-carolina/yadkin-county","GONE_410","","modeled local cost surface retired"
"/radon-mitigation-cost/north-carolina/yancey-county","GONE_410","","modeled local cost surface retired"
"/radon-mitigation-cost/north-dakota","GONE_410","","modeled state cost hub retired"
"/radon-mitigation-cost/north-dakota/adams-county","GONE_410","","modeled local cost surface retired"
"/radon-mitigation-cost/north-dakota/barnes-county","GONE_410","","modeled local cost surface retired"
"/radon-mitigation-cost/north-dakota/benson-county","GONE_410","","modeled local cost surface retired"
"/radon-mitigation-cost/north-dakota/billings-county","GONE_410","","modeled local cost surface retired"
"/radon-mitigation-cost/north-dakota/bottineau-county","GONE_410","","modeled local cost surface retired"
"/radon-mitigation-cost/north-dakota/bowman-county","GONE_410","","modeled local cost surface retired"
"/radon-mitigation-cost/north-dakota/burke-county","GONE_410","","modeled local cost surface retired"
"/radon-mitigation-cost/north-dakota/burleigh-county","GONE_410","","modeled local cost surface retired"
"/radon-mitigation-cost/north-dakota/cass-county","GONE_410","","modeled local cost surface retired"
"/radon-mitigation-cost/north-dakota/cavalier-county","GONE_410","","modeled local cost surface retired"
"/radon-mitigation-cost/north-dakota/dickey-county","GONE_410","","modeled local cost surface retired"
"/radon-mitigation-cost/north-dakota/divide-county","GONE_410","","modeled local cost surface retired"
"/radon-mitigation-cost/north-dakota/dunn-county","GONE_410","","modeled local cost surface retired"
"/radon-mitigation-cost/north-dakota/eddy-county","GONE_410","","modeled local cost surface retired"
"/radon-mitigation-cost/north-dakota/emmons-county","GONE_410","","modeled local cost surface retired"
"/radon-mitigation-cost/north-dakota/foster-county","GONE_410","","modeled local cost surface retired"
"/radon-mitigation-cost/north-dakota/golden-valley-county","GONE_410","","modeled local cost surface retired"
"/radon-mitigation-cost/north-dakota/grand-forks-county","GONE_410","","modeled local cost surface retired"
"/radon-mitigation-cost/north-dakota/grant-county","GONE_410","","modeled local cost surface retired"
"/radon-mitigation-cost/north-dakota/griggs-county","GONE_410","","modeled local cost surface retired"
"/radon-mitigation-cost/north-dakota/hettinger-county","GONE_410","","modeled local cost surface retired"
"/radon-mitigation-cost/north-dakota/kidder-county","GONE_410","","modeled local cost surface retired"
"/radon-mitigation-cost/north-dakota/lamoure-county","GONE_410","","modeled local cost surface retired"
"/radon-mitigation-cost/north-dakota/logan-county","GONE_410","","modeled local cost surface retired"
"/radon-mitigation-cost/north-dakota/mchenry-county","GONE_410","","modeled local cost surface retired"
"/radon-mitigation-cost/north-dakota/mcintosh-county","GONE_410","","modeled local cost surface retired"
"/radon-mitigation-cost/north-dakota/mckenzie-county","GONE_410","","modeled local cost surface retired"
"/radon-mitigation-cost/north-dakota/mclean-county","GONE_410","","modeled local cost surface retired"
"/radon-mitigation-cost/north-dakota/mercer-county","GONE_410","","modeled local cost surface retired"
"/radon-mitigation-cost/north-dakota/morton-county","GONE_410","","modeled local cost surface retired"
"/radon-mitigation-cost/north-dakota/mountrail-county","GONE_410","","modeled local cost surface retired"
"/radon-mitigation-cost/north-dakota/nelson-county","GONE_410","","modeled local cost surface retired"
"/radon-mitigation-cost/north-dakota/oliver-county","GONE_410","","modeled local cost surface retired"
"/radon-mitigation-cost/north-dakota/pembina-county","GONE_410","","modeled local cost surface retired"
"/radon-mitigation-cost/north-dakota/pierce-county","GONE_410","","modeled local cost surface retired"
"/radon-mitigation-cost/north-dakota/ramsey-county","GONE_410","","modeled local cost surface retired"
"/radon-mitigation-cost/north-dakota/ransom-county","GONE_410","","modeled local cost surface retired"
"/radon-mitigation-cost/north-dakota/renville-county","GONE_410","","modeled local cost surface retired"
"/radon-mitigation-cost/north-dakota/richland-county","GONE_410","","modeled local cost surface retired"
"/radon-mitigation-cost/north-dakota/rolette-county","GONE_410","","modeled local cost surface retired"
"/radon-mitigation-cost/north-dakota/sargent-county","GONE_410","","modeled local cost surface retired"
"/radon-mitigation-cost/north-dakota/sheridan-county","GONE_410","","modeled local cost surface retired"
"/radon-mitigation-cost/north-dakota/sioux-county","GONE_410","","modeled local cost surface retired"
"/radon-mitigation-cost/north-dakota/slope-county","GONE_410","","modeled local cost surface retired"
"/radon-mitigation-cost/north-dakota/stark-county","GONE_410","","modeled local cost surface retired"
"/radon-mitigation-cost/north-dakota/steele-county","GONE_410","","modeled local cost surface retired"
"/radon-mitigation-cost/north-dakota/stutsman-county","GONE_410","","modeled local cost surface retired"
"/radon-mitigation-cost/north-dakota/towner-county","GONE_410","","modeled local cost surface retired"
"/radon-mitigation-cost/north-dakota/traill-county","GONE_410","","modeled local cost surface retired"
"/radon-mitigation-cost/north-dakota/walsh-county","GONE_410","","modeled local cost surface retired"
"/radon-mitigation-cost/north-dakota/ward-county","GONE_410","","modeled local cost surface retired"
"/radon-mitigation-cost/north-dakota/wells-county","GONE_410","","modeled local cost surface retired"
"/radon-mitigation-cost/north-dakota/williams-county","GONE_410","","modeled local cost surface retired"
"/radon-mitigation-cost/northern-mariana-islands","GONE_410","","modeled state cost hub retired"
"/radon-mitigation-cost/northern-mariana-islands/northern-islands-municipality","GONE_410","","modeled local cost surface retired"
"/radon-mitigation-cost/northern-mariana-islands/rota-municipality","GONE_410","","modeled local cost surface retired"
"/radon-mitigation-cost/northern-mariana-islands/saipan-municipality","GONE_410","","modeled local cost surface retired"
"/radon-mitigation-cost/northern-mariana-islands/tinian-municipality","GONE_410","","modeled local cost surface retired"
"/radon-mitigation-cost/ohio","GONE_410","","modeled state cost hub retired"
"/radon-mitigation-cost/ohio/adams-county","GONE_410","","modeled local cost surface retired"
"/radon-mitigation-cost/ohio/allen-county","GONE_410","","modeled local cost surface retired"
"/radon-mitigation-cost/ohio/ashland-county","GONE_410","","modeled local cost surface retired"
"/radon-mitigation-cost/ohio/ashtabula-county","GONE_410","","modeled local cost surface retired"
"/radon-mitigation-cost/ohio/athens-county","GONE_410","","modeled local cost surface retired"
"/radon-mitigation-cost/ohio/auglaize-county","GONE_410","","modeled local cost surface retired"
"/radon-mitigation-cost/ohio/belmont-county","GONE_410","","modeled local cost surface retired"
"/radon-mitigation-cost/ohio/brown-county","GONE_410","","modeled local cost surface retired"
"/radon-mitigation-cost/ohio/butler-county","GONE_410","","modeled local cost surface retired"
"/radon-mitigation-cost/ohio/carroll-county","GONE_410","","modeled local cost surface retired"
"/radon-mitigation-cost/ohio/champaign-county","GONE_410","","modeled local cost surface retired"
"/radon-mitigation-cost/ohio/clark-county","GONE_410","","modeled local cost surface retired"
"/radon-mitigation-cost/ohio/clermont-county","GONE_410","","modeled local cost surface retired"
"/radon-mitigation-cost/ohio/clinton-county","GONE_410","","modeled local cost surface retired"
"/radon-mitigation-cost/ohio/columbiana-county","GONE_410","","modeled local cost surface retired"
"/radon-mitigation-cost/ohio/coshocton-county","GONE_410","","modeled local cost surface retired"
"/radon-mitigation-cost/ohio/crawford-county","GONE_410","","modeled local cost surface retired"
"/radon-mitigation-cost/ohio/cuyahoga-county","GONE_410","","modeled local cost surface retired"
"/radon-mitigation-cost/ohio/darke-county","GONE_410","","modeled local cost surface retired"
"/radon-mitigation-cost/ohio/defiance-county","GONE_410","","modeled local cost surface retired"
"/radon-mitigation-cost/ohio/delaware-county","GONE_410","","modeled local cost surface retired"
"/radon-mitigation-cost/ohio/erie-county","GONE_410","","modeled local cost surface retired"
"/radon-mitigation-cost/ohio/fairfield-county","GONE_410","","modeled local cost surface retired"
"/radon-mitigation-cost/ohio/fayette-county","GONE_410","","modeled local cost surface retired"
"/radon-mitigation-cost/ohio/franklin-county","GONE_410","","modeled local cost surface retired"
"/radon-mitigation-cost/ohio/fulton-county","GONE_410","","modeled local cost surface retired"
"/radon-mitigation-cost/ohio/gallia-county","GONE_410","","modeled local cost surface retired"
"/radon-mitigation-cost/ohio/geauga-county","GONE_410","","modeled local cost surface retired"
"/radon-mitigation-cost/ohio/greene-county","GONE_410","","modeled local cost surface retired"
"/radon-mitigation-cost/ohio/guernsey-county","GONE_410","","modeled local cost surface retired"
"/radon-mitigation-cost/ohio/hamilton-county","GONE_410","","modeled local cost surface retired"
"/radon-mitigation-cost/ohio/hancock-county","GONE_410","","modeled local cost surface retired"
"/radon-mitigation-cost/ohio/hardin-county","GONE_410","","modeled local cost surface retired"
"/radon-mitigation-cost/ohio/harrison-county","GONE_410","","modeled local cost surface retired"
"/radon-mitigation-cost/ohio/henry-county","GONE_410","","modeled local cost surface retired"
"/radon-mitigation-cost/ohio/highland-county","GONE_410","","modeled local cost surface retired"
"/radon-mitigation-cost/ohio/hocking-county","GONE_410","","modeled local cost surface retired"
"/radon-mitigation-cost/ohio/holmes-county","GONE_410","","modeled local cost surface retired"
"/radon-mitigation-cost/ohio/huron-county","GONE_410","","modeled local cost surface retired"
"/radon-mitigation-cost/ohio/jackson-county","GONE_410","","modeled local cost surface retired"
"/radon-mitigation-cost/ohio/jefferson-county","GONE_410","","modeled local cost surface retired"
"/radon-mitigation-cost/ohio/knox-county","GONE_410","","modeled local cost surface retired"
"/radon-mitigation-cost/ohio/lake-county","GONE_410","","modeled local cost surface retired"
"/radon-mitigation-cost/ohio/lawrence-county","GONE_410","","modeled local cost surface retired"
"/radon-mitigation-cost/ohio/licking-county","GONE_410","","modeled local cost surface retired"
"/radon-mitigation-cost/ohio/logan-county","GONE_410","","modeled local cost surface retired"
"/radon-mitigation-cost/ohio/lorain-county","GONE_410","","modeled local cost surface retired"
"/radon-mitigation-cost/ohio/lucas-county","GONE_410","","modeled local cost surface retired"
"/radon-mitigation-cost/ohio/madison-county","GONE_410","","modeled local cost surface retired"
"/radon-mitigation-cost/ohio/mahoning-county","GONE_410","","modeled local cost surface retired"
"/radon-mitigation-cost/ohio/marion-county","GONE_410","","modeled local cost surface retired"
"/radon-mitigation-cost/ohio/medina-county","GONE_410","","modeled local cost surface retired"
"/radon-mitigation-cost/ohio/meigs-county","GONE_410","","modeled local cost surface retired"
"/radon-mitigation-cost/ohio/mercer-county","GONE_410","","modeled local cost surface retired"
"/radon-mitigation-cost/ohio/miami-county","GONE_410","","modeled local cost surface retired"
"/radon-mitigation-cost/ohio/monroe-county","GONE_410","","modeled local cost surface retired"
"/radon-mitigation-cost/ohio/montgomery-county","GONE_410","","modeled local cost surface retired"
"/radon-mitigation-cost/ohio/morgan-county","GONE_410","","modeled local cost surface retired"
"/radon-mitigation-cost/ohio/morrow-county","GONE_410","","modeled local cost surface retired"
"/radon-mitigation-cost/ohio/muskingum-county","GONE_410","","modeled local cost surface retired"
"/radon-mitigation-cost/ohio/noble-county","GONE_410","","modeled local cost surface retired"
"/radon-mitigation-cost/ohio/ottawa-county","GONE_410","","modeled local cost surface retired"
"/radon-mitigation-cost/ohio/paulding-county","GONE_410","","modeled local cost surface retired"
"/radon-mitigation-cost/ohio/perry-county","GONE_410","","modeled local cost surface retired"
"/radon-mitigation-cost/ohio/pickaway-county","GONE_410","","modeled local cost surface retired"
"/radon-mitigation-cost/ohio/pike-county","GONE_410","","modeled local cost surface retired"
"/radon-mitigation-cost/ohio/portage-county","GONE_410","","modeled local cost surface retired"
"/radon-mitigation-cost/ohio/preble-county","GONE_410","","modeled local cost surface retired"
"/radon-mitigation-cost/ohio/putnam-county","GONE_410","","modeled local cost surface retired"
"/radon-mitigation-cost/ohio/richland-county","GONE_410","","modeled local cost surface retired"
"/radon-mitigation-cost/ohio/ross-county","GONE_410","","modeled local cost surface retired"
"/radon-mitigation-cost/ohio/sandusky-county","GONE_410","","modeled local cost surface retired"
"/radon-mitigation-cost/ohio/scioto-county","GONE_410","","modeled local cost surface retired"
"/radon-mitigation-cost/ohio/seneca-county","GONE_410","","modeled local cost surface retired"
"/radon-mitigation-cost/ohio/shelby-county","GONE_410","","modeled local cost surface retired"
"/radon-mitigation-cost/ohio/stark-county","GONE_410","","modeled local cost surface retired"
"/radon-mitigation-cost/ohio/summit-county","GONE_410","","modeled local cost surface retired"
"/radon-mitigation-cost/ohio/trumbull-county","GONE_410","","modeled local cost surface retired"
"/radon-mitigation-cost/ohio/tuscarawas-county","GONE_410","","modeled local cost surface retired"
"/radon-mitigation-cost/ohio/union-county","GONE_410","","modeled local cost surface retired"
"/radon-mitigation-cost/ohio/van-wert-county","GONE_410","","modeled local cost surface retired"
"/radon-mitigation-cost/ohio/vinton-county","GONE_410","","modeled local cost surface retired"
"/radon-mitigation-cost/ohio/warren-county","GONE_410","","modeled local cost surface retired"
"/radon-mitigation-cost/ohio/washington-county","GONE_410","","modeled local cost surface retired"
"/radon-mitigation-cost/ohio/wayne-county","GONE_410","","modeled local cost surface retired"
"/radon-mitigation-cost/ohio/williams-county","GONE_410","","modeled local cost surface retired"
"/radon-mitigation-cost/ohio/wood-county","GONE_410","","modeled local cost surface retired"
"/radon-mitigation-cost/ohio/wyandot-county","GONE_410","","modeled local cost surface retired"
"/radon-mitigation-cost/oklahoma","GONE_410","","modeled state cost hub retired"
"/radon-mitigation-cost/oklahoma/adair-county","GONE_410","","modeled local cost surface retired"
"/radon-mitigation-cost/oklahoma/alfalfa-county","GONE_410","","modeled local cost surface retired"
"/radon-mitigation-cost/oklahoma/atoka-county","GONE_410","","modeled local cost surface retired"
"/radon-mitigation-cost/oklahoma/beaver-county","GONE_410","","modeled local cost surface retired"
"/radon-mitigation-cost/oklahoma/beckham-county","GONE_410","","modeled local cost surface retired"
"/radon-mitigation-cost/oklahoma/blaine-county","GONE_410","","modeled local cost surface retired"
"/radon-mitigation-cost/oklahoma/bryan-county","GONE_410","","modeled local cost surface retired"
"/radon-mitigation-cost/oklahoma/caddo-county","GONE_410","","modeled local cost surface retired"
"/radon-mitigation-cost/oklahoma/canadian-county","GONE_410","","modeled local cost surface retired"
"/radon-mitigation-cost/oklahoma/carter-county","GONE_410","","modeled local cost surface retired"
"/radon-mitigation-cost/oklahoma/cherokee-county","GONE_410","","modeled local cost surface retired"
"/radon-mitigation-cost/oklahoma/choctaw-county","GONE_410","","modeled local cost surface retired"
"/radon-mitigation-cost/oklahoma/cimarron-county","GONE_410","","modeled local cost surface retired"
"/radon-mitigation-cost/oklahoma/cleveland-county","GONE_410","","modeled local cost surface retired"
"/radon-mitigation-cost/oklahoma/coal-county","GONE_410","","modeled local cost surface retired"
"/radon-mitigation-cost/oklahoma/comanche-county","GONE_410","","modeled local cost surface retired"
"/radon-mitigation-cost/oklahoma/cotton-county","GONE_410","","modeled local cost surface retired"
"/radon-mitigation-cost/oklahoma/craig-county","GONE_410","","modeled local cost surface retired"
"/radon-mitigation-cost/oklahoma/creek-county","GONE_410","","modeled local cost surface retired"
"/radon-mitigation-cost/oklahoma/custer-county","GONE_410","","modeled local cost surface retired"
"/radon-mitigation-cost/oklahoma/delaware-county","GONE_410","","modeled local cost surface retired"
"/radon-mitigation-cost/oklahoma/dewey-county","GONE_410","","modeled local cost surface retired"
"/radon-mitigation-cost/oklahoma/ellis-county","GONE_410","","modeled local cost surface retired"
"/radon-mitigation-cost/oklahoma/garfield-county","GONE_410","","modeled local cost surface retired"
"/radon-mitigation-cost/oklahoma/garvin-county","GONE_410","","modeled local cost surface retired"
"/radon-mitigation-cost/oklahoma/grady-county","GONE_410","","modeled local cost surface retired"
"/radon-mitigation-cost/oklahoma/grant-county","GONE_410","","modeled local cost surface retired"
"/radon-mitigation-cost/oklahoma/greer-county","GONE_410","","modeled local cost surface retired"
"/radon-mitigation-cost/oklahoma/harmon-county","GONE_410","","modeled local cost surface retired"
"/radon-mitigation-cost/oklahoma/harper-county","GONE_410","","modeled local cost surface retired"
"/radon-mitigation-cost/oklahoma/haskell-county","GONE_410","","modeled local cost surface retired"
"/radon-mitigation-cost/oklahoma/hughes-county","GONE_410","","modeled local cost surface retired"
"/radon-mitigation-cost/oklahoma/jackson-county","GONE_410","","modeled local cost surface retired"
"/radon-mitigation-cost/oklahoma/jefferson-county","GONE_410","","modeled local cost surface retired"
"/radon-mitigation-cost/oklahoma/johnston-county","GONE_410","","modeled local cost surface retired"
"/radon-mitigation-cost/oklahoma/kay-county","GONE_410","","modeled local cost surface retired"
"/radon-mitigation-cost/oklahoma/kingfisher-county","GONE_410","","modeled local cost surface retired"
"/radon-mitigation-cost/oklahoma/kiowa-county","GONE_410","","modeled local cost surface retired"
"/radon-mitigation-cost/oklahoma/latimer-county","GONE_410","","modeled local cost surface retired"
"/radon-mitigation-cost/oklahoma/le-flore-county","GONE_410","","modeled local cost surface retired"
"/radon-mitigation-cost/oklahoma/lincoln-county","GONE_410","","modeled local cost surface retired"
"/radon-mitigation-cost/oklahoma/logan-county","GONE_410","","modeled local cost surface retired"
"/radon-mitigation-cost/oklahoma/love-county","GONE_410","","modeled local cost surface retired"
"/radon-mitigation-cost/oklahoma/major-county","GONE_410","","modeled local cost surface retired"
"/radon-mitigation-cost/oklahoma/marshall-county","GONE_410","","modeled local cost surface retired"
"/radon-mitigation-cost/oklahoma/mayes-county","GONE_410","","modeled local cost surface retired"
"/radon-mitigation-cost/oklahoma/mcclain-county","GONE_410","","modeled local cost surface retired"
"/radon-mitigation-cost/oklahoma/mccurtain-county","GONE_410","","modeled local cost surface retired"
"/radon-mitigation-cost/oklahoma/mcintosh-county","GONE_410","","modeled local cost surface retired"
"/radon-mitigation-cost/oklahoma/murray-county","GONE_410","","modeled local cost surface retired"
"/radon-mitigation-cost/oklahoma/muskogee-county","GONE_410","","modeled local cost surface retired"
"/radon-mitigation-cost/oklahoma/noble-county","GONE_410","","modeled local cost surface retired"
"/radon-mitigation-cost/oklahoma/nowata-county","GONE_410","","modeled local cost surface retired"
"/radon-mitigation-cost/oklahoma/okfuskee-county","GONE_410","","modeled local cost surface retired"
"/radon-mitigation-cost/oklahoma/oklahoma-county","GONE_410","","modeled local cost surface retired"
"/radon-mitigation-cost/oklahoma/okmulgee-county","GONE_410","","modeled local cost surface retired"
"/radon-mitigation-cost/oklahoma/osage-county","GONE_410","","modeled local cost surface retired"
"/radon-mitigation-cost/oklahoma/ottawa-county","GONE_410","","modeled local cost surface retired"
"/radon-mitigation-cost/oklahoma/pawnee-county","GONE_410","","modeled local cost surface retired"
"/radon-mitigation-cost/oklahoma/payne-county","GONE_410","","modeled local cost surface retired"
"/radon-mitigation-cost/oklahoma/pittsburg-county","GONE_410","","modeled local cost surface retired"
"/radon-mitigation-cost/oklahoma/pontotoc-county","GONE_410","","modeled local cost surface retired"
"/radon-mitigation-cost/oklahoma/pottawatomie-county","GONE_410","","modeled local cost surface retired"
"/radon-mitigation-cost/oklahoma/pushmataha-county","GONE_410","","modeled local cost surface retired"
"/radon-mitigation-cost/oklahoma/roger-mills-county","GONE_410","","modeled local cost surface retired"
"/radon-mitigation-cost/oklahoma/rogers-county","GONE_410","","modeled local cost surface retired"
"/radon-mitigation-cost/oklahoma/seminole-county","GONE_410","","modeled local cost surface retired"
"/radon-mitigation-cost/oklahoma/sequoyah-county","GONE_410","","modeled local cost surface retired"
"/radon-mitigation-cost/oklahoma/stephens-county","GONE_410","","modeled local cost surface retired"
"/radon-mitigation-cost/oklahoma/texas-county","GONE_410","","modeled local cost surface retired"
"/radon-mitigation-cost/oklahoma/tillman-county","GONE_410","","modeled local cost surface retired"
"/radon-mitigation-cost/oklahoma/tulsa-county","GONE_410","","modeled local cost surface retired"
"/radon-mitigation-cost/oklahoma/wagoner-county","GONE_410","","modeled local cost surface retired"
"/radon-mitigation-cost/oklahoma/washington-county","GONE_410","","modeled local cost surface retired"
"/radon-mitigation-cost/oklahoma/washita-county","GONE_410","","modeled local cost surface retired"
"/radon-mitigation-cost/oklahoma/woods-county","GONE_410","","modeled local cost surface retired"
"/radon-mitigation-cost/oklahoma/woodward-county","GONE_410","","modeled local cost surface retired"
"/radon-mitigation-cost/oregon","GONE_410","","modeled state cost hub retired"
"/radon-mitigation-cost/oregon/baker-county","GONE_410","","modeled local cost surface retired"
"/radon-mitigation-cost/oregon/benton-county","GONE_410","","modeled local cost surface retired"
"/radon-mitigation-cost/oregon/clackamas-county","GONE_410","","modeled local cost surface retired"
"/radon-mitigation-cost/oregon/clatsop-county","GONE_410","","modeled local cost surface retired"
"/radon-mitigation-cost/oregon/columbia-county","GONE_410","","modeled local cost surface retired"
"/radon-mitigation-cost/oregon/coos-county","GONE_410","","modeled local cost surface retired"
"/radon-mitigation-cost/oregon/crook-county","GONE_410","","modeled local cost surface retired"
"/radon-mitigation-cost/oregon/curry-county","GONE_410","","modeled local cost surface retired"
"/radon-mitigation-cost/oregon/deschutes-county","GONE_410","","modeled local cost surface retired"
"/radon-mitigation-cost/oregon/douglas-county","GONE_410","","modeled local cost surface retired"
"/radon-mitigation-cost/oregon/gilliam-county","GONE_410","","modeled local cost surface retired"
"/radon-mitigation-cost/oregon/grant-county","GONE_410","","modeled local cost surface retired"
"/radon-mitigation-cost/oregon/harney-county","GONE_410","","modeled local cost surface retired"
"/radon-mitigation-cost/oregon/hood-river-county","GONE_410","","modeled local cost surface retired"
"/radon-mitigation-cost/oregon/jackson-county","GONE_410","","modeled local cost surface retired"
"/radon-mitigation-cost/oregon/jefferson-county","GONE_410","","modeled local cost surface retired"
"/radon-mitigation-cost/oregon/josephine-county","GONE_410","","modeled local cost surface retired"
"/radon-mitigation-cost/oregon/klamath-county","GONE_410","","modeled local cost surface retired"
"/radon-mitigation-cost/oregon/lake-county","GONE_410","","modeled local cost surface retired"
"/radon-mitigation-cost/oregon/lane-county","GONE_410","","modeled local cost surface retired"
"/radon-mitigation-cost/oregon/lincoln-county","GONE_410","","modeled local cost surface retired"
"/radon-mitigation-cost/oregon/linn-county","GONE_410","","modeled local cost surface retired"
"/radon-mitigation-cost/oregon/malheur-county","GONE_410","","modeled local cost surface retired"
"/radon-mitigation-cost/oregon/marion-county","GONE_410","","modeled local cost surface retired"
"/radon-mitigation-cost/oregon/morrow-county","GONE_410","","modeled local cost surface retired"
"/radon-mitigation-cost/oregon/multnomah-county","GONE_410","","modeled local cost surface retired"
"/radon-mitigation-cost/oregon/polk-county","GONE_410","","modeled local cost surface retired"
"/radon-mitigation-cost/oregon/sherman-county","GONE_410","","modeled local cost surface retired"
"/radon-mitigation-cost/oregon/tillamook-county","GONE_410","","modeled local cost surface retired"
"/radon-mitigation-cost/oregon/umatilla-county","GONE_410","","modeled local cost surface retired"
"/radon-mitigation-cost/oregon/union-county","GONE_410","","modeled local cost surface retired"
"/radon-mitigation-cost/oregon/wallowa-county","GONE_410","","modeled local cost surface retired"
"/radon-mitigation-cost/oregon/wasco-county","GONE_410","","modeled local cost surface retired"
"/radon-mitigation-cost/oregon/washington-county","GONE_410","","modeled local cost surface retired"
"/radon-mitigation-cost/oregon/wheeler-county","GONE_410","","modeled local cost surface retired"
"/radon-mitigation-cost/oregon/yamhill-county","GONE_410","","modeled local cost surface retired"
"/radon-mitigation-cost/pennsylvania","GONE_410","","modeled state cost hub retired"
"/radon-mitigation-cost/pennsylvania/adams-county","GONE_410","","modeled local cost surface retired"
"/radon-mitigation-cost/pennsylvania/allegheny-county","GONE_410","","modeled local cost surface retired"
"/radon-mitigation-cost/pennsylvania/armstrong-county","GONE_410","","modeled local cost surface retired"
"/radon-mitigation-cost/pennsylvania/beaver-county","GONE_410","","modeled local cost surface retired"
"/radon-mitigation-cost/pennsylvania/bedford-county","GONE_410","","modeled local cost surface retired"
"/radon-mitigation-cost/pennsylvania/berks-county","GONE_410","","modeled local cost surface retired"
"/radon-mitigation-cost/pennsylvania/blair-county","GONE_410","","modeled local cost surface retired"
"/radon-mitigation-cost/pennsylvania/bradford-county","GONE_410","","modeled local cost surface retired"
"/radon-mitigation-cost/pennsylvania/bucks-county","GONE_410","","modeled local cost surface retired"
"/radon-mitigation-cost/pennsylvania/butler-county","GONE_410","","modeled local cost surface retired"
"/radon-mitigation-cost/pennsylvania/cambria-county","GONE_410","","modeled local cost surface retired"
"/radon-mitigation-cost/pennsylvania/cameron-county","GONE_410","","modeled local cost surface retired"
"/radon-mitigation-cost/pennsylvania/carbon-county","GONE_410","","modeled local cost surface retired"
"/radon-mitigation-cost/pennsylvania/centre-county","GONE_410","","modeled local cost surface retired"
"/radon-mitigation-cost/pennsylvania/chester-county","GONE_410","","modeled local cost surface retired"
"/radon-mitigation-cost/pennsylvania/clarion-county","GONE_410","","modeled local cost surface retired"
"/radon-mitigation-cost/pennsylvania/clearfield-county","GONE_410","","modeled local cost surface retired"
"/radon-mitigation-cost/pennsylvania/clinton-county","GONE_410","","modeled local cost surface retired"
"/radon-mitigation-cost/pennsylvania/columbia-county","GONE_410","","modeled local cost surface retired"
"/radon-mitigation-cost/pennsylvania/crawford-county","GONE_410","","modeled local cost surface retired"
"/radon-mitigation-cost/pennsylvania/cumberland-county","GONE_410","","modeled local cost surface retired"
"/radon-mitigation-cost/pennsylvania/dauphin-county","GONE_410","","modeled local cost surface retired"
"/radon-mitigation-cost/pennsylvania/delaware-county","GONE_410","","modeled local cost surface retired"
"/radon-mitigation-cost/pennsylvania/elk-county","GONE_410","","modeled local cost surface retired"
"/radon-mitigation-cost/pennsylvania/erie-county","GONE_410","","modeled local cost surface retired"
"/radon-mitigation-cost/pennsylvania/fayette-county","GONE_410","","modeled local cost surface retired"
"/radon-mitigation-cost/pennsylvania/forest-county","GONE_410","","modeled local cost surface retired"
"/radon-mitigation-cost/pennsylvania/franklin-county","GONE_410","","modeled local cost surface retired"
"/radon-mitigation-cost/pennsylvania/fulton-county","GONE_410","","modeled local cost surface retired"
"/radon-mitigation-cost/pennsylvania/greene-county","GONE_410","","modeled local cost surface retired"
"/radon-mitigation-cost/pennsylvania/huntingdon-county","GONE_410","","modeled local cost surface retired"
"/radon-mitigation-cost/pennsylvania/indiana-county","GONE_410","","modeled local cost surface retired"
"/radon-mitigation-cost/pennsylvania/jefferson-county","GONE_410","","modeled local cost surface retired"
"/radon-mitigation-cost/pennsylvania/juniata-county","GONE_410","","modeled local cost surface retired"
"/radon-mitigation-cost/pennsylvania/lackawanna-county","GONE_410","","modeled local cost surface retired"
"/radon-mitigation-cost/pennsylvania/lancaster-county","GONE_410","","modeled local cost surface retired"
"/radon-mitigation-cost/pennsylvania/lawrence-county","GONE_410","","modeled local cost surface retired"
"/radon-mitigation-cost/pennsylvania/lebanon-county","GONE_410","","modeled local cost surface retired"
"/radon-mitigation-cost/pennsylvania/lehigh-county","GONE_410","","modeled local cost surface retired"
"/radon-mitigation-cost/pennsylvania/luzerne-county","GONE_410","","modeled local cost surface retired"
"/radon-mitigation-cost/pennsylvania/lycoming-county","GONE_410","","modeled local cost surface retired"
"/radon-mitigation-cost/pennsylvania/mckean-county","GONE_410","","modeled local cost surface retired"
"/radon-mitigation-cost/pennsylvania/mercer-county","GONE_410","","modeled local cost surface retired"
"/radon-mitigation-cost/pennsylvania/mifflin-county","GONE_410","","modeled local cost surface retired"
"/radon-mitigation-cost/pennsylvania/monroe-county","GONE_410","","modeled local cost surface retired"
"/radon-mitigation-cost/pennsylvania/montgomery-county","GONE_410","","modeled local cost surface retired"
"/radon-mitigation-cost/pennsylvania/montour-county","GONE_410","","modeled local cost surface retired"
"/radon-mitigation-cost/pennsylvania/northampton-county","GONE_410","","modeled local cost surface retired"
"/radon-mitigation-cost/pennsylvania/northumberland-county","GONE_410","","modeled local cost surface retired"
"/radon-mitigation-cost/pennsylvania/perry-county","GONE_410","","modeled local cost surface retired"
"/radon-mitigation-cost/pennsylvania/philadelphia-county","GONE_410","","modeled local cost surface retired"
"/radon-mitigation-cost/pennsylvania/pike-county","GONE_410","","modeled local cost surface retired"
"/radon-mitigation-cost/pennsylvania/potter-county","GONE_410","","modeled local cost surface retired"
"/radon-mitigation-cost/pennsylvania/schuylkill-county","GONE_410","","modeled local cost surface retired"
"/radon-mitigation-cost/pennsylvania/snyder-county","GONE_410","","modeled local cost surface retired"
"/radon-mitigation-cost/pennsylvania/somerset-county","GONE_410","","modeled local cost surface retired"
"/radon-mitigation-cost/pennsylvania/sullivan-county","GONE_410","","modeled local cost surface retired"
"/radon-mitigation-cost/pennsylvania/susquehanna-county","GONE_410","","modeled local cost surface retired"
"/radon-mitigation-cost/pennsylvania/tioga-county","GONE_410","","modeled local cost surface retired"
"/radon-mitigation-cost/pennsylvania/union-county","GONE_410","","modeled local cost surface retired"
"/radon-mitigation-cost/pennsylvania/venango-county","GONE_410","","modeled local cost surface retired"
"/radon-mitigation-cost/pennsylvania/warren-county","GONE_410","","modeled local cost surface retired"
"/radon-mitigation-cost/pennsylvania/washington-county","GONE_410","","modeled local cost surface retired"
"/radon-mitigation-cost/pennsylvania/wayne-county","GONE_410","","modeled local cost surface retired"
"/radon-mitigation-cost/pennsylvania/westmoreland-county","GONE_410","","modeled local cost surface retired"
"/radon-mitigation-cost/pennsylvania/wyoming-county","GONE_410","","modeled local cost surface retired"
"/radon-mitigation-cost/pennsylvania/york-county","GONE_410","","modeled local cost surface retired"
"/radon-mitigation-cost/puerto-rico","GONE_410","","modeled state cost hub retired"
"/radon-mitigation-cost/puerto-rico/adjuntas-municipio","GONE_410","","modeled local cost surface retired"
"/radon-mitigation-cost/puerto-rico/aguada-municipio","GONE_410","","modeled local cost surface retired"
"/radon-mitigation-cost/puerto-rico/aguadilla-municipio","GONE_410","","modeled local cost surface retired"
"/radon-mitigation-cost/puerto-rico/aguas-buenas-municipio","GONE_410","","modeled local cost surface retired"
"/radon-mitigation-cost/puerto-rico/aibonito-municipio","GONE_410","","modeled local cost surface retired"
"/radon-mitigation-cost/puerto-rico/anasco-municipio","GONE_410","","modeled local cost surface retired"
"/radon-mitigation-cost/puerto-rico/arecibo-municipio","GONE_410","","modeled local cost surface retired"
"/radon-mitigation-cost/puerto-rico/arroyo-municipio","GONE_410","","modeled local cost surface retired"
"/radon-mitigation-cost/puerto-rico/barceloneta-municipio","GONE_410","","modeled local cost surface retired"
"/radon-mitigation-cost/puerto-rico/barranquitas-municipio","GONE_410","","modeled local cost surface retired"
"/radon-mitigation-cost/puerto-rico/bayamon-municipio","GONE_410","","modeled local cost surface retired"
"/radon-mitigation-cost/puerto-rico/cabo-rojo-municipio","GONE_410","","modeled local cost surface retired"
"/radon-mitigation-cost/puerto-rico/caguas-municipio","GONE_410","","modeled local cost surface retired"
"/radon-mitigation-cost/puerto-rico/camuy-municipio","GONE_410","","modeled local cost surface retired"
"/radon-mitigation-cost/puerto-rico/canovanas-municipio","GONE_410","","modeled local cost surface retired"
"/radon-mitigation-cost/puerto-rico/carolina-municipio","GONE_410","","modeled local cost surface retired"
"/radon-mitigation-cost/puerto-rico/catano-municipio","GONE_410","","modeled local cost surface retired"
"/radon-mitigation-cost/puerto-rico/cayey-municipio","GONE_410","","modeled local cost surface retired"
"/radon-mitigation-cost/puerto-rico/ceiba-municipio","GONE_410","","modeled local cost surface retired"
"/radon-mitigation-cost/puerto-rico/ciales-municipio","GONE_410","","modeled local cost surface retired"
"/radon-mitigation-cost/puerto-rico/cidra-municipio","GONE_410","","modeled local cost surface retired"
"/radon-mitigation-cost/puerto-rico/coamo-municipio","GONE_410","","modeled local cost surface retired"
"/radon-mitigation-cost/puerto-rico/comerio-municipio","GONE_410","","modeled local cost surface retired"
"/radon-mitigation-cost/puerto-rico/corozal-municipio","GONE_410","","modeled local cost surface retired"
"/radon-mitigation-cost/puerto-rico/culebra-municipio","GONE_410","","modeled local cost surface retired"
"/radon-mitigation-cost/puerto-rico/dorado-municipio","GONE_410","","modeled local cost surface retired"
"/radon-mitigation-cost/puerto-rico/fajardo-municipio","GONE_410","","modeled local cost surface retired"
"/radon-mitigation-cost/puerto-rico/florida-municipio","GONE_410","","modeled local cost surface retired"
"/radon-mitigation-cost/puerto-rico/guanica-municipio","GONE_410","","modeled local cost surface retired"
"/radon-mitigation-cost/puerto-rico/guayama-municipio","GONE_410","","modeled local cost surface retired"
"/radon-mitigation-cost/puerto-rico/guayanilla-municipio","GONE_410","","modeled local cost surface retired"
"/radon-mitigation-cost/puerto-rico/guaynabo-municipio","GONE_410","","modeled local cost surface retired"
"/radon-mitigation-cost/puerto-rico/gurabo-municipio","GONE_410","","modeled local cost surface retired"
"/radon-mitigation-cost/puerto-rico/hatillo-municipio","GONE_410","","modeled local cost surface retired"
"/radon-mitigation-cost/puerto-rico/hormigueros-municipio","GONE_410","","modeled local cost surface retired"
"/radon-mitigation-cost/puerto-rico/humacao-municipio","GONE_410","","modeled local cost surface retired"
"/radon-mitigation-cost/puerto-rico/isabela-municipio","GONE_410","","modeled local cost surface retired"
"/radon-mitigation-cost/puerto-rico/jayuya-municipio","GONE_410","","modeled local cost surface retired"
"/radon-mitigation-cost/puerto-rico/juana-diaz-municipio","GONE_410","","modeled local cost surface retired"
"/radon-mitigation-cost/puerto-rico/juncos-municipio","GONE_410","","modeled local cost surface retired"
"/radon-mitigation-cost/puerto-rico/lajas-municipio","GONE_410","","modeled local cost surface retired"
"/radon-mitigation-cost/puerto-rico/lares-municipio","GONE_410","","modeled local cost surface retired"
"/radon-mitigation-cost/puerto-rico/las-marias-municipio","GONE_410","","modeled local cost surface retired"
"/radon-mitigation-cost/puerto-rico/las-piedras-municipio","GONE_410","","modeled local cost surface retired"
"/radon-mitigation-cost/puerto-rico/loiza-municipio","GONE_410","","modeled local cost surface retired"
"/radon-mitigation-cost/puerto-rico/luquillo-municipio","GONE_410","","modeled local cost surface retired"
"/radon-mitigation-cost/puerto-rico/manati-municipio","GONE_410","","modeled local cost surface retired"
"/radon-mitigation-cost/puerto-rico/maricao-municipio","GONE_410","","modeled local cost surface retired"
"/radon-mitigation-cost/puerto-rico/maunabo-municipio","GONE_410","","modeled local cost surface retired"
"/radon-mitigation-cost/puerto-rico/mayaguez-municipio","GONE_410","","modeled local cost surface retired"
"/radon-mitigation-cost/puerto-rico/moca-municipio","GONE_410","","modeled local cost surface retired"
"/radon-mitigation-cost/puerto-rico/morovis-municipio","GONE_410","","modeled local cost surface retired"
"/radon-mitigation-cost/puerto-rico/naguabo-municipio","GONE_410","","modeled local cost surface retired"
"/radon-mitigation-cost/puerto-rico/naranjito-municipio","GONE_410","","modeled local cost surface retired"
"/radon-mitigation-cost/puerto-rico/orocovis-municipio","GONE_410","","modeled local cost surface retired"
"/radon-mitigation-cost/puerto-rico/patillas-municipio","GONE_410","","modeled local cost surface retired"
"/radon-mitigation-cost/puerto-rico/penuelas-municipio","GONE_410","","modeled local cost surface retired"
"/radon-mitigation-cost/puerto-rico/ponce-municipio","GONE_410","","modeled local cost surface retired"
"/radon-mitigation-cost/puerto-rico/quebradillas-municipio","GONE_410","","modeled local cost surface retired"
"/radon-mitigation-cost/puerto-rico/rincon-municipio","GONE_410","","modeled local cost surface retired"
"/radon-mitigation-cost/puerto-rico/rio-grande-municipio","GONE_410","","modeled local cost surface retired"
"/radon-mitigation-cost/puerto-rico/sabana-grande-municipio","GONE_410","","modeled local cost surface retired"
"/radon-mitigation-cost/puerto-rico/salinas-municipio","GONE_410","","modeled local cost surface retired"
"/radon-mitigation-cost/puerto-rico/san-german-municipio","GONE_410","","modeled local cost surface retired"
"/radon-mitigation-cost/puerto-rico/san-juan-municipio","GONE_410","","modeled local cost surface retired"
"/radon-mitigation-cost/puerto-rico/san-lorenzo-municipio","GONE_410","","modeled local cost surface retired"
"/radon-mitigation-cost/puerto-rico/san-sebastian-municipio","GONE_410","","modeled local cost surface retired"
"/radon-mitigation-cost/puerto-rico/santa-isabel-municipio","GONE_410","","modeled local cost surface retired"
"/radon-mitigation-cost/puerto-rico/toa-alta-municipio","GONE_410","","modeled local cost surface retired"
"/radon-mitigation-cost/puerto-rico/toa-baja-municipio","GONE_410","","modeled local cost surface retired"
"/radon-mitigation-cost/puerto-rico/trujillo-alto-municipio","GONE_410","","modeled local cost surface retired"
"/radon-mitigation-cost/puerto-rico/utuado-municipio","GONE_410","","modeled local cost surface retired"
"/radon-mitigation-cost/puerto-rico/vega-alta-municipio","GONE_410","","modeled local cost surface retired"
"/radon-mitigation-cost/puerto-rico/vega-baja-municipio","GONE_410","","modeled local cost surface retired"
"/radon-mitigation-cost/puerto-rico/vieques-municipio","GONE_410","","modeled local cost surface retired"
"/radon-mitigation-cost/puerto-rico/villalba-municipio","GONE_410","","modeled local cost surface retired"
"/radon-mitigation-cost/puerto-rico/yabucoa-municipio","GONE_410","","modeled local cost surface retired"
"/radon-mitigation-cost/puerto-rico/yauco-municipio","GONE_410","","modeled local cost surface retired"
"/radon-mitigation-cost/rhode-island","GONE_410","","modeled state cost hub retired"
"/radon-mitigation-cost/rhode-island/bristol-county","GONE_410","","modeled local cost surface retired"
"/radon-mitigation-cost/rhode-island/kent-county","GONE_410","","modeled local cost surface retired"
"/radon-mitigation-cost/rhode-island/newport-county","GONE_410","","modeled local cost surface retired"
"/radon-mitigation-cost/rhode-island/providence-county","GONE_410","","modeled local cost surface retired"
"/radon-mitigation-cost/rhode-island/washington-county","GONE_410","","modeled local cost surface retired"
"/radon-mitigation-cost/south-carolina","GONE_410","","modeled state cost hub retired"
"/radon-mitigation-cost/south-carolina/abbeville-county","GONE_410","","modeled local cost surface retired"
"/radon-mitigation-cost/south-carolina/aiken-county","GONE_410","","modeled local cost surface retired"
"/radon-mitigation-cost/south-carolina/allendale-county","GONE_410","","modeled local cost surface retired"
"/radon-mitigation-cost/south-carolina/anderson-county","GONE_410","","modeled local cost surface retired"
"/radon-mitigation-cost/south-carolina/bamberg-county","GONE_410","","modeled local cost surface retired"
"/radon-mitigation-cost/south-carolina/barnwell-county","GONE_410","","modeled local cost surface retired"
"/radon-mitigation-cost/south-carolina/beaufort-county","GONE_410","","modeled local cost surface retired"
"/radon-mitigation-cost/south-carolina/berkeley-county","GONE_410","","modeled local cost surface retired"
"/radon-mitigation-cost/south-carolina/calhoun-county","GONE_410","","modeled local cost surface retired"
"/radon-mitigation-cost/south-carolina/charleston-county","GONE_410","","modeled local cost surface retired"
"/radon-mitigation-cost/south-carolina/cherokee-county","GONE_410","","modeled local cost surface retired"
"/radon-mitigation-cost/south-carolina/chester-county","GONE_410","","modeled local cost surface retired"
"/radon-mitigation-cost/south-carolina/chesterfield-county","GONE_410","","modeled local cost surface retired"
"/radon-mitigation-cost/south-carolina/clarendon-county","GONE_410","","modeled local cost surface retired"
"/radon-mitigation-cost/south-carolina/colleton-county","GONE_410","","modeled local cost surface retired"
"/radon-mitigation-cost/south-carolina/darlington-county","GONE_410","","modeled local cost surface retired"
"/radon-mitigation-cost/south-carolina/dillon-county","GONE_410","","modeled local cost surface retired"
"/radon-mitigation-cost/south-carolina/dorchester-county","GONE_410","","modeled local cost surface retired"
"/radon-mitigation-cost/south-carolina/edgefield-county","GONE_410","","modeled local cost surface retired"
"/radon-mitigation-cost/south-carolina/fairfield-county","GONE_410","","modeled local cost surface retired"
"/radon-mitigation-cost/south-carolina/florence-county","GONE_410","","modeled local cost surface retired"
"/radon-mitigation-cost/south-carolina/georgetown-county","GONE_410","","modeled local cost surface retired"
"/radon-mitigation-cost/south-carolina/greenville-county","GONE_410","","modeled local cost surface retired"
"/radon-mitigation-cost/south-carolina/greenwood-county","GONE_410","","modeled local cost surface retired"
"/radon-mitigation-cost/south-carolina/hampton-county","GONE_410","","modeled local cost surface retired"
"/radon-mitigation-cost/south-carolina/horry-county","GONE_410","","modeled local cost surface retired"
"/radon-mitigation-cost/south-carolina/jasper-county","GONE_410","","modeled local cost surface retired"
"/radon-mitigation-cost/south-carolina/kershaw-county","GONE_410","","modeled local cost surface retired"
"/radon-mitigation-cost/south-carolina/lancaster-county","GONE_410","","modeled local cost surface retired"
"/radon-mitigation-cost/south-carolina/laurens-county","GONE_410","","modeled local cost surface retired"
"/radon-mitigation-cost/south-carolina/lee-county","GONE_410","","modeled local cost surface retired"
"/radon-mitigation-cost/south-carolina/lexington-county","GONE_410","","modeled local cost surface retired"
"/radon-mitigation-cost/south-carolina/marion-county","GONE_410","","modeled local cost surface retired"
"/radon-mitigation-cost/south-carolina/marlboro-county","GONE_410","","modeled local cost surface retired"
"/radon-mitigation-cost/south-carolina/mccormick-county","GONE_410","","modeled local cost surface retired"
"/radon-mitigation-cost/south-carolina/newberry-county","GONE_410","","modeled local cost surface retired"
"/radon-mitigation-cost/south-carolina/oconee-county","GONE_410","","modeled local cost surface retired"
"/radon-mitigation-cost/south-carolina/orangeburg-county","GONE_410","","modeled local cost surface retired"
"/radon-mitigation-cost/south-carolina/pickens-county","GONE_410","","modeled local cost surface retired"
"/radon-mitigation-cost/south-carolina/richland-county","GONE_410","","modeled local cost surface retired"
"/radon-mitigation-cost/south-carolina/saluda-county","GONE_410","","modeled local cost surface retired"
"/radon-mitigation-cost/south-carolina/spartanburg-county","GONE_410","","modeled local cost surface retired"
"/radon-mitigation-cost/south-carolina/sumter-county","GONE_410","","modeled local cost surface retired"
"/radon-mitigation-cost/south-carolina/union-county","GONE_410","","modeled local cost surface retired"
"/radon-mitigation-cost/south-carolina/williamsburg-county","GONE_410","","modeled local cost surface retired"
"/radon-mitigation-cost/south-carolina/york-county","GONE_410","","modeled local cost surface retired"
"/radon-mitigation-cost/south-dakota","GONE_410","","modeled state cost hub retired"
"/radon-mitigation-cost/south-dakota/aurora-county","GONE_410","","modeled local cost surface retired"
"/radon-mitigation-cost/south-dakota/beadle-county","GONE_410","","modeled local cost surface retired"
"/radon-mitigation-cost/south-dakota/bennett-county","GONE_410","","modeled local cost surface retired"
"/radon-mitigation-cost/south-dakota/bon-homme-county","GONE_410","","modeled local cost surface retired"
"/radon-mitigation-cost/south-dakota/brookings-county","GONE_410","","modeled local cost surface retired"
"/radon-mitigation-cost/south-dakota/brown-county","GONE_410","","modeled local cost surface retired"
"/radon-mitigation-cost/south-dakota/brule-county","GONE_410","","modeled local cost surface retired"
"/radon-mitigation-cost/south-dakota/buffalo-county","GONE_410","","modeled local cost surface retired"
"/radon-mitigation-cost/south-dakota/butte-county","GONE_410","","modeled local cost surface retired"
"/radon-mitigation-cost/south-dakota/campbell-county","GONE_410","","modeled local cost surface retired"
"/radon-mitigation-cost/south-dakota/charles-mix-county","GONE_410","","modeled local cost surface retired"
"/radon-mitigation-cost/south-dakota/clark-county","GONE_410","","modeled local cost surface retired"
"/radon-mitigation-cost/south-dakota/clay-county","GONE_410","","modeled local cost surface retired"
"/radon-mitigation-cost/south-dakota/codington-county","GONE_410","","modeled local cost surface retired"
"/radon-mitigation-cost/south-dakota/corson-county","GONE_410","","modeled local cost surface retired"
"/radon-mitigation-cost/south-dakota/custer-county","GONE_410","","modeled local cost surface retired"
"/radon-mitigation-cost/south-dakota/davison-county","GONE_410","","modeled local cost surface retired"
"/radon-mitigation-cost/south-dakota/day-county","GONE_410","","modeled local cost surface retired"
"/radon-mitigation-cost/south-dakota/deuel-county","GONE_410","","modeled local cost surface retired"
"/radon-mitigation-cost/south-dakota/dewey-county","GONE_410","","modeled local cost surface retired"
"/radon-mitigation-cost/south-dakota/douglas-county","GONE_410","","modeled local cost surface retired"
"/radon-mitigation-cost/south-dakota/edmunds-county","GONE_410","","modeled local cost surface retired"
"/radon-mitigation-cost/south-dakota/fall-river-county","GONE_410","","modeled local cost surface retired"
"/radon-mitigation-cost/south-dakota/faulk-county","GONE_410","","modeled local cost surface retired"
"/radon-mitigation-cost/south-dakota/grant-county","GONE_410","","modeled local cost surface retired"
"/radon-mitigation-cost/south-dakota/gregory-county","GONE_410","","modeled local cost surface retired"
"/radon-mitigation-cost/south-dakota/haakon-county","GONE_410","","modeled local cost surface retired"
"/radon-mitigation-cost/south-dakota/hamlin-county","GONE_410","","modeled local cost surface retired"
"/radon-mitigation-cost/south-dakota/hand-county","GONE_410","","modeled local cost surface retired"
"/radon-mitigation-cost/south-dakota/hanson-county","GONE_410","","modeled local cost surface retired"
"/radon-mitigation-cost/south-dakota/harding-county","GONE_410","","modeled local cost surface retired"
"/radon-mitigation-cost/south-dakota/hughes-county","GONE_410","","modeled local cost surface retired"
"/radon-mitigation-cost/south-dakota/hutchinson-county","GONE_410","","modeled local cost surface retired"
"/radon-mitigation-cost/south-dakota/hyde-county","GONE_410","","modeled local cost surface retired"
"/radon-mitigation-cost/south-dakota/jackson-county","GONE_410","","modeled local cost surface retired"
"/radon-mitigation-cost/south-dakota/jerauld-county","GONE_410","","modeled local cost surface retired"
"/radon-mitigation-cost/south-dakota/jones-county","GONE_410","","modeled local cost surface retired"
"/radon-mitigation-cost/south-dakota/kingsbury-county","GONE_410","","modeled local cost surface retired"
"/radon-mitigation-cost/south-dakota/lake-county","GONE_410","","modeled local cost surface retired"
"/radon-mitigation-cost/south-dakota/lawrence-county","GONE_410","","modeled local cost surface retired"
"/radon-mitigation-cost/south-dakota/lincoln-county","GONE_410","","modeled local cost surface retired"
"/radon-mitigation-cost/south-dakota/lyman-county","GONE_410","","modeled local cost surface retired"
"/radon-mitigation-cost/south-dakota/marshall-county","GONE_410","","modeled local cost surface retired"
"/radon-mitigation-cost/south-dakota/mccook-county","GONE_410","","modeled local cost surface retired"
"/radon-mitigation-cost/south-dakota/mcpherson-county","GONE_410","","modeled local cost surface retired"
"/radon-mitigation-cost/south-dakota/meade-county","GONE_410","","modeled local cost surface retired"
"/radon-mitigation-cost/south-dakota/mellette-county","GONE_410","","modeled local cost surface retired"
"/radon-mitigation-cost/south-dakota/miner-county","GONE_410","","modeled local cost surface retired"
"/radon-mitigation-cost/south-dakota/minnehaha-county","GONE_410","","modeled local cost surface retired"
"/radon-mitigation-cost/south-dakota/moody-county","GONE_410","","modeled local cost surface retired"
"/radon-mitigation-cost/south-dakota/pennington-county","GONE_410","","modeled local cost surface retired"
"/radon-mitigation-cost/south-dakota/perkins-county","GONE_410","","modeled local cost surface retired"
"/radon-mitigation-cost/south-dakota/potter-county","GONE_410","","modeled local cost surface retired"
"/radon-mitigation-cost/south-dakota/roberts-county","GONE_410","","modeled local cost surface retired"
"/radon-mitigation-cost/south-dakota/sanborn-county","GONE_410","","modeled local cost surface retired"
"/radon-mitigation-cost/south-dakota/shannon-county","GONE_410","","modeled local cost surface retired"
"/radon-mitigation-cost/south-dakota/spink-county","GONE_410","","modeled local cost surface retired"
"/radon-mitigation-cost/south-dakota/stanley-county","GONE_410","","modeled local cost surface retired"
"/radon-mitigation-cost/south-dakota/sully-county","GONE_410","","modeled local cost surface retired"
"/radon-mitigation-cost/south-dakota/todd-county","GONE_410","","modeled local cost surface retired"
"/radon-mitigation-cost/south-dakota/tripp-county","GONE_410","","modeled local cost surface retired"
"/radon-mitigation-cost/south-dakota/turner-county","GONE_410","","modeled local cost surface retired"
"/radon-mitigation-cost/south-dakota/union-county","GONE_410","","modeled local cost surface retired"
"/radon-mitigation-cost/south-dakota/walworth-county","GONE_410","","modeled local cost surface retired"
"/radon-mitigation-cost/south-dakota/yankton-county","GONE_410","","modeled local cost surface retired"
"/radon-mitigation-cost/south-dakota/ziebach-county","GONE_410","","modeled local cost surface retired"
"/radon-mitigation-cost/tennessee","GONE_410","","modeled state cost hub retired"
"/radon-mitigation-cost/tennessee/anderson-county","GONE_410","","modeled local cost surface retired"
"/radon-mitigation-cost/tennessee/bedford-county","GONE_410","","modeled local cost surface retired"
"/radon-mitigation-cost/tennessee/benton-county","GONE_410","","modeled local cost surface retired"
"/radon-mitigation-cost/tennessee/bledsoe-county","GONE_410","","modeled local cost surface retired"
"/radon-mitigation-cost/tennessee/blount-county","GONE_410","","modeled local cost surface retired"
"/radon-mitigation-cost/tennessee/bradley-county","GONE_410","","modeled local cost surface retired"
"/radon-mitigation-cost/tennessee/campbell-county","GONE_410","","modeled local cost surface retired"
"/radon-mitigation-cost/tennessee/cannon-county","GONE_410","","modeled local cost surface retired"
"/radon-mitigation-cost/tennessee/carroll-county","GONE_410","","modeled local cost surface retired"
"/radon-mitigation-cost/tennessee/carter-county","GONE_410","","modeled local cost surface retired"
"/radon-mitigation-cost/tennessee/cheatham-county","GONE_410","","modeled local cost surface retired"
"/radon-mitigation-cost/tennessee/chester-county","GONE_410","","modeled local cost surface retired"
"/radon-mitigation-cost/tennessee/claiborne-county","GONE_410","","modeled local cost surface retired"
"/radon-mitigation-cost/tennessee/clay-county","GONE_410","","modeled local cost surface retired"
"/radon-mitigation-cost/tennessee/cocke-county","GONE_410","","modeled local cost surface retired"
"/radon-mitigation-cost/tennessee/coffee-county","GONE_410","","modeled local cost surface retired"
"/radon-mitigation-cost/tennessee/crockett-county","GONE_410","","modeled local cost surface retired"
"/radon-mitigation-cost/tennessee/cumberland-county","GONE_410","","modeled local cost surface retired"
"/radon-mitigation-cost/tennessee/davidson-county","GONE_410","","modeled local cost surface retired"
"/radon-mitigation-cost/tennessee/decatur-county","GONE_410","","modeled local cost surface retired"
"/radon-mitigation-cost/tennessee/dekalb-county","GONE_410","","modeled local cost surface retired"
"/radon-mitigation-cost/tennessee/dickson-county","GONE_410","","modeled local cost surface retired"
"/radon-mitigation-cost/tennessee/dyer-county","GONE_410","","modeled local cost surface retired"
"/radon-mitigation-cost/tennessee/fayette-county","GONE_410","","modeled local cost surface retired"
"/radon-mitigation-cost/tennessee/fentress-county","GONE_410","","modeled local cost surface retired"
"/radon-mitigation-cost/tennessee/franklin-county","GONE_410","","modeled local cost surface retired"
"/radon-mitigation-cost/tennessee/gibson-county","GONE_410","","modeled local cost surface retired"
"/radon-mitigation-cost/tennessee/giles-county","GONE_410","","modeled local cost surface retired"
"/radon-mitigation-cost/tennessee/grainger-county","GONE_410","","modeled local cost surface retired"
"/radon-mitigation-cost/tennessee/greene-county","GONE_410","","modeled local cost surface retired"
"/radon-mitigation-cost/tennessee/grundy-county","GONE_410","","modeled local cost surface retired"
"/radon-mitigation-cost/tennessee/hamblen-county","GONE_410","","modeled local cost surface retired"
"/radon-mitigation-cost/tennessee/hamilton-county","GONE_410","","modeled local cost surface retired"
"/radon-mitigation-cost/tennessee/hancock-county","GONE_410","","modeled local cost surface retired"
"/radon-mitigation-cost/tennessee/hardeman-county","GONE_410","","modeled local cost surface retired"
"/radon-mitigation-cost/tennessee/hardin-county","GONE_410","","modeled local cost surface retired"
"/radon-mitigation-cost/tennessee/hawkins-county","GONE_410","","modeled local cost surface retired"
"/radon-mitigation-cost/tennessee/haywood-county","GONE_410","","modeled local cost surface retired"
"/radon-mitigation-cost/tennessee/henderson-county","GONE_410","","modeled local cost surface retired"
"/radon-mitigation-cost/tennessee/henry-county","GONE_410","","modeled local cost surface retired"
"/radon-mitigation-cost/tennessee/hickman-county","GONE_410","","modeled local cost surface retired"
"/radon-mitigation-cost/tennessee/houston-county","GONE_410","","modeled local cost surface retired"
"/radon-mitigation-cost/tennessee/humphreys-county","GONE_410","","modeled local cost surface retired"
"/radon-mitigation-cost/tennessee/jackson-county","GONE_410","","modeled local cost surface retired"
"/radon-mitigation-cost/tennessee/jefferson-county","GONE_410","","modeled local cost surface retired"
"/radon-mitigation-cost/tennessee/johnson-county","GONE_410","","modeled local cost surface retired"
"/radon-mitigation-cost/tennessee/knox-county","GONE_410","","modeled local cost surface retired"
"/radon-mitigation-cost/tennessee/lake-county","GONE_410","","modeled local cost surface retired"
"/radon-mitigation-cost/tennessee/lauderdale-county","GONE_410","","modeled local cost surface retired"
"/radon-mitigation-cost/tennessee/lawrence-county","GONE_410","","modeled local cost surface retired"
"/radon-mitigation-cost/tennessee/lewis-county","GONE_410","","modeled local cost surface retired"
"/radon-mitigation-cost/tennessee/lincoln-county","GONE_410","","modeled local cost surface retired"
"/radon-mitigation-cost/tennessee/loudon-county","GONE_410","","modeled local cost surface retired"
"/radon-mitigation-cost/tennessee/macon-county","GONE_410","","modeled local cost surface retired"
"/radon-mitigation-cost/tennessee/madison-county","GONE_410","","modeled local cost surface retired"
"/radon-mitigation-cost/tennessee/marion-county","GONE_410","","modeled local cost surface retired"
"/radon-mitigation-cost/tennessee/marshall-county","GONE_410","","modeled local cost surface retired"
"/radon-mitigation-cost/tennessee/maury-county","GONE_410","","modeled local cost surface retired"
"/radon-mitigation-cost/tennessee/mcminn-county","GONE_410","","modeled local cost surface retired"
"/radon-mitigation-cost/tennessee/mcnairy-county","GONE_410","","modeled local cost surface retired"
"/radon-mitigation-cost/tennessee/meigs-county","GONE_410","","modeled local cost surface retired"
"/radon-mitigation-cost/tennessee/monroe-county","GONE_410","","modeled local cost surface retired"
"/radon-mitigation-cost/tennessee/montgomery-county","GONE_410","","modeled local cost surface retired"
"/radon-mitigation-cost/tennessee/moore-county","GONE_410","","modeled local cost surface retired"
"/radon-mitigation-cost/tennessee/morgan-county","GONE_410","","modeled local cost surface retired"
"/radon-mitigation-cost/tennessee/obion-county","GONE_410","","modeled local cost surface retired"
"/radon-mitigation-cost/tennessee/overton-county","GONE_410","","modeled local cost surface retired"
"/radon-mitigation-cost/tennessee/perry-county","GONE_410","","modeled local cost surface retired"
"/radon-mitigation-cost/tennessee/pickett-county","GONE_410","","modeled local cost surface retired"
"/radon-mitigation-cost/tennessee/polk-county","GONE_410","","modeled local cost surface retired"
"/radon-mitigation-cost/tennessee/putnam-county","GONE_410","","modeled local cost surface retired"
"/radon-mitigation-cost/tennessee/rhea-county","GONE_410","","modeled local cost surface retired"
"/radon-mitigation-cost/tennessee/roane-county","GONE_410","","modeled local cost surface retired"
"/radon-mitigation-cost/tennessee/robertson-county","GONE_410","","modeled local cost surface retired"
"/radon-mitigation-cost/tennessee/rutherford-county","GONE_410","","modeled local cost surface retired"
"/radon-mitigation-cost/tennessee/scott-county","GONE_410","","modeled local cost surface retired"
"/radon-mitigation-cost/tennessee/sequatchie-county","GONE_410","","modeled local cost surface retired"
"/radon-mitigation-cost/tennessee/sevier-county","GONE_410","","modeled local cost surface retired"
"/radon-mitigation-cost/tennessee/shelby-county","GONE_410","","modeled local cost surface retired"
"/radon-mitigation-cost/tennessee/smith-county","GONE_410","","modeled local cost surface retired"
"/radon-mitigation-cost/tennessee/stewart-county","GONE_410","","modeled local cost surface retired"
"/radon-mitigation-cost/tennessee/sullivan-county","GONE_410","","modeled local cost surface retired"
"/radon-mitigation-cost/tennessee/sumner-county","GONE_410","","modeled local cost surface retired"
"/radon-mitigation-cost/tennessee/tipton-county","GONE_410","","modeled local cost surface retired"
"/radon-mitigation-cost/tennessee/trousdale-county","GONE_410","","modeled local cost surface retired"
"/radon-mitigation-cost/tennessee/unicoi-county","GONE_410","","modeled local cost surface retired"
"/radon-mitigation-cost/tennessee/union-county","GONE_410","","modeled local cost surface retired"
"/radon-mitigation-cost/tennessee/van-buren-county","GONE_410","","modeled local cost surface retired"
"/radon-mitigation-cost/tennessee/warren-county","GONE_410","","modeled local cost surface retired"
"/radon-mitigation-cost/tennessee/washington-county","GONE_410","","modeled local cost surface retired"
"/radon-mitigation-cost/tennessee/wayne-county","GONE_410","","modeled local cost surface retired"
"/radon-mitigation-cost/tennessee/weakley-county","GONE_410","","modeled local cost surface retired"
"/radon-mitigation-cost/tennessee/white-county","GONE_410","","modeled local cost surface retired"
"/radon-mitigation-cost/tennessee/williamson-county","GONE_410","","modeled local cost surface retired"
"/radon-mitigation-cost/tennessee/wilson-county","GONE_410","","modeled local cost surface retired"
"/radon-mitigation-cost/texas","GONE_410","","modeled state cost hub retired"
"/radon-mitigation-cost/texas/anderson-county","GONE_410","","modeled local cost surface retired"
"/radon-mitigation-cost/texas/andrews-county","GONE_410","","modeled local cost surface retired"
"/radon-mitigation-cost/texas/angelina-county","GONE_410","","modeled local cost surface retired"
"/radon-mitigation-cost/texas/aransas-county","GONE_410","","modeled local cost surface retired"
"/radon-mitigation-cost/texas/archer-county","GONE_410","","modeled local cost surface retired"
"/radon-mitigation-cost/texas/armstrong-county","GONE_410","","modeled local cost surface retired"
"/radon-mitigation-cost/texas/atascosa-county","GONE_410","","modeled local cost surface retired"
"/radon-mitigation-cost/texas/austin-county","GONE_410","","modeled local cost surface retired"
"/radon-mitigation-cost/texas/bailey-county","GONE_410","","modeled local cost surface retired"
"/radon-mitigation-cost/texas/bandera-county","GONE_410","","modeled local cost surface retired"
"/radon-mitigation-cost/texas/bastrop-county","GONE_410","","modeled local cost surface retired"
"/radon-mitigation-cost/texas/baylor-county","GONE_410","","modeled local cost surface retired"
"/radon-mitigation-cost/texas/bee-county","GONE_410","","modeled local cost surface retired"
"/radon-mitigation-cost/texas/bell-county","GONE_410","","modeled local cost surface retired"
"/radon-mitigation-cost/texas/bexar-county","GONE_410","","modeled local cost surface retired"
"/radon-mitigation-cost/texas/blanco-county","GONE_410","","modeled local cost surface retired"
"/radon-mitigation-cost/texas/borden-county","GONE_410","","modeled local cost surface retired"
"/radon-mitigation-cost/texas/bosque-county","GONE_410","","modeled local cost surface retired"
"/radon-mitigation-cost/texas/bowie-county","GONE_410","","modeled local cost surface retired"
"/radon-mitigation-cost/texas/brazoria-county","GONE_410","","modeled local cost surface retired"
"/radon-mitigation-cost/texas/brazos-county","GONE_410","","modeled local cost surface retired"
"/radon-mitigation-cost/texas/brewster-county","GONE_410","","modeled local cost surface retired"
"/radon-mitigation-cost/texas/briscoe-county","GONE_410","","modeled local cost surface retired"
"/radon-mitigation-cost/texas/brooks-county","GONE_410","","modeled local cost surface retired"
"/radon-mitigation-cost/texas/brown-county","GONE_410","","modeled local cost surface retired"
"/radon-mitigation-cost/texas/burleson-county","GONE_410","","modeled local cost surface retired"
"/radon-mitigation-cost/texas/burnet-county","GONE_410","","modeled local cost surface retired"
"/radon-mitigation-cost/texas/caldwell-county","GONE_410","","modeled local cost surface retired"
"/radon-mitigation-cost/texas/calhoun-county","GONE_410","","modeled local cost surface retired"
"/radon-mitigation-cost/texas/callahan-county","GONE_410","","modeled local cost surface retired"
"/radon-mitigation-cost/texas/cameron-county","GONE_410","","modeled local cost surface retired"
"/radon-mitigation-cost/texas/camp-county","GONE_410","","modeled local cost surface retired"
"/radon-mitigation-cost/texas/carson-county","GONE_410","","modeled local cost surface retired"
"/radon-mitigation-cost/texas/cass-county","GONE_410","","modeled local cost surface retired"
"/radon-mitigation-cost/texas/castro-county","GONE_410","","modeled local cost surface retired"
"/radon-mitigation-cost/texas/chambers-county","GONE_410","","modeled local cost surface retired"
"/radon-mitigation-cost/texas/cherokee-county","GONE_410","","modeled local cost surface retired"
"/radon-mitigation-cost/texas/childress-county","GONE_410","","modeled local cost surface retired"
"/radon-mitigation-cost/texas/clay-county","GONE_410","","modeled local cost surface retired"
"/radon-mitigation-cost/texas/cochran-county","GONE_410","","modeled local cost surface retired"
"/radon-mitigation-cost/texas/coke-county","GONE_410","","modeled local cost surface retired"
"/radon-mitigation-cost/texas/coleman-county","GONE_410","","modeled local cost surface retired"
"/radon-mitigation-cost/texas/collin-county","GONE_410","","modeled local cost surface retired"
"/radon-mitigation-cost/texas/collingsworth-county","GONE_410","","modeled local cost surface retired"
"/radon-mitigation-cost/texas/colorado-county","GONE_410","","modeled local cost surface retired"
"/radon-mitigation-cost/texas/comal-county","GONE_410","","modeled local cost surface retired"
"/radon-mitigation-cost/texas/comanche-county","GONE_410","","modeled local cost surface retired"
"/radon-mitigation-cost/texas/concho-county","GONE_410","","modeled local cost surface retired"
"/radon-mitigation-cost/texas/cooke-county","GONE_410","","modeled local cost surface retired"
"/radon-mitigation-cost/texas/coryell-county","GONE_410","","modeled local cost surface retired"
"/radon-mitigation-cost/texas/cottle-county","GONE_410","","modeled local cost surface retired"
"/radon-mitigation-cost/texas/crane-county","GONE_410","","modeled local cost surface retired"
"/radon-mitigation-cost/texas/crockett-county","GONE_410","","modeled local cost surface retired"
"/radon-mitigation-cost/texas/crosby-county","GONE_410","","modeled local cost surface retired"
"/radon-mitigation-cost/texas/culberson-county","GONE_410","","modeled local cost surface retired"
"/radon-mitigation-cost/texas/dallam-county","GONE_410","","modeled local cost surface retired"
"/radon-mitigation-cost/texas/dallas-county","GONE_410","","modeled local cost surface retired"
"/radon-mitigation-cost/texas/dawson-county","GONE_410","","modeled local cost surface retired"
"/radon-mitigation-cost/texas/deaf-smith-county","GONE_410","","modeled local cost surface retired"
"/radon-mitigation-cost/texas/delta-county","GONE_410","","modeled local cost surface retired"
"/radon-mitigation-cost/texas/denton-county","GONE_410","","modeled local cost surface retired"
"/radon-mitigation-cost/texas/dewitt-county","GONE_410","","modeled local cost surface retired"
"/radon-mitigation-cost/texas/dickens-county","GONE_410","","modeled local cost surface retired"
"/radon-mitigation-cost/texas/dimmit-county","GONE_410","","modeled local cost surface retired"
"/radon-mitigation-cost/texas/donley-county","GONE_410","","modeled local cost surface retired"
"/radon-mitigation-cost/texas/duval-county","GONE_410","","modeled local cost surface retired"
"/radon-mitigation-cost/texas/eastland-county","GONE_410","","modeled local cost surface retired"
"/radon-mitigation-cost/texas/ector-county","GONE_410","","modeled local cost surface retired"
"/radon-mitigation-cost/texas/edwards-county","GONE_410","","modeled local cost surface retired"
"/radon-mitigation-cost/texas/el-paso-county","GONE_410","","modeled local cost surface retired"
"/radon-mitigation-cost/texas/ellis-county","GONE_410","","modeled local cost surface retired"
"/radon-mitigation-cost/texas/erath-county","GONE_410","","modeled local cost surface retired"
"/radon-mitigation-cost/texas/falls-county","GONE_410","","modeled local cost surface retired"
"/radon-mitigation-cost/texas/fannin-county","GONE_410","","modeled local cost surface retired"
"/radon-mitigation-cost/texas/fayette-county","GONE_410","","modeled local cost surface retired"
"/radon-mitigation-cost/texas/fisher-county","GONE_410","","modeled local cost surface retired"
"/radon-mitigation-cost/texas/floyd-county","GONE_410","","modeled local cost surface retired"
"/radon-mitigation-cost/texas/foard-county","GONE_410","","modeled local cost surface retired"
"/radon-mitigation-cost/texas/fort-bend-county","GONE_410","","modeled local cost surface retired"
"/radon-mitigation-cost/texas/franklin-county","GONE_410","","modeled local cost surface retired"
"/radon-mitigation-cost/texas/freestone-county","GONE_410","","modeled local cost surface retired"
"/radon-mitigation-cost/texas/frio-county","GONE_410","","modeled local cost surface retired"
"/radon-mitigation-cost/texas/gaines-county","GONE_410","","modeled local cost surface retired"
"/radon-mitigation-cost/texas/galveston-county","GONE_410","","modeled local cost surface retired"
"/radon-mitigation-cost/texas/garza-county","GONE_410","","modeled local cost surface retired"
"/radon-mitigation-cost/texas/gillespie-county","GONE_410","","modeled local cost surface retired"
"/radon-mitigation-cost/texas/glasscock-county","GONE_410","","modeled local cost surface retired"
"/radon-mitigation-cost/texas/goliad-county","GONE_410","","modeled local cost surface retired"
"/radon-mitigation-cost/texas/gonzales-county","GONE_410","","modeled local cost surface retired"
"/radon-mitigation-cost/texas/gray-county","GONE_410","","modeled local cost surface retired"
"/radon-mitigation-cost/texas/grayson-county","GONE_410","","modeled local cost surface retired"
"/radon-mitigation-cost/texas/gregg-county","GONE_410","","modeled local cost surface retired"
"/radon-mitigation-cost/texas/grimes-county","GONE_410","","modeled local cost surface retired"
"/radon-mitigation-cost/texas/guadalupe-county","GONE_410","","modeled local cost surface retired"
"/radon-mitigation-cost/texas/hale-county","GONE_410","","modeled local cost surface retired"
"/radon-mitigation-cost/texas/hall-county","GONE_410","","modeled local cost surface retired"
"/radon-mitigation-cost/texas/hamilton-county","GONE_410","","modeled local cost surface retired"
"/radon-mitigation-cost/texas/hansford-county","GONE_410","","modeled local cost surface retired"
"/radon-mitigation-cost/texas/hardeman-county","GONE_410","","modeled local cost surface retired"
"/radon-mitigation-cost/texas/hardin-county","GONE_410","","modeled local cost surface retired"
"/radon-mitigation-cost/texas/harris-county","GONE_410","","modeled local cost surface retired"
"/radon-mitigation-cost/texas/harrison-county","GONE_410","","modeled local cost surface retired"
"/radon-mitigation-cost/texas/hartley-county","GONE_410","","modeled local cost surface retired"
"/radon-mitigation-cost/texas/haskell-county","GONE_410","","modeled local cost surface retired"
"/radon-mitigation-cost/texas/hays-county","GONE_410","","modeled local cost surface retired"
"/radon-mitigation-cost/texas/hemphill-county","GONE_410","","modeled local cost surface retired"
"/radon-mitigation-cost/texas/henderson-county","GONE_410","","modeled local cost surface retired"
"/radon-mitigation-cost/texas/hidalgo-county","GONE_410","","modeled local cost surface retired"
"/radon-mitigation-cost/texas/hill-county","GONE_410","","modeled local cost surface retired"
"/radon-mitigation-cost/texas/hockley-county","GONE_410","","modeled local cost surface retired"
"/radon-mitigation-cost/texas/hood-county","GONE_410","","modeled local cost surface retired"
"/radon-mitigation-cost/texas/hopkins-county","GONE_410","","modeled local cost surface retired"
"/radon-mitigation-cost/texas/houston-county","GONE_410","","modeled local cost surface retired"
"/radon-mitigation-cost/texas/howard-county","GONE_410","","modeled local cost surface retired"
"/radon-mitigation-cost/texas/hudspeth-county","GONE_410","","modeled local cost surface retired"
"/radon-mitigation-cost/texas/hunt-county","GONE_410","","modeled local cost surface retired"
"/radon-mitigation-cost/texas/hutchinson-county","GONE_410","","modeled local cost surface retired"
"/radon-mitigation-cost/texas/irion-county","GONE_410","","modeled local cost surface retired"
"/radon-mitigation-cost/texas/jack-county","GONE_410","","modeled local cost surface retired"
"/radon-mitigation-cost/texas/jackson-county","GONE_410","","modeled local cost surface retired"
"/radon-mitigation-cost/texas/jasper-county","GONE_410","","modeled local cost surface retired"
"/radon-mitigation-cost/texas/jeff-davis-county","GONE_410","","modeled local cost surface retired"
"/radon-mitigation-cost/texas/jefferson-county","GONE_410","","modeled local cost surface retired"
"/radon-mitigation-cost/texas/jim-hogg-county","GONE_410","","modeled local cost surface retired"
"/radon-mitigation-cost/texas/jim-wells-county","GONE_410","","modeled local cost surface retired"
"/radon-mitigation-cost/texas/johnson-county","GONE_410","","modeled local cost surface retired"
"/radon-mitigation-cost/texas/jones-county","GONE_410","","modeled local cost surface retired"
"/radon-mitigation-cost/texas/karnes-county","GONE_410","","modeled local cost surface retired"
"/radon-mitigation-cost/texas/kaufman-county","GONE_410","","modeled local cost surface retired"
"/radon-mitigation-cost/texas/kendall-county","GONE_410","","modeled local cost surface retired"
"/radon-mitigation-cost/texas/kenedy-county","GONE_410","","modeled local cost surface retired"
"/radon-mitigation-cost/texas/kent-county","GONE_410","","modeled local cost surface retired"
"/radon-mitigation-cost/texas/kerr-county","GONE_410","","modeled local cost surface retired"
"/radon-mitigation-cost/texas/kimble-county","GONE_410","","modeled local cost surface retired"
"/radon-mitigation-cost/texas/king-county","GONE_410","","modeled local cost surface retired"
"/radon-mitigation-cost/texas/kinney-county","GONE_410","","modeled local cost surface retired"
"/radon-mitigation-cost/texas/kleberg-county","GONE_410","","modeled local cost surface retired"
"/radon-mitigation-cost/texas/knox-county","GONE_410","","modeled local cost surface retired"
"/radon-mitigation-cost/texas/la-salle-county","GONE_410","","modeled local cost surface retired"
"/radon-mitigation-cost/texas/lamar-county","GONE_410","","modeled local cost surface retired"
"/radon-mitigation-cost/texas/lamb-county","GONE_410","","modeled local cost surface retired"
"/radon-mitigation-cost/texas/lampasas-county","GONE_410","","modeled local cost surface retired"
"/radon-mitigation-cost/texas/lavaca-county","GONE_410","","modeled local cost surface retired"
"/radon-mitigation-cost/texas/lee-county","GONE_410","","modeled local cost surface retired"
"/radon-mitigation-cost/texas/leon-county","GONE_410","","modeled local cost surface retired"
"/radon-mitigation-cost/texas/liberty-county","GONE_410","","modeled local cost surface retired"
"/radon-mitigation-cost/texas/limestone-county","GONE_410","","modeled local cost surface retired"
"/radon-mitigation-cost/texas/lipscomb-county","GONE_410","","modeled local cost surface retired"
"/radon-mitigation-cost/texas/live-oak-county","GONE_410","","modeled local cost surface retired"
"/radon-mitigation-cost/texas/llano-county","GONE_410","","modeled local cost surface retired"
"/radon-mitigation-cost/texas/loving-county","GONE_410","","modeled local cost surface retired"
"/radon-mitigation-cost/texas/lubbock-county","GONE_410","","modeled local cost surface retired"
"/radon-mitigation-cost/texas/lynn-county","GONE_410","","modeled local cost surface retired"
"/radon-mitigation-cost/texas/madison-county","GONE_410","","modeled local cost surface retired"
"/radon-mitigation-cost/texas/marion-county","GONE_410","","modeled local cost surface retired"
"/radon-mitigation-cost/texas/martin-county","GONE_410","","modeled local cost surface retired"
"/radon-mitigation-cost/texas/mason-county","GONE_410","","modeled local cost surface retired"
"/radon-mitigation-cost/texas/matagorda-county","GONE_410","","modeled local cost surface retired"
"/radon-mitigation-cost/texas/maverick-county","GONE_410","","modeled local cost surface retired"
"/radon-mitigation-cost/texas/mcculloch-county","GONE_410","","modeled local cost surface retired"
"/radon-mitigation-cost/texas/mclennan-county","GONE_410","","modeled local cost surface retired"
"/radon-mitigation-cost/texas/mcmullen-county","GONE_410","","modeled local cost surface retired"
"/radon-mitigation-cost/texas/medina-county","GONE_410","","modeled local cost surface retired"
"/radon-mitigation-cost/texas/menard-county","GONE_410","","modeled local cost surface retired"
"/radon-mitigation-cost/texas/midland-county","GONE_410","","modeled local cost surface retired"
"/radon-mitigation-cost/texas/milam-county","GONE_410","","modeled local cost surface retired"
"/radon-mitigation-cost/texas/mills-county","GONE_410","","modeled local cost surface retired"
"/radon-mitigation-cost/texas/mitchell-county","GONE_410","","modeled local cost surface retired"
"/radon-mitigation-cost/texas/montague-county","GONE_410","","modeled local cost surface retired"
"/radon-mitigation-cost/texas/montgomery-county","GONE_410","","modeled local cost surface retired"
"/radon-mitigation-cost/texas/moore-county","GONE_410","","modeled local cost surface retired"
"/radon-mitigation-cost/texas/morris-county","GONE_410","","modeled local cost surface retired"
"/radon-mitigation-cost/texas/motley-county","GONE_410","","modeled local cost surface retired"
"/radon-mitigation-cost/texas/nacogdoches-county","GONE_410","","modeled local cost surface retired"
"/radon-mitigation-cost/texas/navarro-county","GONE_410","","modeled local cost surface retired"
"/radon-mitigation-cost/texas/newton-county","GONE_410","","modeled local cost surface retired"
"/radon-mitigation-cost/texas/nolan-county","GONE_410","","modeled local cost surface retired"
"/radon-mitigation-cost/texas/nueces-county","GONE_410","","modeled local cost surface retired"
"/radon-mitigation-cost/texas/ochiltree-county","GONE_410","","modeled local cost surface retired"
"/radon-mitigation-cost/texas/oldham-county","GONE_410","","modeled local cost surface retired"
"/radon-mitigation-cost/texas/orange-county","GONE_410","","modeled local cost surface retired"
"/radon-mitigation-cost/texas/palo-pinto-county","GONE_410","","modeled local cost surface retired"
"/radon-mitigation-cost/texas/panola-county","GONE_410","","modeled local cost surface retired"
"/radon-mitigation-cost/texas/parker-county","GONE_410","","modeled local cost surface retired"
"/radon-mitigation-cost/texas/parmer-county","GONE_410","","modeled local cost surface retired"
"/radon-mitigation-cost/texas/pecos-county","GONE_410","","modeled local cost surface retired"
"/radon-mitigation-cost/texas/polk-county","GONE_410","","modeled local cost surface retired"
"/radon-mitigation-cost/texas/potter-county","GONE_410","","modeled local cost surface retired"
"/radon-mitigation-cost/texas/presidio-county","GONE_410","","modeled local cost surface retired"
"/radon-mitigation-cost/texas/rains-county","GONE_410","","modeled local cost surface retired"
"/radon-mitigation-cost/texas/randall-county","GONE_410","","modeled local cost surface retired"
"/radon-mitigation-cost/texas/reagan-county","GONE_410","","modeled local cost surface retired"
"/radon-mitigation-cost/texas/real-county","GONE_410","","modeled local cost surface retired"
"/radon-mitigation-cost/texas/red-river-county","GONE_410","","modeled local cost surface retired"
"/radon-mitigation-cost/texas/reeves-county","GONE_410","","modeled local cost surface retired"
"/radon-mitigation-cost/texas/refugio-county","GONE_410","","modeled local cost surface retired"
"/radon-mitigation-cost/texas/roberts-county","GONE_410","","modeled local cost surface retired"
"/radon-mitigation-cost/texas/robertson-county","GONE_410","","modeled local cost surface retired"
"/radon-mitigation-cost/texas/rockwall-county","GONE_410","","modeled local cost surface retired"
"/radon-mitigation-cost/texas/runnels-county","GONE_410","","modeled local cost surface retired"
"/radon-mitigation-cost/texas/rusk-county","GONE_410","","modeled local cost surface retired"
"/radon-mitigation-cost/texas/sabine-county","GONE_410","","modeled local cost surface retired"
"/radon-mitigation-cost/texas/san-augustine-county","GONE_410","","modeled local cost surface retired"
"/radon-mitigation-cost/texas/san-jacinto-county","GONE_410","","modeled local cost surface retired"
"/radon-mitigation-cost/texas/san-patricio-county","GONE_410","","modeled local cost surface retired"
"/radon-mitigation-cost/texas/san-saba-county","GONE_410","","modeled local cost surface retired"
"/radon-mitigation-cost/texas/schleicher-county","GONE_410","","modeled local cost surface retired"
"/radon-mitigation-cost/texas/scurry-county","GONE_410","","modeled local cost surface retired"
"/radon-mitigation-cost/texas/shackelford-county","GONE_410","","modeled local cost surface retired"
"/radon-mitigation-cost/texas/shelby-county","GONE_410","","modeled local cost surface retired"
"/radon-mitigation-cost/texas/sherman-county","GONE_410","","modeled local cost surface retired"
"/radon-mitigation-cost/texas/smith-county","GONE_410","","modeled local cost surface retired"
"/radon-mitigation-cost/texas/somervell-county","GONE_410","","modeled local cost surface retired"
"/radon-mitigation-cost/texas/starr-county","GONE_410","","modeled local cost surface retired"
"/radon-mitigation-cost/texas/stephens-county","GONE_410","","modeled local cost surface retired"
"/radon-mitigation-cost/texas/sterling-county","GONE_410","","modeled local cost surface retired"
"/radon-mitigation-cost/texas/stonewall-county","GONE_410","","modeled local cost surface retired"
"/radon-mitigation-cost/texas/sutton-county","GONE_410","","modeled local cost surface retired"
"/radon-mitigation-cost/texas/swisher-county","GONE_410","","modeled local cost surface retired"
"/radon-mitigation-cost/texas/tarrant-county","GONE_410","","modeled local cost surface retired"
"/radon-mitigation-cost/texas/taylor-county","GONE_410","","modeled local cost surface retired"
"/radon-mitigation-cost/texas/terrell-county","GONE_410","","modeled local cost surface retired"
"/radon-mitigation-cost/texas/terry-county","GONE_410","","modeled local cost surface retired"
"/radon-mitigation-cost/texas/throckmorton-county","GONE_410","","modeled local cost surface retired"
"/radon-mitigation-cost/texas/titus-county","GONE_410","","modeled local cost surface retired"
"/radon-mitigation-cost/texas/tom-green-county","GONE_410","","modeled local cost surface retired"
"/radon-mitigation-cost/texas/travis-county","GONE_410","","modeled local cost surface retired"
"/radon-mitigation-cost/texas/trinity-county","GONE_410","","modeled local cost surface retired"
"/radon-mitigation-cost/texas/tyler-county","GONE_410","","modeled local cost surface retired"
"/radon-mitigation-cost/texas/upshur-county","GONE_410","","modeled local cost surface retired"
"/radon-mitigation-cost/texas/upton-county","GONE_410","","modeled local cost surface retired"
"/radon-mitigation-cost/texas/uvalde-county","GONE_410","","modeled local cost surface retired"
"/radon-mitigation-cost/texas/val-verde-county","GONE_410","","modeled local cost surface retired"
"/radon-mitigation-cost/texas/van-zandt-county","GONE_410","","modeled local cost surface retired"
"/radon-mitigation-cost/texas/victoria-county","GONE_410","","modeled local cost surface retired"
"/radon-mitigation-cost/texas/walker-county","GONE_410","","modeled local cost surface retired"
"/radon-mitigation-cost/texas/waller-county","GONE_410","","modeled local cost surface retired"
"/radon-mitigation-cost/texas/ward-county","GONE_410","","modeled local cost surface retired"
"/radon-mitigation-cost/texas/washington-county","GONE_410","","modeled local cost surface retired"
"/radon-mitigation-cost/texas/webb-county","GONE_410","","modeled local cost surface retired"
"/radon-mitigation-cost/texas/wharton-county","GONE_410","","modeled local cost surface retired"
"/radon-mitigation-cost/texas/wheeler-county","GONE_410","","modeled local cost surface retired"
"/radon-mitigation-cost/texas/wichita-county","GONE_410","","modeled local cost surface retired"
"/radon-mitigation-cost/texas/wilbarger-county","GONE_410","","modeled local cost surface retired"
"/radon-mitigation-cost/texas/willacy-county","GONE_410","","modeled local cost surface retired"
"/radon-mitigation-cost/texas/williamson-county","GONE_410","","modeled local cost surface retired"
"/radon-mitigation-cost/texas/wilson-county","GONE_410","","modeled local cost surface retired"
"/radon-mitigation-cost/texas/winkler-county","GONE_410","","modeled local cost surface retired"
"/radon-mitigation-cost/texas/wise-county","GONE_410","","modeled local cost surface retired"
"/radon-mitigation-cost/texas/wood-county","GONE_410","","modeled local cost surface retired"
"/radon-mitigation-cost/texas/yoakum-county","GONE_410","","modeled local cost surface retired"
"/radon-mitigation-cost/texas/young-county","GONE_410","","modeled local cost surface retired"
"/radon-mitigation-cost/texas/zapata-county","GONE_410","","modeled local cost surface retired"
"/radon-mitigation-cost/texas/zavala-county","GONE_410","","modeled local cost surface retired"
"/radon-mitigation-cost/utah","GONE_410","","modeled state cost hub retired"
"/radon-mitigation-cost/utah/beaver-county","GONE_410","","modeled local cost surface retired"
"/radon-mitigation-cost/utah/box-elder-county","GONE_410","","modeled local cost surface retired"
"/radon-mitigation-cost/utah/cache-county","GONE_410","","modeled local cost surface retired"
"/radon-mitigation-cost/utah/carbon-county","GONE_410","","modeled local cost surface retired"
"/radon-mitigation-cost/utah/daggett-county","GONE_410","","modeled local cost surface retired"
"/radon-mitigation-cost/utah/davis-county","GONE_410","","modeled local cost surface retired"
"/radon-mitigation-cost/utah/duchesne-county","GONE_410","","modeled local cost surface retired"
"/radon-mitigation-cost/utah/emery-county","GONE_410","","modeled local cost surface retired"
"/radon-mitigation-cost/utah/garfield-county","GONE_410","","modeled local cost surface retired"
"/radon-mitigation-cost/utah/grand-county","GONE_410","","modeled local cost surface retired"
"/radon-mitigation-cost/utah/iron-county","GONE_410","","modeled local cost surface retired"
"/radon-mitigation-cost/utah/juab-county","GONE_410","","modeled local cost surface retired"
"/radon-mitigation-cost/utah/kane-county","GONE_410","","modeled local cost surface retired"
"/radon-mitigation-cost/utah/millard-county","GONE_410","","modeled local cost surface retired"
"/radon-mitigation-cost/utah/morgan-county","GONE_410","","modeled local cost surface retired"
"/radon-mitigation-cost/utah/piute-county","GONE_410","","modeled local cost surface retired"
"/radon-mitigation-cost/utah/rich-county","GONE_410","","modeled local cost surface retired"
"/radon-mitigation-cost/utah/salt-lake-county","GONE_410","","modeled local cost surface retired"
"/radon-mitigation-cost/utah/san-juan-county","GONE_410","","modeled local cost surface retired"
"/radon-mitigation-cost/utah/sanpete-county","GONE_410","","modeled local cost surface retired"
"/radon-mitigation-cost/utah/sevier-county","GONE_410","","modeled local cost surface retired"
"/radon-mitigation-cost/utah/summit-county","GONE_410","","modeled local cost surface retired"
"/radon-mitigation-cost/utah/tooele-county","GONE_410","","modeled local cost surface retired"
"/radon-mitigation-cost/utah/uintah-county","GONE_410","","modeled local cost surface retired"
"/radon-mitigation-cost/utah/utah-county","GONE_410","","modeled local cost surface retired"
"/radon-mitigation-cost/utah/wasatch-county","GONE_410","","modeled local cost surface retired"
"/radon-mitigation-cost/utah/washington-county","GONE_410","","modeled local cost surface retired"
"/radon-mitigation-cost/utah/wayne-county","GONE_410","","modeled local cost surface retired"
"/radon-mitigation-cost/utah/weber-county","GONE_410","","modeled local cost surface retired"
"/radon-mitigation-cost/vermont","GONE_410","","modeled state cost hub retired"
"/radon-mitigation-cost/vermont/addison-county","GONE_410","","modeled local cost surface retired"
"/radon-mitigation-cost/vermont/bennington-county","GONE_410","","modeled local cost surface retired"
"/radon-mitigation-cost/vermont/caledonia-county","GONE_410","","modeled local cost surface retired"
"/radon-mitigation-cost/vermont/chittenden-county","GONE_410","","modeled local cost surface retired"
"/radon-mitigation-cost/vermont/essex-county","GONE_410","","modeled local cost surface retired"
"/radon-mitigation-cost/vermont/franklin-county","GONE_410","","modeled local cost surface retired"
"/radon-mitigation-cost/vermont/grand-isle-county","GONE_410","","modeled local cost surface retired"
"/radon-mitigation-cost/vermont/lamoille-county","GONE_410","","modeled local cost surface retired"
"/radon-mitigation-cost/vermont/orange-county","GONE_410","","modeled local cost surface retired"
"/radon-mitigation-cost/vermont/orleans-county","GONE_410","","modeled local cost surface retired"
"/radon-mitigation-cost/vermont/rutland-county","GONE_410","","modeled local cost surface retired"
"/radon-mitigation-cost/vermont/washington-county","GONE_410","","modeled local cost surface retired"
"/radon-mitigation-cost/vermont/windham-county","GONE_410","","modeled local cost surface retired"
"/radon-mitigation-cost/vermont/windsor-county","GONE_410","","modeled local cost surface retired"
"/radon-mitigation-cost/virgin-islands","GONE_410","","modeled state cost hub retired"
"/radon-mitigation-cost/virgin-islands/st-croix-island","GONE_410","","modeled local cost surface retired"
"/radon-mitigation-cost/virgin-islands/st-john-island","GONE_410","","modeled local cost surface retired"
"/radon-mitigation-cost/virgin-islands/st-thomas-island","GONE_410","","modeled local cost surface retired"
"/radon-mitigation-cost/virginia","GONE_410","","modeled state cost hub retired"
"/radon-mitigation-cost/virginia/accomack-county","GONE_410","","modeled local cost surface retired"
"/radon-mitigation-cost/virginia/albemarle-county","GONE_410","","modeled local cost surface retired"
"/radon-mitigation-cost/virginia/alexandria-city","GONE_410","","modeled local cost surface retired"
"/radon-mitigation-cost/virginia/alleghany-county","GONE_410","","modeled local cost surface retired"
"/radon-mitigation-cost/virginia/amelia-county","GONE_410","","modeled local cost surface retired"
"/radon-mitigation-cost/virginia/amherst-county","GONE_410","","modeled local cost surface retired"
"/radon-mitigation-cost/virginia/appomattox-county","GONE_410","","modeled local cost surface retired"
"/radon-mitigation-cost/virginia/arlington-county","GONE_410","","modeled local cost surface retired"
"/radon-mitigation-cost/virginia/augusta-county","GONE_410","","modeled local cost surface retired"
"/radon-mitigation-cost/virginia/bath-county","GONE_410","","modeled local cost surface retired"
"/radon-mitigation-cost/virginia/bedford-city","GONE_410","","modeled local cost surface retired"
"/radon-mitigation-cost/virginia/bedford-county","GONE_410","","modeled local cost surface retired"
"/radon-mitigation-cost/virginia/bland-county","GONE_410","","modeled local cost surface retired"
"/radon-mitigation-cost/virginia/botetourt-county","GONE_410","","modeled local cost surface retired"
"/radon-mitigation-cost/virginia/bristol-city","GONE_410","","modeled local cost surface retired"
"/radon-mitigation-cost/virginia/brunswick-county","GONE_410","","modeled local cost surface retired"
"/radon-mitigation-cost/virginia/buchanan-county","GONE_410","","modeled local cost surface retired"
"/radon-mitigation-cost/virginia/buckingham-county","GONE_410","","modeled local cost surface retired"
"/radon-mitigation-cost/virginia/buena-vista-city","GONE_410","","modeled local cost surface retired"
"/radon-mitigation-cost/virginia/campbell-county","GONE_410","","modeled local cost surface retired"
"/radon-mitigation-cost/virginia/caroline-county","GONE_410","","modeled local cost surface retired"
"/radon-mitigation-cost/virginia/carroll-county","GONE_410","","modeled local cost surface retired"
"/radon-mitigation-cost/virginia/charles-city-county","GONE_410","","modeled local cost surface retired"
"/radon-mitigation-cost/virginia/charlotte-county","GONE_410","","modeled local cost surface retired"
"/radon-mitigation-cost/virginia/charlottesville-city","GONE_410","","modeled local cost surface retired"
"/radon-mitigation-cost/virginia/chesapeake-city","GONE_410","","modeled local cost surface retired"
"/radon-mitigation-cost/virginia/chesterfield-county","GONE_410","","modeled local cost surface retired"
"/radon-mitigation-cost/virginia/clarke-county","GONE_410","","modeled local cost surface retired"
"/radon-mitigation-cost/virginia/colonial-heights-city","GONE_410","","modeled local cost surface retired"
"/radon-mitigation-cost/virginia/covington-city","GONE_410","","modeled local cost surface retired"
"/radon-mitigation-cost/virginia/craig-county","GONE_410","","modeled local cost surface retired"
"/radon-mitigation-cost/virginia/culpeper-county","GONE_410","","modeled local cost surface retired"
"/radon-mitigation-cost/virginia/cumberland-county","GONE_410","","modeled local cost surface retired"
"/radon-mitigation-cost/virginia/danville-city","GONE_410","","modeled local cost surface retired"
"/radon-mitigation-cost/virginia/dickenson-county","GONE_410","","modeled local cost surface retired"
"/radon-mitigation-cost/virginia/dinwiddie-county","GONE_410","","modeled local cost surface retired"
"/radon-mitigation-cost/virginia/emporia-city","GONE_410","","modeled local cost surface retired"
"/radon-mitigation-cost/virginia/essex-county","GONE_410","","modeled local cost surface retired"
"/radon-mitigation-cost/virginia/fairfax-city","GONE_410","","modeled local cost surface retired"
"/radon-mitigation-cost/virginia/fairfax-county","GONE_410","","modeled local cost surface retired"
"/radon-mitigation-cost/virginia/falls-church-city","GONE_410","","modeled local cost surface retired"
"/radon-mitigation-cost/virginia/fauquier-county","GONE_410","","modeled local cost surface retired"
"/radon-mitigation-cost/virginia/floyd-county","GONE_410","","modeled local cost surface retired"
"/radon-mitigation-cost/virginia/fluvanna-county","GONE_410","","modeled local cost surface retired"
"/radon-mitigation-cost/virginia/franklin-city","GONE_410","","modeled local cost surface retired"
"/radon-mitigation-cost/virginia/franklin-county","GONE_410","","modeled local cost surface retired"
"/radon-mitigation-cost/virginia/frederick-county","GONE_410","","modeled local cost surface retired"
"/radon-mitigation-cost/virginia/fredericksburg-city","GONE_410","","modeled local cost surface retired"
"/radon-mitigation-cost/virginia/galax-city","GONE_410","","modeled local cost surface retired"
"/radon-mitigation-cost/virginia/giles-county","GONE_410","","modeled local cost surface retired"
"/radon-mitigation-cost/virginia/gloucester-county","GONE_410","","modeled local cost surface retired"
"/radon-mitigation-cost/virginia/goochland-county","GONE_410","","modeled local cost surface retired"
"/radon-mitigation-cost/virginia/grayson-county","GONE_410","","modeled local cost surface retired"
"/radon-mitigation-cost/virginia/greene-county","GONE_410","","modeled local cost surface retired"
"/radon-mitigation-cost/virginia/greensville-county","GONE_410","","modeled local cost surface retired"
"/radon-mitigation-cost/virginia/halifax-county","GONE_410","","modeled local cost surface retired"
"/radon-mitigation-cost/virginia/hampton-city","GONE_410","","modeled local cost surface retired"
"/radon-mitigation-cost/virginia/hanover-county","GONE_410","","modeled local cost surface retired"
"/radon-mitigation-cost/virginia/harrisonburg-city","GONE_410","","modeled local cost surface retired"
"/radon-mitigation-cost/virginia/henrico-county","GONE_410","","modeled local cost surface retired"
"/radon-mitigation-cost/virginia/henry-county","GONE_410","","modeled local cost surface retired"
"/radon-mitigation-cost/virginia/highland-county","GONE_410","","modeled local cost surface retired"
"/radon-mitigation-cost/virginia/hopewell-city","GONE_410","","modeled local cost surface retired"
"/radon-mitigation-cost/virginia/isle-of-wight-county","GONE_410","","modeled local cost surface retired"
"/radon-mitigation-cost/virginia/james-city-county","GONE_410","","modeled local cost surface retired"
"/radon-mitigation-cost/virginia/king-and-queen-county","GONE_410","","modeled local cost surface retired"
"/radon-mitigation-cost/virginia/king-george-county","GONE_410","","modeled local cost surface retired"
"/radon-mitigation-cost/virginia/king-william-county","GONE_410","","modeled local cost surface retired"
"/radon-mitigation-cost/virginia/lancaster-county","GONE_410","","modeled local cost surface retired"
"/radon-mitigation-cost/virginia/lee-county","GONE_410","","modeled local cost surface retired"
"/radon-mitigation-cost/virginia/lexington-city","GONE_410","","modeled local cost surface retired"
"/radon-mitigation-cost/virginia/loudoun-county","GONE_410","","modeled local cost surface retired"
"/radon-mitigation-cost/virginia/louisa-county","GONE_410","","modeled local cost surface retired"
"/radon-mitigation-cost/virginia/lunenburg-county","GONE_410","","modeled local cost surface retired"
"/radon-mitigation-cost/virginia/lynchburg-city","GONE_410","","modeled local cost surface retired"
"/radon-mitigation-cost/virginia/madison-county","GONE_410","","modeled local cost surface retired"
"/radon-mitigation-cost/virginia/manassas-city","GONE_410","","modeled local cost surface retired"
"/radon-mitigation-cost/virginia/manassas-park-city","GONE_410","","modeled local cost surface retired"
"/radon-mitigation-cost/virginia/martinsville-city","GONE_410","","modeled local cost surface retired"
"/radon-mitigation-cost/virginia/mathews-county","GONE_410","","modeled local cost surface retired"
"/radon-mitigation-cost/virginia/mecklenburg-county","GONE_410","","modeled local cost surface retired"
"/radon-mitigation-cost/virginia/middlesex-county","GONE_410","","modeled local cost surface retired"
"/radon-mitigation-cost/virginia/montgomery-county","GONE_410","","modeled local cost surface retired"
"/radon-mitigation-cost/virginia/nelson-county","GONE_410","","modeled local cost surface retired"
"/radon-mitigation-cost/virginia/new-kent-county","GONE_410","","modeled local cost surface retired"
"/radon-mitigation-cost/virginia/newport-news-city","GONE_410","","modeled local cost surface retired"
"/radon-mitigation-cost/virginia/norfolk-city","GONE_410","","modeled local cost surface retired"
"/radon-mitigation-cost/virginia/northampton-county","GONE_410","","modeled local cost surface retired"
"/radon-mitigation-cost/virginia/northumberland-county","GONE_410","","modeled local cost surface retired"
"/radon-mitigation-cost/virginia/norton-city","GONE_410","","modeled local cost surface retired"
"/radon-mitigation-cost/virginia/nottoway-county","GONE_410","","modeled local cost surface retired"
"/radon-mitigation-cost/virginia/orange-county","GONE_410","","modeled local cost surface retired"
"/radon-mitigation-cost/virginia/page-county","GONE_410","","modeled local cost surface retired"
"/radon-mitigation-cost/virginia/patrick-county","GONE_410","","modeled local cost surface retired"
"/radon-mitigation-cost/virginia/petersburg-city","GONE_410","","modeled local cost surface retired"
"/radon-mitigation-cost/virginia/pittsylvania-county","GONE_410","","modeled local cost surface retired"
"/radon-mitigation-cost/virginia/poquoson-city","GONE_410","","modeled local cost surface retired"
"/radon-mitigation-cost/virginia/portsmouth-city","GONE_410","","modeled local cost surface retired"
"/radon-mitigation-cost/virginia/powhatan-county","GONE_410","","modeled local cost surface retired"
"/radon-mitigation-cost/virginia/prince-edward-county","GONE_410","","modeled local cost surface retired"
"/radon-mitigation-cost/virginia/prince-george-county","GONE_410","","modeled local cost surface retired"
"/radon-mitigation-cost/virginia/prince-william-county","GONE_410","","modeled local cost surface retired"
"/radon-mitigation-cost/virginia/pulaski-county","GONE_410","","modeled local cost surface retired"
"/radon-mitigation-cost/virginia/radford-city","GONE_410","","modeled local cost surface retired"
"/radon-mitigation-cost/virginia/rappahannock-county","GONE_410","","modeled local cost surface retired"
"/radon-mitigation-cost/virginia/richmond-city","GONE_410","","modeled local cost surface retired"
"/radon-mitigation-cost/virginia/richmond-county","GONE_410","","modeled local cost surface retired"
"/radon-mitigation-cost/virginia/roanoke-city","GONE_410","","modeled local cost surface retired"
"/radon-mitigation-cost/virginia/roanoke-county","GONE_410","","modeled local cost surface retired"
"/radon-mitigation-cost/virginia/rockbridge-county","GONE_410","","modeled local cost surface retired"
"/radon-mitigation-cost/virginia/rockingham-county","GONE_410","","modeled local cost surface retired"
"/radon-mitigation-cost/virginia/russell-county","GONE_410","","modeled local cost surface retired"
"/radon-mitigation-cost/virginia/salem-city","GONE_410","","modeled local cost surface retired"
"/radon-mitigation-cost/virginia/scott-county","GONE_410","","modeled local cost surface retired"
"/radon-mitigation-cost/virginia/shenandoah-county","GONE_410","","modeled local cost surface retired"
"/radon-mitigation-cost/virginia/smyth-county","GONE_410","","modeled local cost surface retired"
"/radon-mitigation-cost/virginia/southampton-county","GONE_410","","modeled local cost surface retired"
"/radon-mitigation-cost/virginia/spotsylvania-county","GONE_410","","modeled local cost surface retired"
"/radon-mitigation-cost/virginia/stafford-county","GONE_410","","modeled local cost surface retired"
"/radon-mitigation-cost/virginia/staunton-city","GONE_410","","modeled local cost surface retired"
"/radon-mitigation-cost/virginia/suffolk-city","GONE_410","","modeled local cost surface retired"
"/radon-mitigation-cost/virginia/surry-county","GONE_410","","modeled local cost surface retired"
"/radon-mitigation-cost/virginia/sussex-county","GONE_410","","modeled local cost surface retired"
"/radon-mitigation-cost/virginia/tazewell-county","GONE_410","","modeled local cost surface retired"
"/radon-mitigation-cost/virginia/virginia-beach-city","GONE_410","","modeled local cost surface retired"
"/radon-mitigation-cost/virginia/warren-county","GONE_410","","modeled local cost surface retired"
"/radon-mitigation-cost/virginia/washington-county","GONE_410","","modeled local cost surface retired"
"/radon-mitigation-cost/virginia/waynesboro-city","GONE_410","","modeled local cost surface retired"
"/radon-mitigation-cost/virginia/westmoreland-county","GONE_410","","modeled local cost surface retired"
"/radon-mitigation-cost/virginia/williamsburg-city","GONE_410","","modeled local cost surface retired"
"/radon-mitigation-cost/virginia/winchester-city","GONE_410","","modeled local cost surface retired"
"/radon-mitigation-cost/virginia/wise-county","GONE_410","","modeled local cost surface retired"
"/radon-mitigation-cost/virginia/wythe-county","GONE_410","","modeled local cost surface retired"
"/radon-mitigation-cost/virginia/york-county","GONE_410","","modeled local cost surface retired"
"/radon-mitigation-cost/washington","GONE_410","","modeled state cost hub retired"
"/radon-mitigation-cost/washington/adams-county","GONE_410","","modeled local cost surface retired"
"/radon-mitigation-cost/washington/asotin-county","GONE_410","","modeled local cost surface retired"
"/radon-mitigation-cost/washington/benton-county","GONE_410","","modeled local cost surface retired"
"/radon-mitigation-cost/washington/chelan-county","GONE_410","","modeled local cost surface retired"
"/radon-mitigation-cost/washington/clallam-county","GONE_410","","modeled local cost surface retired"
"/radon-mitigation-cost/washington/clark-county","GONE_410","","modeled local cost surface retired"
"/radon-mitigation-cost/washington/columbia-county","GONE_410","","modeled local cost surface retired"
"/radon-mitigation-cost/washington/cowlitz-county","GONE_410","","modeled local cost surface retired"
"/radon-mitigation-cost/washington/douglas-county","GONE_410","","modeled local cost surface retired"
"/radon-mitigation-cost/washington/ferry-county","GONE_410","","modeled local cost surface retired"
"/radon-mitigation-cost/washington/franklin-county","GONE_410","","modeled local cost surface retired"
"/radon-mitigation-cost/washington/garfield-county","GONE_410","","modeled local cost surface retired"
"/radon-mitigation-cost/washington/grant-county","GONE_410","","modeled local cost surface retired"
"/radon-mitigation-cost/washington/grays-harbor-county","GONE_410","","modeled local cost surface retired"
"/radon-mitigation-cost/washington/island-county","GONE_410","","modeled local cost surface retired"
"/radon-mitigation-cost/washington/jefferson-county","GONE_410","","modeled local cost surface retired"
"/radon-mitigation-cost/washington/king-county","GONE_410","","modeled local cost surface retired"
"/radon-mitigation-cost/washington/kitsap-county","GONE_410","","modeled local cost surface retired"
"/radon-mitigation-cost/washington/kittitas-county","GONE_410","","modeled local cost surface retired"
"/radon-mitigation-cost/washington/klickitat-county","GONE_410","","modeled local cost surface retired"
"/radon-mitigation-cost/washington/lewis-county","GONE_410","","modeled local cost surface retired"
"/radon-mitigation-cost/washington/lincoln-county","GONE_410","","modeled local cost surface retired"
"/radon-mitigation-cost/washington/mason-county","GONE_410","","modeled local cost surface retired"
"/radon-mitigation-cost/washington/okanogan-county","GONE_410","","modeled local cost surface retired"
"/radon-mitigation-cost/washington/pacific-county","GONE_410","","modeled local cost surface retired"
"/radon-mitigation-cost/washington/pend-oreille-county","GONE_410","","modeled local cost surface retired"
"/radon-mitigation-cost/washington/pierce-county","GONE_410","","modeled local cost surface retired"
"/radon-mitigation-cost/washington/san-juan-county","GONE_410","","modeled local cost surface retired"
"/radon-mitigation-cost/washington/skagit-county","GONE_410","","modeled local cost surface retired"
"/radon-mitigation-cost/washington/skamania-county","GONE_410","","modeled local cost surface retired"
"/radon-mitigation-cost/washington/snohomish-county","GONE_410","","modeled local cost surface retired"
"/radon-mitigation-cost/washington/spokane-county","GONE_410","","modeled local cost surface retired"
"/radon-mitigation-cost/washington/stevens-county","GONE_410","","modeled local cost surface retired"
"/radon-mitigation-cost/washington/thurston-county","GONE_410","","modeled local cost surface retired"
"/radon-mitigation-cost/washington/wahkiakum-county","GONE_410","","modeled local cost surface retired"
"/radon-mitigation-cost/washington/walla-walla-county","GONE_410","","modeled local cost surface retired"
"/radon-mitigation-cost/washington/whatcom-county","GONE_410","","modeled local cost surface retired"
"/radon-mitigation-cost/washington/whitman-county","GONE_410","","modeled local cost surface retired"
"/radon-mitigation-cost/washington/yakima-county","GONE_410","","modeled local cost surface retired"
"/radon-mitigation-cost/west-virginia","GONE_410","","modeled state cost hub retired"
"/radon-mitigation-cost/west-virginia/barbour-county","GONE_410","","modeled local cost surface retired"
"/radon-mitigation-cost/west-virginia/berkeley-county","GONE_410","","modeled local cost surface retired"
"/radon-mitigation-cost/west-virginia/boone-county","GONE_410","","modeled local cost surface retired"
"/radon-mitigation-cost/west-virginia/braxton-county","GONE_410","","modeled local cost surface retired"
"/radon-mitigation-cost/west-virginia/brooke-county","GONE_410","","modeled local cost surface retired"
"/radon-mitigation-cost/west-virginia/cabell-county","GONE_410","","modeled local cost surface retired"
"/radon-mitigation-cost/west-virginia/calhoun-county","GONE_410","","modeled local cost surface retired"
"/radon-mitigation-cost/west-virginia/clay-county","GONE_410","","modeled local cost surface retired"
"/radon-mitigation-cost/west-virginia/doddridge-county","GONE_410","","modeled local cost surface retired"
"/radon-mitigation-cost/west-virginia/fayette-county","GONE_410","","modeled local cost surface retired"
"/radon-mitigation-cost/west-virginia/gilmer-county","GONE_410","","modeled local cost surface retired"
"/radon-mitigation-cost/west-virginia/grant-county","GONE_410","","modeled local cost surface retired"
"/radon-mitigation-cost/west-virginia/greenbrier-county","GONE_410","","modeled local cost surface retired"
"/radon-mitigation-cost/west-virginia/hampshire-county","GONE_410","","modeled local cost surface retired"
"/radon-mitigation-cost/west-virginia/hancock-county","GONE_410","","modeled local cost surface retired"
"/radon-mitigation-cost/west-virginia/hardy-county","GONE_410","","modeled local cost surface retired"
"/radon-mitigation-cost/west-virginia/harrison-county","GONE_410","","modeled local cost surface retired"
"/radon-mitigation-cost/west-virginia/jackson-county","GONE_410","","modeled local cost surface retired"
"/radon-mitigation-cost/west-virginia/jefferson-county","GONE_410","","modeled local cost surface retired"
"/radon-mitigation-cost/west-virginia/kanawha-county","GONE_410","","modeled local cost surface retired"
"/radon-mitigation-cost/west-virginia/lewis-county","GONE_410","","modeled local cost surface retired"
"/radon-mitigation-cost/west-virginia/lincoln-county","GONE_410","","modeled local cost surface retired"
"/radon-mitigation-cost/west-virginia/logan-county","GONE_410","","modeled local cost surface retired"
"/radon-mitigation-cost/west-virginia/marion-county","GONE_410","","modeled local cost surface retired"
"/radon-mitigation-cost/west-virginia/marshall-county","GONE_410","","modeled local cost surface retired"
"/radon-mitigation-cost/west-virginia/mason-county","GONE_410","","modeled local cost surface retired"
"/radon-mitigation-cost/west-virginia/mcdowell-county","GONE_410","","modeled local cost surface retired"
"/radon-mitigation-cost/west-virginia/mercer-county","GONE_410","","modeled local cost surface retired"
"/radon-mitigation-cost/west-virginia/mineral-county","GONE_410","","modeled local cost surface retired"
"/radon-mitigation-cost/west-virginia/mingo-county","GONE_410","","modeled local cost surface retired"
"/radon-mitigation-cost/west-virginia/monongalia-county","GONE_410","","modeled local cost surface retired"
"/radon-mitigation-cost/west-virginia/monroe-county","GONE_410","","modeled local cost surface retired"
"/radon-mitigation-cost/west-virginia/morgan-county","GONE_410","","modeled local cost surface retired"
"/radon-mitigation-cost/west-virginia/nicholas-county","GONE_410","","modeled local cost surface retired"
"/radon-mitigation-cost/west-virginia/ohio-county","GONE_410","","modeled local cost surface retired"
"/radon-mitigation-cost/west-virginia/pendleton-county","GONE_410","","modeled local cost surface retired"
"/radon-mitigation-cost/west-virginia/pleasants-county","GONE_410","","modeled local cost surface retired"
"/radon-mitigation-cost/west-virginia/pocahontas-county","GONE_410","","modeled local cost surface retired"
"/radon-mitigation-cost/west-virginia/preston-county","GONE_410","","modeled local cost surface retired"
"/radon-mitigation-cost/west-virginia/putnam-county","GONE_410","","modeled local cost surface retired"
"/radon-mitigation-cost/west-virginia/raleigh-county","GONE_410","","modeled local cost surface retired"
"/radon-mitigation-cost/west-virginia/randolph-county","GONE_410","","modeled local cost surface retired"
"/radon-mitigation-cost/west-virginia/ritchie-county","GONE_410","","modeled local cost surface retired"
"/radon-mitigation-cost/west-virginia/roane-county","GONE_410","","modeled local cost surface retired"
"/radon-mitigation-cost/west-virginia/summers-county","GONE_410","","modeled local cost surface retired"
"/radon-mitigation-cost/west-virginia/taylor-county","GONE_410","","modeled local cost surface retired"
"/radon-mitigation-cost/west-virginia/tucker-county","GONE_410","","modeled local cost surface retired"
"/radon-mitigation-cost/west-virginia/tyler-county","GONE_410","","modeled local cost surface retired"
"/radon-mitigation-cost/west-virginia/upshur-county","GONE_410","","modeled local cost surface retired"
"/radon-mitigation-cost/west-virginia/wayne-county","GONE_410","","modeled local cost surface retired"
"/radon-mitigation-cost/west-virginia/webster-county","GONE_410","","modeled local cost surface retired"
"/radon-mitigation-cost/west-virginia/wetzel-county","GONE_410","","modeled local cost surface retired"
"/radon-mitigation-cost/west-virginia/wirt-county","GONE_410","","modeled local cost surface retired"
"/radon-mitigation-cost/west-virginia/wood-county","GONE_410","","modeled local cost surface retired"
"/radon-mitigation-cost/west-virginia/wyoming-county","GONE_410","","modeled local cost surface retired"
"/radon-mitigation-cost/wisconsin","GONE_410","","modeled state cost hub retired"
"/radon-mitigation-cost/wisconsin/adams-county","GONE_410","","modeled local cost surface retired"
"/radon-mitigation-cost/wisconsin/ashland-county","GONE_410","","modeled local cost surface retired"
"/radon-mitigation-cost/wisconsin/barron-county","GONE_410","","modeled local cost surface retired"
"/radon-mitigation-cost/wisconsin/bayfield-county","GONE_410","","modeled local cost surface retired"
"/radon-mitigation-cost/wisconsin/brown-county","GONE_410","","modeled local cost surface retired"
"/radon-mitigation-cost/wisconsin/buffalo-county","GONE_410","","modeled local cost surface retired"
"/radon-mitigation-cost/wisconsin/burnett-county","GONE_410","","modeled local cost surface retired"
"/radon-mitigation-cost/wisconsin/calumet-county","GONE_410","","modeled local cost surface retired"
"/radon-mitigation-cost/wisconsin/chippewa-county","GONE_410","","modeled local cost surface retired"
"/radon-mitigation-cost/wisconsin/clark-county","GONE_410","","modeled local cost surface retired"
"/radon-mitigation-cost/wisconsin/columbia-county","GONE_410","","modeled local cost surface retired"
"/radon-mitigation-cost/wisconsin/crawford-county","GONE_410","","modeled local cost surface retired"
"/radon-mitigation-cost/wisconsin/dane-county","GONE_410","","modeled local cost surface retired"
"/radon-mitigation-cost/wisconsin/dodge-county","GONE_410","","modeled local cost surface retired"
"/radon-mitigation-cost/wisconsin/door-county","GONE_410","","modeled local cost surface retired"
"/radon-mitigation-cost/wisconsin/douglas-county","GONE_410","","modeled local cost surface retired"
"/radon-mitigation-cost/wisconsin/dunn-county","GONE_410","","modeled local cost surface retired"
"/radon-mitigation-cost/wisconsin/eau-claire-county","GONE_410","","modeled local cost surface retired"
"/radon-mitigation-cost/wisconsin/florence-county","GONE_410","","modeled local cost surface retired"
"/radon-mitigation-cost/wisconsin/fond-du-lac-county","GONE_410","","modeled local cost surface retired"
"/radon-mitigation-cost/wisconsin/forest-county","GONE_410","","modeled local cost surface retired"
"/radon-mitigation-cost/wisconsin/grant-county","GONE_410","","modeled local cost surface retired"
"/radon-mitigation-cost/wisconsin/green-county","GONE_410","","modeled local cost surface retired"
"/radon-mitigation-cost/wisconsin/green-lake-county","GONE_410","","modeled local cost surface retired"
"/radon-mitigation-cost/wisconsin/iowa-county","GONE_410","","modeled local cost surface retired"
"/radon-mitigation-cost/wisconsin/iron-county","GONE_410","","modeled local cost surface retired"
"/radon-mitigation-cost/wisconsin/jackson-county","GONE_410","","modeled local cost surface retired"
"/radon-mitigation-cost/wisconsin/jefferson-county","GONE_410","","modeled local cost surface retired"
"/radon-mitigation-cost/wisconsin/juneau-county","GONE_410","","modeled local cost surface retired"
"/radon-mitigation-cost/wisconsin/kenosha-county","GONE_410","","modeled local cost surface retired"
"/radon-mitigation-cost/wisconsin/kewaunee-county","GONE_410","","modeled local cost surface retired"
"/radon-mitigation-cost/wisconsin/la-crosse-county","GONE_410","","modeled local cost surface retired"
"/radon-mitigation-cost/wisconsin/lafayette-county","GONE_410","","modeled local cost surface retired"
"/radon-mitigation-cost/wisconsin/langlade-county","GONE_410","","modeled local cost surface retired"
"/radon-mitigation-cost/wisconsin/lincoln-county","GONE_410","","modeled local cost surface retired"
"/radon-mitigation-cost/wisconsin/manitowoc-county","GONE_410","","modeled local cost surface retired"
"/radon-mitigation-cost/wisconsin/marathon-county","GONE_410","","modeled local cost surface retired"
"/radon-mitigation-cost/wisconsin/marinette-county","GONE_410","","modeled local cost surface retired"
"/radon-mitigation-cost/wisconsin/marquette-county","GONE_410","","modeled local cost surface retired"
"/radon-mitigation-cost/wisconsin/menominee-county","GONE_410","","modeled local cost surface retired"
"/radon-mitigation-cost/wisconsin/milwaukee-county","GONE_410","","modeled local cost surface retired"
"/radon-mitigation-cost/wisconsin/monroe-county","GONE_410","","modeled local cost surface retired"
"/radon-mitigation-cost/wisconsin/oconto-county","GONE_410","","modeled local cost surface retired"
"/radon-mitigation-cost/wisconsin/oneida-county","GONE_410","","modeled local cost surface retired"
"/radon-mitigation-cost/wisconsin/outagamie-county","GONE_410","","modeled local cost surface retired"
"/radon-mitigation-cost/wisconsin/ozaukee-county","GONE_410","","modeled local cost surface retired"
"/radon-mitigation-cost/wisconsin/pepin-county","GONE_410","","modeled local cost surface retired"
"/radon-mitigation-cost/wisconsin/pierce-county","GONE_410","","modeled local cost surface retired"
"/radon-mitigation-cost/wisconsin/polk-county","GONE_410","","modeled local cost surface retired"
"/radon-mitigation-cost/wisconsin/portage-county","GONE_410","","modeled local cost surface retired"
"/radon-mitigation-cost/wisconsin/price-county","GONE_410","","modeled local cost surface retired"
"/radon-mitigation-cost/wisconsin/racine-county","GONE_410","","modeled local cost surface retired"
"/radon-mitigation-cost/wisconsin/richland-county","GONE_410","","modeled local cost surface retired"
"/radon-mitigation-cost/wisconsin/rock-county","GONE_410","","modeled local cost surface retired"
"/radon-mitigation-cost/wisconsin/rusk-county","GONE_410","","modeled local cost surface retired"
"/radon-mitigation-cost/wisconsin/sauk-county","GONE_410","","modeled local cost surface retired"
"/radon-mitigation-cost/wisconsin/sawyer-county","GONE_410","","modeled local cost surface retired"
"/radon-mitigation-cost/wisconsin/shawano-county","GONE_410","","modeled local cost surface retired"
"/radon-mitigation-cost/wisconsin/sheboygan-county","GONE_410","","modeled local cost surface retired"
"/radon-mitigation-cost/wisconsin/st-croix-county","GONE_410","","modeled local cost surface retired"
"/radon-mitigation-cost/wisconsin/taylor-county","GONE_410","","modeled local cost surface retired"
"/radon-mitigation-cost/wisconsin/trempealeau-county","GONE_410","","modeled local cost surface retired"
"/radon-mitigation-cost/wisconsin/vernon-county","GONE_410","","modeled local cost surface retired"
"/radon-mitigation-cost/wisconsin/vilas-county","GONE_410","","modeled local cost surface retired"
"/radon-mitigation-cost/wisconsin/walworth-county","GONE_410","","modeled local cost surface retired"
"/radon-mitigation-cost/wisconsin/washburn-county","GONE_410","","modeled local cost surface retired"
"/radon-mitigation-cost/wisconsin/washington-county","GONE_410","","modeled local cost surface retired"
"/radon-mitigation-cost/wisconsin/waukesha-county","GONE_410","","modeled local cost surface retired"
"/radon-mitigation-cost/wisconsin/waupaca-county","GONE_410","","modeled local cost surface retired"
"/radon-mitigation-cost/wisconsin/waushara-county","GONE_410","","modeled local cost surface retired"
"/radon-mitigation-cost/wisconsin/winnebago-county","GONE_410","","modeled local cost surface retired"
"/radon-mitigation-cost/wisconsin/wood-county","GONE_410","","modeled local cost surface retired"
"/radon-mitigation-cost/wyoming","GONE_410","","modeled state cost hub retired"
"/radon-mitigation-cost/wyoming/albany-county","GONE_410","","modeled local cost surface retired"
"/radon-mitigation-cost/wyoming/big-horn-county","GONE_410","","modeled local cost surface retired"
"/radon-mitigation-cost/wyoming/campbell-county","GONE_410","","modeled local cost surface retired"
"/radon-mitigation-cost/wyoming/carbon-county","GONE_410","","modeled local cost surface retired"
"/radon-mitigation-cost/wyoming/converse-county","GONE_410","","modeled local cost surface retired"
"/radon-mitigation-cost/wyoming/crook-county","GONE_410","","modeled local cost surface retired"
"/radon-mitigation-cost/wyoming/fremont-county","GONE_410","","modeled local cost surface retired"
"/radon-mitigation-cost/wyoming/goshen-county","GONE_410","","modeled local cost surface retired"
"/radon-mitigation-cost/wyoming/hot-springs-county","GONE_410","","modeled local cost surface retired"
"/radon-mitigation-cost/wyoming/johnson-county","GONE_410","","modeled local cost surface retired"
"/radon-mitigation-cost/wyoming/laramie-county","GONE_410","","modeled local cost surface retired"
"/radon-mitigation-cost/wyoming/lincoln-county","GONE_410","","modeled local cost surface retired"
"/radon-mitigation-cost/wyoming/natrona-county","GONE_410","","modeled local cost surface retired"
"/radon-mitigation-cost/wyoming/niobrara-county","GONE_410","","modeled local cost surface retired"
"/radon-mitigation-cost/wyoming/park-county","GONE_410","","modeled local cost surface retired"
"/radon-mitigation-cost/wyoming/platte-county","GONE_410","","modeled local cost surface retired"
"/radon-mitigation-cost/wyoming/sheridan-county","GONE_410","","modeled local cost surface retired"
"/radon-mitigation-cost/wyoming/sublette-county","GONE_410","","modeled local cost surface retired"
"/radon-mitigation-cost/wyoming/sweetwater-county","GONE_410","","modeled local cost surface retired"
"/radon-mitigation-cost/wyoming/teton-county","GONE_410","","modeled local cost surface retired"
"/radon-mitigation-cost/wyoming/uinta-county","GONE_410","","modeled local cost surface retired"
"/radon-mitigation-cost/wyoming/washakie-county","GONE_410","","modeled local cost surface retired"
"/radon-mitigation-cost/wyoming/weston-county","GONE_410","","modeled local cost surface retired"
